epoch,learning_rate,validation_loss_Temperature
0.0,0.0015848932089284062,0.004906256217509508
1.0,0.0015683840028941631,0.0035203115548938513
2.0,0.0015520467422902584,0.0030458474066108465
3.0,0.0015358797973021865,0.0033669876866042614
4.0,0.0015198810724541545,0.003394569968804717
5.0,0.0015040490543469787,0.0029636037070304155
6.0,0.0014883819967508316,0.003077665576711297
7.0,0.001472878153435886,0.002511755796149373
8.0,0.0014575357781723142,0.0032118840608745813
9.0,0.0014423532411456108,0.0036473057698458433
10.0,0.0014273286797106266,0.0028291267808526754
11.0,0.0014124608132988214,0.0022434829734265804
12.0,0.0013977477792650461,0.0022370717488229275
13.0,0.0013831880642101169,0.0018494360847398639
14.0,0.0013687798054888844,0.0017542144050821662
15.0,0.0013545218389481306,0.0017950161127373576
16.0,0.001340412301942706,0.0017670984379947186
17.0,0.001326449797488749,0.0019475879380479455
18.0,0.0013126326957717538,0.0018544199410825968
19.0,0.0012989594833925366,0.0016087674302980304
20.0,0.0012854287633672357,0.0015796876978129148
21.0,0.0012720389058813453,0.001569389016367495
22.0,0.0012587886303663254,0.001575356349349022
23.0,0.0012456763070076704,0.0015165096847340465
24.0,0.0012327005388215184,0.0014310418628156185
25.0,0.0012198600452393293,0.0035806738305836916
26.0,0.0012071531964465976,0.0015377330128103495
27.0,0.0011945788282901049,0.0016847772058099508
28.0,0.0011821354273706675,0.00144303182605654
29.0,0.0011698215967044234,0.0014751394046470523
30.0,0.0011576359393075109,0.0014544621808454394
31.0,0.0011455774074420333,0.0014537422684952617
32.0,0.0011336442548781633,0.0019808521028608084
33.0,0.0011218355502933264,0.0013285826425999403
34.0,0.0011101498967036605,0.0013273011427372694
35.0,0.0010985858971253037,0.0013571822782978415
36.0,0.0010871423874050379,0.0014269388047978282
37.0,0.001075817970559001,0.002136452589184046
38.0,0.0010646117152646184,0.001359066809527576
39.0,0.0010535219917073846,0.0016229513566941023
40.0,0.001042547868564725,0.0012907258933410048
41.0,0.0010316881816834211,0.0014130048220977187
42.0,0.0010209414176642895,0.0016432395204901695
43.0,0.0010103066451847553,0.0021224329248070717
44.0,0.0009997827000916004,0.002454878995195031
45.0,0.0009893683018162847,0.0013915685703977942
46.0,0.0009790625190362334,0.0014911881880834699
47.0,0.0009688640129752457,0.0014589601196348667
48.0,0.0009587717358954251,0.0012078002328053117
49.0,0.0009487845818512142,0.0013318146811798215
50.0,0.0009389015031047165,0.0012047288473695517
51.0,0.0009291213355027139,0.0014570903731510043
52.0,0.0009194430313073099,0.0012648907722905278
53.0,0.0009098656009882689,0.0012483481550589204
54.0,0.0009003878221847117,0.0012191536370664835
55.0,0.0008910088217817247,0.002684570150449872
56.0,0.0008817275520414114,0.0013015143340453506
57.0,0.0008725430234335363,0.0013777996646240354
58.0,0.0008634540718048811,0.0012968747178092599
59.0,0.0008544597658328712,0.0013356180861592293
60.0,0.0008455592324025929,0.0012954437406733632
61.0,0.0008367513655684888,0.001149138086475432
62.0,0.0008280352340079844,0.001163002336397767
63.0,0.0008194099646061659,0.0031925574876368046
64.0,0.0008108744514174759,0.0016533894231542945
65.0,0.0008024278795346618,0.0015750834718346596
66.0,0.0007940693758428097,0.0012210458517074585
67.0,0.0007857978343963623,0.0015447244513779879
68.0,0.0007776124984957278,0.0015713488683104515
69.0,0.0007695124368183315,0.0012893405510112643
70.0,0.0007614967180415988,0.0012099340092390776
71.0,0.000753564469050616,0.0012203038204461336
72.0,0.0007457149331457913,0.0011472479673102498
73.0,0.0007379470625892282,0.0010923942318186164
74.0,0.0007302602170966566,0.0010989701841026545
75.0,0.000722653407137841,0.001210424117743969
76.0,0.0007151258178055286,0.0011026366846635938
77.0,0.0007076765759848058,0.0011310538975521922
78.0,0.0007003049831837416,0.0010888561373576522
79.0,0.0006930102244950831,0.0014160071732476354
80.0,0.0006857913685962558,0.0011914785718545318
81.0,0.0006786477752029896,0.0011157363187521696
82.0,0.0006715785712003708,0.0011754779843613505
83.0,0.0006645829998888075,0.001057454152032733
84.0,0.0006576603627763689,0.001241251709870994
85.0,0.0006508097285404801,0.0012306671123951674
86.0,0.0006440305151045322,0.001202612416818738
87.0,0.0006373218493536115,0.001058865454979241
88.0,0.0006306831492111087,0.0011884680716320872
89.0,0.0006241135997697711,0.0010326422052457929
90.0,0.0006176124443300068,0.001153932185843587
91.0,0.0006111790426075459,0.0012456848053261638
92.0,0.0006048126379027963,0.0012596544111147523
93.0,0.0005985125317238271,0.0015595146687701344
94.0,0.0005922780255787075,0.0013520602369681
95.0,0.0005861085373908281,0.0012393031502142549
96.0,0.0005800032522529364,0.0011660878080874681
97.0,0.000573961588088423,0.001068582758307457
98.0,0.000567982904613018,0.0038173068314790726
99.0,0.0005620663869194686,0.0032924567349255085
100.0,0.0005562116275541484,0.002651599235832691
101.0,0.0005504177534021437,0.0018704147078096867
102.0,0.0005446842988021672,0.0015432676300406456
103.0,0.0005390105070546269,0.001370114739984274
104.0,0.0005333958542905748,0.0011652749963104725
105.0,0.0005278397002257407,0.0010910299606621265
106.0,0.0005223413463681936,0.0010573262115940452
107.0,0.0005169003852643073,0.0009927218779921532
108.0,0.0005115160020068288,0.0009978619636967778
109.0,0.0005061877309344709,0.0009503683540970087
110.0,0.0005009149899706244,0.0009456858970224857
111.0,0.0004956971970386803,0.0009366091107949615
112.0,0.0004905337118543684,0.0009805698646232486
113.0,0.0004854240105487406,0.0009470555814914405
114.0,0.0004803675692528486,0.0009179986664094031
115.0,0.0004753637476824224,0.0009099681046791375
116.0,0.0004704120510723442,0.0009229014976881444
117.0,0.00046551195555366576,0.0009396321256645024
118.0,0.0004606629372574389,0.000941949081607163
119.0,0.000455864385003224,0.0011791348224505782
120.0,0.00045111580402590334,0.0009233966702595353
121.0,0.0004464167286641896,0.0009394134394824505
122.0,0.0004417665477376431,0.0008978385594673455
123.0,0.00043716488289646804,0.0008947245078161359
124.0,0.0004326110938563943,0.001008071587421
125.0,0.00042810477316379547,0.0009469158248975873
126.0,0.0004236453678458929,0.0009564991341903806
127.0,0.00041923238313756883,0.000937212782446295
128.0,0.00041486541158519685,0.0008917325176298618
129.0,0.00041054398752748966,0.0008903422858566046
130.0,0.0004062674706801772,0.0008654107805341482
131.0,0.000402035511797294,0.000998975709080696
132.0,0.00039784767432138324,0.0008632614626549184
133.0,0.00039370349259115756,0.0009703782852739096
134.0,0.0003896024136338383,0.0008819790091365576
135.0,0.0003855440590996295,0.0009192528086714447
136.0,0.0003815280506387353,0.0018911317456513643
137.0,0.0003775538061745465,0.0008879345841705799
138.0,0.0003736209764610976,0.0010036635212600231
139.0,0.00036972909583710134,0.0008751627174206078
140.0,0.0003658778150565922,0.000995916547253728
141.0,0.0003620665811467916,0.0008592212689109147
142.0,0.00035829507396556437,0.0008314408478327096
143.0,0.00035456291516311467,0.000966307648923248
144.0,0.00035086952266283333,0.0008602737216278911
145.0,0.0003472146636340767,0.001257987809367478
146.0,0.00034359784331172705,0.000811354024335742
147.0,0.00034001877065747976,0.0010783197358250618
148.0,0.0003364768926985562,0.0008065257570706308
149.0,0.00033297191839665174,0.0008146666805259883
150.0,0.0003295035567134619,0.0008203003089874983
151.0,0.00032607122557237744,0.0008223094628192484
152.0,0.00032267466303892434,0.0008169381180778146
153.0,0.00031931346165947616,0.002002525143325329
154.0,0.00031598733039572835,0.000993910594843328
155.0,0.00031269583269022405,0.000838618609122932
156.0,0.00030943856108933687,0.0008012897451408207
157.0,0.0003062153118662536,0.0008288914687000215
158.0,0.00030302556115202606,0.0007932527805678546
159.0,0.00029986907611601055,0.0007749752257950604
160.0,0.00029674542020075023,0.0008339017513208091
161.0,0.0002936543896794319,0.0008041610126383603
162.0,0.00029059548978693783,0.0008003126713447273
163.0,0.0002875684585887939,0.000988953048363328
164.0,0.00028457300504669547,0.0010810958920046687
165.0,0.00028160872170701623,0.0008281339542008936
166.0,0.0002786752884276211,0.0007784903864376247
167.0,0.0002757724141702056,0.0007763641187921166
168.0,0.0002728998370002955,0.0008023787522688508
169.0,0.0002700571494642645,0.0007545258267782629
170.0,0.000267244060523808,0.000780409318394959
171.0,0.0002644603082444519,0.0007693873485550284
172.0,0.0002617055142764002,0.0008313363650813699
173.0,0.0002589794166851789,0.000772194005548954
174.0,0.0002562817244324833,0.0008570129284635186
175.0,0.0002536121755838394,0.0007674545049667358
176.0,0.0002509703626856208,0.0008626724593341351
177.0,0.0002483561111148447,0.0007552928873337805
178.0,0.00024576912983320653,0.0010178613010793924
179.0,0.00024320901138707995,0.0007811187533661723
180.0,0.00024067559570539743,0.0007628547609783709
181.0,0.00023816856264602393,0.0009221415966749191
182.0,0.00023568769393023103,0.0007654157816432416
183.0,0.0002332326112082228,0.0007546561537310481
184.0,0.00023080311075318605,0.000763195101171732
185.0,0.00022839894518256187,0.0007736831903457642
186.0,0.00022601979435421526,0.0007505683461204171
187.0,0.00022366542543750256,0.0007916994509287179
188.0,0.00022133557649794966,0.0007795096607878804
189.0,0.00021903004380874336,0.0007635379442945123
190.0,0.00021674850722774863,0.0007595997885800898
191.0,0.00021449069026857615,0.0007581338286399841
192.0,0.0002122564474120736,0.0007579436060041189
193.0,0.000210045458516106,0.000759519636631012
194.0,0.00020785747619811445,0.0007460736087523401
195.0,0.0002056923258351162,0.0007394929998554289
196.0,0.0002035497163888067,0.000766405719332397
197.0,0.00020142940047662705,0.000742273754440248
198.0,0.00019933120347559452,0.0007468879339285195
199.0,0.00019725483434740454,0.0009246690897271037
200.0,0.0001952001330209896,0.0007621949771419168
201.0,0.0001931667939061299,0.0007542516686953604
202.0,0.0001911546423798427,0.0007540549268014729
203.0,0.00018916348926723003,0.0007483538356609643
204.0,0.00018719304352998734,0.0007488351548090577
205.0,0.00018524311599321663,0.0007827922818250954
206.0,0.00018331350293010473,0.0007419656030833721
207.0,0.00018140401516575366,0.0007796334684826434
208.0,0.0001795143907656893,0.0007778122089803219
209.0,0.00017764445510692894,0.0007640721742063761
210.0,0.0001757940190145746,0.0007179100066423416
211.0,0.00017396283510606736,0.0007259161793626845
212.0,0.00017215072875842452,0.0007583018159493804
213.0,0.00017035749624483287,0.0007544610416516662
214.0,0.00016858296294230968,0.000695609487593174
215.0,0.00016682689602021128,0.000727478472981602
216.0,0.00016508913540747017,0.0007154952618293464
217.0,0.00016336947737727314,0.0009036469855345786
218.0,0.000161667718202807,0.000719388946890831
219.0,0.0001599836687091738,0.0006942556356079876
220.0,0.00015831718337722123,0.000800502544734627
221.0,0.00015666807303205132,0.0006892212550155818
222.0,0.00015503611939493567,0.0007061916403472424
223.0,0.00015342116239480674,0.0007155005005188286
224.0,0.00015182305651251227,0.0007610211614519358
225.0,0.00015024156891740859,0.000690642511472106
226.0,0.00014867655409034342,0.0006767620798200369
227.0,0.00014712783740833402,0.0006917610298842192
228.0,0.00014559528790414333,0.0007530737784691155
229.0,0.0001440786727471277,0.0006907297065481544
230.0,0.0001425778609700501,0.0007178225787356496
231.0,0.00014109269250184298,0.0006993765709921718
232.0,0.00013962297816760838,0.0007013657595962286
233.0,0.00013816857244819403,0.0006722008693031967
234.0,0.00013672932982444763,0.000689616019371897
235.0,0.00013530507567338645,0.000693882757332176
236.0,0.00013389564992394298,0.0006857655243948102
237.0,0.00013250090705696493,0.0007322244346141815
238.0,0.00013112071610521525,0.00068625871790573
239.0,0.00012975488789379597,0.0007029068074189126
240.0,0.0001284032769035548,0.0006974246352910995
241.0,0.00012706573761533946,0.0007498839404433966
242.0,0.00012574216816574335,0.0007415577420033514
243.0,0.00012443235027603805,0.0006953250849619508
244.0,0.00012313618208281696,0.0006895900005474687
245.0,0.00012185353261884302,0.0007612850749865174
246.0,0.00012058422726113349,0.0006756458897143602
247.0,0.00011932814959436655,0.0006772274500690401
248.0,0.00011808515409938991,0.0006907404167577624
249.0,0.00011685511708492413,0.0006839337293058634
250.0,0.0001156378784799017,0.0006854611565358937
251.0,0.00011443331459304318,0.0006681314553134143
252.0,0.00011324132356094196,0.0006775212241336703
253.0,0.0001120617234846577,0.0007601543329656124
254.0,0.00011089441977674142,0.0006818061228841543
255.0,0.00010973927419399843,0.0006765351281501353
256.0,0.00010859615576919168,0.0006735562346875668
257.0,0.00010746494808699936,0.0006708989967592061
258.0,0.00010634556383593008,0.0006956814904697239
259.0,0.00010523779201321304,0.0006884199101477861
260.0,0.00010414157441118732,0.0006897654966451228
261.0,0.00010305676551070064,0.0006861593574285507
262.0,0.0001019832634483464,0.0006869496428407729
263.0,0.00010092093725688756,0.0007540027145296335
264.0,9.986967052100226e-05,0.0006778265233151615
265.0,9.8829397757072e-05,0.0006712097092531621
266.0,9.77999297901988e-05,0.0006735933129675686
267.0,9.678118658484891e-05,0.000681500940117985
268.0,9.577304444974288e-05,0.0006856321124359965
269.0,9.477541607338935e-05,0.0006629712297581136
270.0,9.378817048855126e-05,0.0007898553740233183
271.0,9.281121310777962e-05,0.0006986790103837848
272.0,9.184446389554068e-05,0.0007004487561061978
273.0,9.08877482288517e-05,0.0006812955252826214
274.0,8.994100062409416e-05,0.0006835907697677612
275.0,8.900411921786144e-05,0.0007221652194857597
276.0,8.807699487078935e-05,0.000679364544339478
277.0,8.715952571947128e-05,0.0009019138524308801
278.0,8.625161717645824e-05,0.0007521811057813466
279.0,8.53531964821741e-05,0.0007200976833701134
280.0,8.446409628959373e-05,0.0006658061756752431
281.0,8.358426566701382e-05,0.0007079184870235622
282.0,8.271359547507018e-05,0.0007447876268997788
283.0,8.185199840227142e-05,0.0006779875257052481
284.0,8.099937258521095e-05,0.0006936026620678604
285.0,8.015563798835501e-05,0.0006668181158602238
286.0,7.932070730021223e-05,0.000649964262265712
287.0,7.849444955354556e-05,0.0006536043365485966
288.0,7.767679926473647e-05,0.0006597210885956883
289.0,7.686766912229359e-05,0.0006516812136396766
290.0,7.606697181472555e-05,0.0006555168074555695
291.0,7.527460547862574e-05,0.0006496672285720706
292.0,7.449049007846043e-05,0.0006435492541640997
293.0,7.371457468252629e-05,0.0006528947269544005
294.0,7.294672104762867e-05,0.0006501776515506208
295.0,7.218685641419142e-05,0.0006409380584955215
296.0,7.143491529859602e-05,0.0006501604802906513
297.0,7.069079583743587e-05,0.0006402618600986898
298.0,6.995443982305005e-05,0.0006487739738076925
299.0,6.922574539203197e-05,0.0006382109131664038
300.0,6.850466888863593e-05,0.0006500948802568018
301.0,6.77910793456249e-05,0.0006496367277577519
302.0,6.708492583129555e-05,0.0006396095850504935
303.0,6.638612831011415e-05,0.0006389499758370221
304.0,6.569460674654692e-05,0.0006486480124294758
305.0,6.501028838101774e-05,0.0006376820965670049
306.0,6.433310045395046e-05,0.0006498643779195845
307.0,6.366297748172656e-05,0.0006378281395882368
308.0,6.299982487689704e-05,0.0006371489143930376
309.0,6.234358443180099e-05,0.0006342289270833135
310.0,6.169416883494705e-05,0.0006345760775730014
311.0,6.10515198786743e-05,0.0006468005012720823
312.0,6.041557207936421e-05,0.0006368084577843547
313.0,5.978624176350422e-05,0.0006355371442623436
314.0,5.9163488913327456e-05,0.0006461660377681255
315.0,5.854720075149089e-05,0.0006473775720223784
316.0,5.793734089820646e-05,0.0006458642892539501
317.0,5.733382567996159e-05,0.0006444986793212593
318.0,5.673660052707419e-05,0.0006474680849350989
319.0,5.614559631794691e-05,0.0006501179886981845
320.0,5.556074756896123e-05,0.0006455322727560997
321.0,5.498200698639266e-05,0.0006440096185542643
322.0,5.4409276344813406e-05,0.0006454450194723904
323.0,5.384251562645659e-05,0.0006450118380598724
324.0,5.328165934770368e-05,0.0006437947158701718
325.0,5.2726642024936154e-05,0.0006436531548388302
326.0,5.21774054504931e-05,0.0006411155336536467
327.0,5.16338950546924e-05,0.0006451929803006351
328.0,5.109605990583077e-05,0.0006416483083739877
329.0,5.0563809054438025e-05,0.0006421866128221154
330.0,5.0037102482747287e-05,0.0006409573252312839
331.0,4.951588198309764e-05,0.0006430747453123331
332.0,4.900009298580699e-05,0.0006404719897545874
333.0,4.848968092119321e-05,0.0006379868136718869
334.0,4.798458030563779e-05,0.0006367721944116056
335.0,4.7484754759352654e-05,0.0006401801947504282
336.0,4.6990120608825237e-05,0.000637102173641324
337.0,4.6500645112246275e-05,0.0006344752619042993
338.0,4.601626278599724e-05,0.0006372388452291489
339.0,4.5536926336353645e-05,0.0006368927424773574
340.0,4.5062584831612185e-05,0.0006347057060338557
341.0,4.4593183702090755e-05,0.0006355916266329587
342.0,4.4128686568001285e-05,0.0006357863312587142
343.0,4.366901339381002e-05,0.000633700517937541
344.0,4.3214127799728885e-05,0.0006315724458545446
345.0,4.276398249203339e-05,0.0006298020598478615
346.0,4.231852653902024e-05,0.0006314627244137228
347.0,4.187770537100732e-05,0.000631017959676683
348.0,4.144148260820657e-05,0.0006302889087237418
349.0,4.1009814594872296e-05,0.0006290115416049957
350.0,4.058262857142836e-05,0.0006272770115174353
351.0,4.01598954340443e-05,0.0006285423878580332
352.0,3.9741564251016825e-05,0.0006277674692682922
353.0,3.9327591366600245e-05,0.0006264862604439259
354.0,3.891792948707007e-05,0.0006255961488932371
355.0,3.8512531318701804e-05,0.0006242659292183816
356.0,3.811137503362261e-05,0.0006233550375327468
357.0,3.7714380596298724e-05,0.0006229559076018631
358.0,3.732152617885731e-05,0.0006223281379789114
359.0,3.693275721161626e-05,0.0006221901276148856
360.0,3.654804459074512e-05,0.000621461367700249
361.0,3.616733738454059e-05,0.0006191097781993449
362.0,3.579059193725698e-05,0.0006193594308570027
363.0,3.5417786421021447e-05,0.0006195393507368863
364.0,3.504885171423666e-05,0.0006191098364070058
365.0,3.468376235105097e-05,0.0006192236323840916
366.0,3.432247103773989e-05,0.0006173467263579369
367.0,3.396494867047295e-05,0.0006175929447636008
368.0,3.361114431754686e-05,0.0006175775197334588
369.0,3.326102887513116e-05,0.0006181337521411479
370.0,3.2914573239395395e-05,0.0006192465662024915
371.0,3.2571711926721036e-05,0.0006161781493574381
372.0,3.223242674721405e-05,0.0006170685519464314
373.0,3.189667040714994e-05,0.0006179247866384685
374.0,3.1564413802698255e-05,0.0006182880024425685
375.0,3.123562055407092e-05,0.0006191739812493324
376.0,3.091024700552225e-05,0.0006159814074635506
377.0,3.058827860513702e-05,0.0006166088860481977
378.0,3.02696498692967e-05,0.000617155572399497
379.0,2.9954342608107254e-05,0.000617718615103513
380.0,2.9642316803801805e-05,0.0006174967857077718
381.0,2.9333543352549896e-05,0.0006159244221635163
382.0,2.902798769355286e-05,0.0006161801284179091
383.0,2.8725613447022624e-05,0.0006159897893667221
384.0,2.8426396966096945e-05,0.0006160815828479826
385.0,2.813029095705133e-05,0.0006157698226161301
386.0,2.783726631605532e-05,0.0006151138804852962
387.0,2.7547295758267865e-05,0.0006149101536720991
388.0,2.7260344722890295e-05,0.0006147141684778035
389.0,2.697638228710275e-05,0.0006145132938399911
390.0,2.669538116606418e-05,0.0006145989173091948
391.0,2.6417312255944125e-05,0.0006139013567008078
392.0,2.61421319009969e-05,0.0006136593292467296
393.0,2.586982009233907e-05,0.0006134535069577396
394.0,2.5600344088161364e-05,0.0006135641597211361
395.0,2.5333672965643927e-05,0.0006136537995189428
396.0,2.506978125893511e-05,0.0006127652595750988
397.0,2.4808636226225644e-05,0.0006125361542217433
398.0,2.4550214220653288e-05,0.0006123076309449971
399.0,2.4294491595355794e-05,0.000612362870015204
400.0,2.4041424694587477e-05,0.0006123429047875106
401.0,2.3790993509464897e-05,0.0006115126889199018
402.0,2.3543170755147003e-05,0.0006113082636147738
403.0,2.3297930965782143e-05,0.0006110763060860336
404.0,2.305524321855046e-05,0.0006110587855800986
405.0,2.2815083866589703e-05,0.000610971765127033
406.0,2.257743472000584e-05,0.0006101899198256433
407.0,2.2342255761031993e-05,0.0006100129685364664
408.0,2.2109523342805915e-05,0.0006097863079048693
409.0,2.1879215637454763e-05,0.0006097126752138138
410.0,2.1651308998116292e-05,0.0006095916614867747
411.0,2.1425774320960045e-05,0.0006088851951062679
412.0,2.120258977811318e-05,0.0006087173824198544
413.0,2.0981735360692255e-05,0.0006085098721086979
414.0,2.0763176507898606e-05,0.0006084120250307024
415.0,2.0546893210848793e-05,0.0006082822219468653
416.0,2.0332863641669974e-05,0.0006076367571949959
417.0,2.01210641534999e-05,0.0006074660923331976
418.0,1.9911469280486926e-05,0.0006072669057175517
419.0,1.970405901374761e-05,0.0006071595125831664
420.0,1.9498815163387917e-05,0.0006070246454328299
421.0,1.929570316860918e-05,0.0006064440822228789
422.0,1.9094706658506766e-05,0.0006062793545424938
423.0,1.8895803805207834e-05,0.0006060914602130651
424.0,1.869897278083954e-05,0.000605979235842824
425.0,1.8504191757529043e-05,0.0006058518774807453
426.0,1.8311440726392902e-05,0.0006053187535144389
427.0,1.8120701497537084e-05,0.0006051447708159685
428.0,1.793194496713113e-05,0.0006049710791558027
429.0,1.774515476427041e-05,0.0006048628129065037
430.0,1.756030906108208e-05,0.0006047485512681305
431.0,1.7377389667672105e-05,0.0006042328896000981
432.0,1.7196376575157046e-05,0.0006040669977664948
433.0,1.701724795566406e-05,0.0006039120489731431
434.0,1.683998925727792e-05,0.0006038188585080206
435.0,1.6664573195157573e-05,0.000603724445682019
436.0,1.6490983398398384e-05,0.0006032192031852901
437.0,1.6319205315085128e-05,0.000603066582698375
438.0,1.6149213479366153e-05,0.000602932705078274
439.0,1.598099152033683e-05,0.0006028450443409383
440.0,1.5814523067092523e-05,0.000602739688474685
441.0,1.5649793567718007e-05,0.0006022737943567336
442.0,1.5486775737372227e-05,0.0006021429435350001
443.0,1.532545684312936e-05,0.0006020166329108179
444.0,1.5165815966611262e-05,0.0006019172724336386
445.0,1.5007838555902708e-05,0.0006017975392751396
446.0,1.4851508240099065e-05,0.0006013904931023717
447.0,1.4696805010316893e-05,0.0006012670928612351
448.0,1.4543717952619772e-05,0.0006011337973177433
449.0,1.439222069166135e-05,0.0006010187789797783
450.0,1.4242302313505206e-05,0.0006008784985169768
451.0,1.4093944628257304e-05,0.000600534665863961
452.0,1.3947133993497118e-05,0.0006004015449434519
453.0,1.380185130983591e-05,0.0006002502050250769
454.0,1.3658082934853155e-05,0.0006001031142659485
455.0,1.3515815226128325e-05,0.0005999315762892365
456.0,1.3375025446293876e-05,0.0005996391992084682
457.0,1.3235702681413386e-05,0.0005994923994876444
458.0,1.3097831470076926e-05,0.0005993396625854075
459.0,1.2961396350874566e-05,0.0005991771467961371
460.0,1.2826381862396374e-05,0.0005989933852106333
461.0,1.2692773452727124e-05,0.000598714395891875
462.0,1.2560561117425095e-05,0.0005985600291751325
463.0,1.2429722119122744e-05,0.0005983867449685931
464.0,1.230024645337835e-05,0.0005982292932458222
465.0,1.2172118658781983e-05,0.0005980866262689233
466.0,1.204532691190252e-05,0.0005977931432425976
467.0,1.1919854841835331e-05,0.000597636157181114
468.0,1.179568971565459e-05,0.0005974859232082963
469.0,1.1672821528918575e-05,0.0005973638035356998
470.0,1.1551230272743851e-05,0.000597264792304486
471.0,1.1430905033193994e-05,0.0005969369667582214
472.0,1.131183307734318e-05,0.0005968142650090158
473.0,1.1194001672265586e-05,0.0005966796888969839
474.0,1.1077398085035384e-05,0.0005966054741293192
475.0,1.0962008673232049e-05,0.0005965331220068038
476.0,1.0847824341908563e-05,0.0005961458664387465
477.0,1.073482690117089e-05,0.0005960635025985539
478.0,1.0623005437082611e-05,0.000595955119933933
479.0,1.0512349035707302e-05,0.000595899939071387
480.0,1.0402845873613842e-05,0.0005958287511020899
481.0,1.0294483217876405e-05,0.0005954279331490397
482.0,1.0187249245063867e-05,0.0005953768268227577
483.0,1.0081135769723915e-05,0.0005952976644039154
484.0,9.976123692467809e-06,0.0005952427163720131
485.0,9.872206646832637e-06,0.0005951767088845372
486.0,9.769370990397874e-06,0.000594871467910707
487.0,9.6676067187218e-06,0.0005948227480985224
488.0,9.566902917867992e-06,0.0005947450990788639
489.0,9.467247764405329e-06,0.0005946865421719849
490.0,9.368633982376195e-06,0.0005945975426584482
491.0,9.271044291381259e-06,0.0005943559808656573
492.0,9.174470505968202e-06,0.00059431855333969
493.0,9.078903531190008e-06,0.0005942488205619156
494.0,8.984331543615554e-06,0.000594174605794251
495.0,8.890745448297821e-06,0.0005940766423009336
496.0,8.798133421805687e-06,0.0005939284455962479
497.0,8.70648909767624e-06,0.0005938750691711903
498.0,8.615797014499549e-06,0.0005937892710790038
499.0,8.526048986823298e-06,0.0005936939269304276
500.0,8.437236829195172e-06,0.0005935766384936869
501.0,8.349347808689345e-06,0.0005935222725383937
502.0,8.262376468337607e-06,0.000593463599216193
503.0,8.176310075214133e-06,0.00059337547281757
504.0,8.09114226285601e-06,0.0005932589410804212
505.0,8.006860298337415e-06,0.0005931334453634918
506.0,7.923455086711328e-06,0.0005931383930146694
507.0,7.840919352020137e-06,0.0005930668557994068
508.0,7.759243999316823e-06,0.0005929606850259006
509.0,7.678418114664964e-06,0.0005928219761699438
510.0,7.5984353316016495e-06,0.0005926826852373779
511.0,7.519287464674562e-06,0.0005927365273237228
512.0,7.4409585977264214e-06,0.0005926426383666694
513.0,7.3634514592413325e-06,0.0005925242439843714
514.0,7.286746495083207e-06,0.0005923854187130928
515.0,7.2108450694940984e-06,0.0005922302952967584
516.0,7.135734904295532e-06,0.0005922970012761652
517.0,7.061401902319631e-06,0.0005921808769926429
518.0,6.987848337303149e-06,0.0005920648691244423
519.0,6.915056474099401e-06,0.0005919134709984064
520.0,6.84302676745574e-06,0.0005917485104873776
521.0,6.771743301214883e-06,0.0005918281967751682
522.0,6.701206075376831e-06,0.0005917009548284113
523.0,6.631404630752513e-06,0.0005915839574299753
524.0,6.562325779668754e-06,0.0005914318026043475
525.0,6.493969976872904e-06,0.0005912589258514345
526.0,6.426322670449736e-06,0.000591362128034234
527.0,6.359383860399248e-06,0.0005912429187446833
528.0,6.2931380853115115e-06,0.0005911316256970167
529.0,6.2275871641759295e-06,0.000590971321798861
530.0,6.162718364066677e-06,0.0005907940794713795
531.0,6.098521225794684e-06,0.0005909290048293769
532.0,6.034997113602003e-06,0.0005908110761083663
533.0,5.972131020826055e-06,0.0005907037411816418
534.0,5.90992340221419e-06,0.0005905461730435491
535.0,5.8483597058511805e-06,0.0005903716664761305
536.0,5.787441295979079e-06,0.000590540177654475
537.0,5.727157713408815e-06,0.0005904315621592104
538.0,5.667498044203967e-06,0.0005903249839320779
539.0,5.608463197859237e-06,0.0005901646218262613
540.0,5.550039986701449e-06,0.000589995994232595
541.0,5.492229320225306e-06,0.0005901888362132013
542.0,5.435016646515578e-06,0.0005900806281715631
543.0,5.3784037845616695e-06,0.0005899749230593443
544.0,5.322380729921861e-06,0.0005898140952922404
545.0,5.266937478154432e-06,0.0005896467482671142
546.0,5.212075393501436e-06,0.0005898572271689773
547.0,5.157781288289698e-06,0.0005897540249861777
548.0,5.104056072013918e-06,0.000589642848353833
549.0,5.050887466495624e-06,0.0005894869682379067
550.0,4.998275926482165e-06,0.0005893154884688556
551.0,4.946211902279174e-06,0.0005895149661228061
552.0,4.894687663181685e-06,0.0005894112400710583
553.0,4.843703209189698e-06,0.0005893067573197186
554.0,4.79324626212474e-06,0.0005891530308872461
555.0,4.743318186228862e-06,0.0005889842286705971
556.0,4.693907158070942e-06,0.0005891560576856136
557.0,4.6450136323983315e-06,0.0005890582106076181
558.0,4.596629878506064e-06,0.0005889472085982561
559.0,4.548746801447123e-06,0.0005887942388653755
560.0,4.501365765463561e-06,0.0005886335275135934
561.0,4.454474947124254e-06,0.0005887966835871339
562.0,4.408075710671255e-06,0.0005887036095373333
563.0,4.362157142168144e-06,0.0005885994760319591
564.0,4.316719241614919e-06,0.000588448834605515
565.0,4.271755187801318e-06,0.0005882844561710954
566.0,4.227256340527674e-06,0.000588473048992455
567.0,4.183223609288689e-06,0.0005883843405172229
568.0,4.1396469896426424e-06,0.0005882830009795725
569.0,4.096527391084237e-06,0.0005881371907889843
570.0,4.053853899677051e-06,0.0005879748496226966
571.0,4.011627879663138e-06,0.0005881912657059729
572.0,3.9698411455901805e-06,0.0005881050601601601
573.0,3.928487330995267e-06,0.0005880016251467168
574.0,3.887566890625749e-06,0.0005878613446839154
575.0,3.847070729534607e-06,0.000587698828894645
576.0,3.8069981656008167e-06,0.0005879372474737465
577.0,3.7673407859983854e-06,0.0005878505762666464
578.0,3.7280990454746643e-06,0.0005877506919205189
579.0,3.6892656680720393e-06,0.0005876116920262575
580.0,3.6508347420749487e-06,0.0005874516209587455
581.0,3.612806494857068e-06,0.0005877061630599201
582.0,3.5751720588450553e-06,0.0005876250797882676
583.0,3.537931888786261e-06,0.0005875243223272264
584.0,3.501077571854694e-06,0.0005873810732737184
585.0,3.4646088806766784e-06,0.000587226590141654
586.0,3.4285205856576795e-06,0.0005874883499927819
587.0,3.392805865587434e-06,0.0005874051712453365
588.0,3.3574651752132922e-06,0.0005873024347238243
589.0,3.3224905564566143e-06,0.0005871625035069883
590.0,3.287882464064751e-06,0.0005870101740583777
591.0,3.253632712585386e-06,0.0005872626206837595
592.0,3.219741529392195e-06,0.0005871764151379466
593.0,3.186203912264318e-06,0.0005870707100257277
594.0,3.1530130399914924e-06,0.00058693130267784
595.0,3.12017027681577e-06,0.0005867781001143157
596.0,3.087667664658511e-06,0.0005870190798304975
597.0,3.0555054308933904e-06,0.0005869290907867253
598.0,3.023676299562794e-06,0.000586828391533345
599.0,2.9921809527877485e-06,0.0005866862484253943
600.0,2.9610132514790166e-06,0.0005865360144525766
601.0,2.930168420789414e-06,0.0005867849686183035
602.0,2.899646915466292e-06,0.0005866926512680948
603.0,2.8694414595520357e-06,0.0005865911371074617
604.0,2.839552280420321e-06,0.0005864520207978785
605.0,2.80997278423456e-06,0.0005863034748472273
606.0,2.7807031983684283e-06,0.0005865487619303167
607.0,2.751738520601066e-06,0.00058646040270105
608.0,2.723073748711613e-06,0.0005863546393811703
609.0,2.6947093374474207e-06,0.0005862287362106144
610.0,2.6666384655982256e-06,0.000586081063374877
611.0,2.6388620426587295e-06,0.0005863321712240577
612.0,2.611373247418669e-06,0.0005862452671863139
613.0,2.5841720798780443e-06,0.000586154346819967
614.0,2.5572546746843727e-06,0.0005860217497684062
615.0,2.5306155748694437e-06,0.000585873203817755
616.0,2.5042561446753098e-06,0.000586123438552022
617.0,2.4781693355180323e-06,0.0005860450328327715
618.0,2.4523558295186376e-06,0.0005859492812305689
619.0,2.426809714961564e-06,0.0005858140648342669
620.0,2.4015312192204874e-06,0.0005856752395629883
621.0,2.3765162495692493e-06,0.0005859220400452614
622.0,2.3517600311606657e-06,0.0005858419463038445
623.0,2.3272632461157627e-06,0.0005857479409314692
624.0,2.3030202100926545e-06,0.000585631700232625
625.0,2.2790311504650163e-06,0.0005854947376064956
626.0,2.2552906102646375e-06,0.0005857225623913109
627.0,2.2317988168651937e-06,0.0005856452044099569
628.0,2.2085516775405267e-06,0.0005855613271705806
629.0,2.185545326938154e-06,0.0005854401388205588
630.0,2.1627799924317515e-06,0.0005853123730048537
631.0,2.1402504444267834e-06,0.0005855314084328711
632.0,2.11795668292325e-06,0.0005854564369656146
633.0,2.095894160447642e-06,0.0005853684851899743
634.0,2.074062649626285e-06,0.0005852522444911301
635.0,2.0524585124803707e-06,0.0005851246532984078
636.0,2.0310781110310927e-06,0.0005853383336216211
637.0,2.0099216726521263e-06,0.0005852633039467037
638.0,1.988984422496287e-06,0.0005851772730238736
639.0,1.9682665879372507e-06,0.0005850568995811045
640.0,1.9477631667541573e-06,0.0005849325680173934
641.0,1.9274746136943577e-06,0.0005851463647559285
642.0,1.907397290779045e-06,0.0005850635352544487
643.0,1.8875281284636003e-06,0.0005849797162227333
644.0,1.8678670130611863e-06,0.000584864872507751
645.0,1.8484095107851317e-06,0.0005847460706718266
646.0,1.8291557353222743e-06,0.0005849340814165771
647.0,1.8101014802596183e-06,0.0005848578875884414
648.0,1.7912469729708391e-06,0.0005847733118571341
649.0,1.7725886891639675e-06,0.0005846639396622777
650.0,1.7541236729812226e-06,0.0005845470586791635
651.0,1.7358522654831177e-06,0.0005847305292263627
652.0,1.7177699191961437e-06,0.0005846646963618696
653.0,1.699876975180814e-06,0.0005845853593200445
654.0,1.6821693407109706e-06,0.0005844788975082338
655.0,1.6646474705339642e-06,0.000584367080591619
656.0,1.6473079540446633e-06,0.0005845554987899959
657.0,1.630147949072125e-06,0.0005844924598932266
658.0,1.6131679103636998e-06,0.0005844185943715274
659.0,1.5963634041327168e-06,0.0005843174294568598
660.0,1.57973522618704e-06,0.0005842047976329923
661.0,1.563279170113674e-06,0.0005844044499099255
662.0,1.5469955769731314e-06,0.0005843395483680069
663.0,1.5308814909076318e-06,0.0005842758109793067
664.0,1.5149344108067453e-06,0.0005841812817379832
665.0,1.4991543366704718e-06,0.0005840745288878679
666.0,1.4835376305200043e-06,0.0005842768005095422
667.0,1.468084633415856e-06,0.0005842229002155364
668.0,1.4527917073792196e-06,0.0005841555539518595
669.0,1.4376588524100953e-06,0.0005840682424604893
670.0,1.4226839084585663e-06,0.0005839618970640004
671.0,1.4078638059800141e-06,0.0005841669044457376
672.0,1.3931989997217897e-06,0.00058411480858922
673.0,1.3786860790787614e-06,0.000584055611398071
674.0,1.3643251577377669e-06,0.0005839678342454135
675.0,1.35011305246735e-06,0.0005838667275384068
676.0,1.3360498769543483e-06,0.0005840802332386374
677.0,1.3221331300883321e-06,0.000584028079174459
678.0,1.308360538132547e-06,0.0005839711520820856
679.0,1.2947322147738305e-06,0.0005838829674758017
680.0,1.2812450904675643e-06,0.0005837824428454041
681.0,1.2678991652137483e-06,0.0005839975783601403
682.0,1.2546915968414396e-06,0.0005839531659148633
683.0,1.2416222716638003e-06,0.0005838977522216737
684.0,1.2286890296309139e-06,0.0005838111974298954
685.0,1.2158898243797012e-06,0.0005837124772369862
686.0,1.203224769597e-06,0.0005839330842718482
687.0,1.1906907957381918e-06,0.0005838873330503702
688.0,1.1782881301769521e-06,0.0005838351207785308
689.0,1.1660139307423378e-06,0.0005837513017468154
690.0,1.1538684248080244e-06,0.0005836535128764808
691.0,1.1418493386372575e-06,0.0005838719662278891
692.0,1.1299547395537957e-06,0.0005838349461555481
693.0,1.1181847412444768e-06,0.0005837802309542894
694.0,1.1065367289120331e-06,0.0005837014177814126
695.0,1.095010588869627e-06,0.0005836064810864627
696.0,1.0836039336936665e-06,0.00058382423594594
697.0,1.0723167633841513e-06,0.0005837894859723747
698.0,1.0611471452648402e-06,0.0005837373901158571
699.0,1.050093146659492e-06,0.000583649321924895
700.0,1.0391549949417822e-06,0.0005835568881593645
701.0,1.0283303026881185e-06,0.0005837851786054671
702.0,1.0176187288379879e-06,0.0005837438511662185
703.0,1.0070182270283112e-06,0.0005836923373863101
704.0,9.965287972590886e-07,0.0005836127675138414
705.0,9.861487342277542e-07,0.0005835207412019372
706.0,9.75875991571229e-07,0.000583738787099719
707.0,9.657110240368638e-07,0.0005837040953338146
708.0,9.556512168273912e-07,0.0005836557247675955
709.0,9.456968541599053e-07,0.0005835776682943106
710.0,9.358454917673953e-07,0.0005834909970872104
711.0,9.260974138669553e-07,0.0005837026401422918
712.0,9.164509151560196e-07,0.0005836647469550371
713.0,9.069042903320224e-07,0.0005836147465743124
714.0,8.974577099252201e-07,0.000583539716899395
715.0,8.881088433554396e-07,0.0005834591574966908
716.0,8.78858031683194e-07,0.00058366620214656
717.0,8.697030011717288e-07,0.00058363116113469
718.0,8.606438655078819e-07,0.0005835845950059593
719.0,8.516790899193438e-07,0.0005835098563693464
720.0,8.428072533206432e-07,0.0005834272014908493
721.0,8.340282420249423e-07,0.0005836369819007814
722.0,8.253402370428375e-07,0.0005836021155118942
723.0,8.167431815309101e-07,0.000583552522584796
724.0,8.082352564997564e-07,0.000583481218200177
725.0,7.998163482625387e-07,0.0005833982140757143
726.0,7.914852631074609e-07,0.0005836079944856465
727.0,7.832403525753762e-07,0.0005835756310261786
728.0,7.750819008833787e-07,0.0005835243500769138
729.0,7.670079185118084e-07,0.0005834598559886217
730.0,7.590184623040841e-07,0.0005833742907270789
731.0,7.511117701142211e-07,0.0005835854099132121
732.0,7.432879556290573e-07,0.0005835514166392386
733.0,7.355456546065398e-07,0.0005835044430568814
734.0,7.27883502804616e-07,0.000583434069994837
735.0,7.203016139101237e-07,0.0005833479226566851
736.0,7.127982257770782e-07,0.0005835596239194274
737.0,7.05373508935736e-07,0.0005835288902744651
738.0,6.980257012401125e-07,0.0005834850016981363
739.0,6.907548026902077e-07,0.0005834123003296554
740.0,6.835596764176444e-07,0.0005833272007293999
741.0,6.764390718672075e-07,0.0005835413467139006
742.0,6.693930458823161e-07,0.0005835088668391109
743.0,6.62419950003823e-07,0.0005834574694745243
744.0,6.555200116054039e-07,0.0005833842442370951
745.0,6.486914685410738e-07,0.0005833090399391949
746.0,6.419344913410896e-07,0.000583515502512455
747.0,6.35247886293655e-07,0.0005834862822666764
748.0,6.286305165303929e-07,0.00058343744603917
749.0,6.22082495738141e-07,0.0005833627074025571
750.0,6.1560228914459e-07,0.0005832823808304965
751.0,6.091900104365777e-07,0.0005834926851093769
752.0,6.02844067998376e-07,0.0005834645126014948
753.0,5.965646892036602e-07,0.0005834104376845062
754.0,5.903506234972156e-07,0.0005833396571688354
755.0,5.842009613843402e-07,0.0005832562455907464
756.0,5.78115759708453e-07,0.0005834699259139597
757.0,5.720935405406635e-07,0.0005834338953718543
758.0,5.661344175678096e-07,0.0005833829054608941
759.0,5.602370265478385e-07,0.0005833111936226487
760.0,5.544013674807502e-07,0.0005832288879901171
761.0,5.486265877152618e-07,0.0005834472831338644
762.0,5.429115503829962e-07,0.0005834160256199539
763.0,5.372564260142099e-07,0.000583359447773546
764.0,5.316598503668502e-07,0.0005832841852679849
765.0,5.261218802843359e-07,0.000583201355766505
766.0,5.206412652114523e-07,0.0005834231851622462
767.0,5.152181188350369e-07,0.000583391753025353
768.0,5.098514179735503e-07,0.000583333894610405
769.0,5.045403668191284e-07,0.0005832603201270103
770.0,4.992848516849335e-07,0.0005831726593896747
771.0,4.940838493894262e-07,0.0005833975737914443
772.0,4.889373030891875e-07,0.0005833667819388211
773.0,4.838440190724214e-07,0.0005833121831528842
774.0,4.788041678693844e-07,0.0005832340684719384
775.0,4.7381678314195597e-07,0.0005831503076478839
776.0,4.68881069082272e-07,0.000583379645831883
777.0,4.639970256903325e-07,0.0005833496106788516
778.0,4.59163629784598e-07,0.0005832945462316275
779.0,4.5438082452164963e-07,0.0005832176539115608
780.0,4.4964755829823844e-07,0.0005831330199725926
781.0,4.4496385953607387e-07,0.0005833609611727297
782.0,4.403289324272919e-07,0.0005833307513967156
783.0,4.357420664291567e-07,0.0005832741735503078
784.0,4.312032331199589e-07,0.0005831990274600685
785.0,4.2671138089644955e-07,0.0005831132875755429
786.0,4.222666518671758e-07,0.0005833394243381917
787.0,4.1786788074205106e-07,0.0005832992028445005
788.0,4.1351526647304127e-07,0.0005832485621795058
789.0,4.0920770061347866e-07,0.0005831727758049965
790.0,4.049452400067821e-07,0.0005830923328176141
791.0,4.007272025319253e-07,0.0005833125323988497
792.0,3.96552849224463e-07,0.0005832754541188478
793.0,3.924222369278141e-07,0.000583217479288578
794.0,3.883343708821485e-07,0.0005831451853737235
795.0,3.8428933635259455e-07,0.0005830605514347553
796.0,3.8028622384445043e-07,0.0005832822644151747
797.0,3.7632503335771617e-07,0.0005832462338730693
798.0,3.724050827713654e-07,0.0005831881426274776
799.0,3.6852577522950014e-07,0.0005831204471178353
800.0,3.646870823104109e-07,0.0005830390728078783
801.0,3.608881513628148e-07,0.0005832554888911545
802.0,3.571290108084213e-07,0.0005832202732563019
803.0,3.5340883641765686e-07,0.0005831617163494229
804.0,3.4972759976881207e-07,0.000583087035920471
805.0,3.460847040059889e-07,0.0005830071168020368
806.0,3.424795522732893e-07,0.0005832232418470085
807.0,3.389121729924227e-07,0.0005831907619722188
808.0,3.3538174193381565e-07,0.0005831308080814779
809.0,3.3188828751917754e-07,0.0005830542650073767
810.0,3.2843101394064433e-07,0.0005829756264574826
811.0,3.250099780416349e-07,0.0005831915186718106
812.0,3.216245829662512e-07,0.0005831514135934412
813.0,3.1827423185859516e-07,0.0005830942536704242
814.0,3.1495895314037625e-07,0.0005830263253301382
815.0,3.1167806469056814e-07,0.0005829464644193649
816.0,3.0843150966575195e-07,0.0005831573507748544
817.0,3.0521860594490136e-07,0.0005831289454363286
818.0,3.0203932510630693e-07,0.0005830760346725583
819.0,2.9889318398090836e-07,0.0005829973961226642
820.0,2.9577961413451703e-07,0.0005829230649396777
821.0,2.9269870083226124e-07,0.0005831340095028281
822.0,2.8964967668798636e-07,0.0005831058952026069
823.0,2.8663259854511125e-07,0.0005830498994328082
824.0,2.8364672743919073e-07,0.0005829765577800572
825.0,2.806921770570625e-07,0.0005829008878208697
826.0,2.777684073862474e-07,0.0005831106682308018
827.0,2.748749068359757e-07,0.0005830807494930923
828.0,2.720117038279568e-07,0.0005830226582475007
829.0,2.6917817308458325e-07,0.0005829517031088471
830.0,2.6637431460585503e-07,0.0005828781868331134
831.0,2.635995031141647e-07,0.0005830842419527471
832.0,2.6085376703122165e-07,0.0005830510635860264
833.0,2.581366231879656e-07,0.0005829972214996815
834.0,2.554476452587551e-07,0.0005829324363730848
835.0,2.5278680482188065e-07,0.0005828574066981673
836.0,2.501535334431537e-07,0.0005830556037835777
837.0,2.475478595442837e-07,0.0005830316804349422
838.0,2.4496915784766315e-07,0.000582978711463511
839.0,2.424174567750015e-07,0.0005829072906635702
840.0,2.3989235842236667e-07,0.000582830747589469
841.0,2.3739342225326254e-07,0.000583031156565994
842.0,2.349206482676891e-07,0.0005830067093484104
843.0,2.3247349645316717e-07,0.0005829545552842319
844.0,2.3005198102055147e-07,0.0005828859866596758
845.0,2.2765551932479866e-07,0.000582814565859735
846.0,2.2528418242018233e-07,0.0005830101436004043
847.0,2.2293757240277046e-07,0.0005829833098687232
848.0,2.2061522031435743e-07,0.0005829314468428493
849.0,2.1831722563092626e-07,0.0005828665453009307
850.0,2.1604301991828834e-07,0.0005827976856380701
851.0,2.137926458090078e-07,0.0005829859874211252
852.0,2.115655775014602e-07,0.0005829604342579842
853.0,2.0936182920650026e-07,0.0005829122383147478
854.0,2.071810740744695e-07,0.000582847511395812
855.0,2.0502285735801706e-07,0.0005827717250213027
856.0,2.0288727853312594e-07,0.000582960550673306
857.0,2.0077379758731695e-07,0.0005829412839375436
858.0,1.9868247136400896e-07,0.0005828900611959398
859.0,1.9661280248328694e-07,0.000582826032768935
860.0,1.9456483357771504e-07,0.0005827475106343627
861.0,1.9253818095421593e-07,0.000582930922973901
862.0,1.9053251776313118e-07,0.0005829126457683742
863.0,1.885478582153155e-07,0.0005828642169944942
864.0,1.8658377598512743e-07,0.0005827987333759665
865.0,1.8464024265085754e-07,0.0005827227141708136
866.0,1.8271686030857381e-07,0.0005829034489579499
867.0,1.8081361474742152e-07,0.0005828808061778545
868.0,1.7893020753945166e-07,0.0005828342982567847
869.0,1.7706628341329633e-07,0.0005827639251947403
870.0,1.7522191342322913e-07,0.0005826894193887711
871.0,1.7339662861104443e-07,0.0005828715511597693
872.0,1.715904716093064e-07,0.0005828512366861105
873.0,1.6980301609237358e-07,0.0005828005378134549
874.0,1.680343046928101e-07,0.0005827302811667323
875.0,1.6628399635010283e-07,0.0005826576962135732
876.0,1.6455182105801214e-07,0.0005828332505188882
877.0,1.6283779302739276e-07,0.0005828155553899705
878.0,1.6114151435431268e-07,0.0005827670102007687
879.0,1.5946302767133602e-07,0.000582700246013701
880.0,1.5780189244196663e-07,0.0005826210253871977
881.0,1.5615817972047807e-07,0.0005827972199767828
882.0,1.5453159107892134e-07,0.0005827845307067037
883.0,1.5292184230020212e-07,0.0005827320273965597
884.0,1.5132896180602984e-07,0.0005826695705763996
885.0,1.497525659033272e-07,0.0005825940170325339
886.0,1.4819269722465833e-07,0.0005827642744407058
887.0,1.4664897207694594e-07,0.0005827496643178165
888.0,1.4512143309275416e-07,0.0005827030399814248
889.0,1.436097960549887e-07,0.0005826357519254088
890.0,1.4211381937911938e-07,0.0005825600237585604
891.0,1.4063350306514621e-07,0.000582735170610249
892.0,1.3916854868512019e-07,0.0005827240529470146
893.0,1.3771891360647714e-07,0.0005826817941851914
894.0,1.3628429940126807e-07,0.000582619511988014
895.0,1.3486472028034768e-07,0.0005825450643897057
896.0,1.334599204483311e-07,0.000582717009820044
897.0,1.320696725315429e-07,0.0005827054264955223
898.0,1.3069399074083776e-07,0.0005826630513183773
899.0,1.2933256243741198e-07,0.0005825984408147633
900.0,1.2798538762126555e-07,0.0005825239350087941
901.0,1.2665216786444944e-07,0.0005826911074109375
902.0,1.2533291737781838e-07,0.0005826781853102148
903.0,1.2402740878769691e-07,0.0005826305132359266
904.0,1.227354147204096e-07,0.0005825664266012609
905.0,1.214569635976659e-07,0.0005824976833537221
906.0,1.2019175699151674e-07,0.0005826579872518778
907.0,1.1893979490196216e-07,0.0005826422129757702
908.0,1.1770080732276256e-07,0.0005825968110002577
909.0,1.1647479425391793e-07,0.0005825285334140062
910.0,1.1526155674346228e-07,0.0005824497202411294
911.0,1.1406088162857486e-07,0.0005826120614074171
912.0,1.128727831201104e-07,0.0005825996049679816
913.0,1.1169699831725666e-07,0.0005825519911013544
914.0,1.1053352722001364e-07,0.0005824856925755739
915.0,1.093820927167144e-07,0.0005824028630740941
916.0,1.0824273743992308e-07,0.0005825674743391573
917.0,1.0711524112139159e-07,0.0005825518164783716
918.0,1.0599943323086336e-07,0.0005825065309181809
919.0,1.0489529955748367e-07,0.0005824372638016939
920.0,1.0380261272757707e-07,0.0005823568208143115
921.0,1.0272137274114357e-07,0.0005825171829201281
922.0,1.0165131669737093e-07,0.0005825079279020429
923.0,1.005924872288233e-07,0.0005824610707350075
924.0,9.954469248896203e-08,0.0005823919782415032
925.0,9.85077335258211e-08,0.0005823159590363503
926.0,9.748164586653729e-08,0.0005824771942570806
927.0,9.64661808211531e-08,0.0005824657855555415
928.0,9.54613597059506e-08,0.000582417706027627
929.0,9.446694093639962e-08,0.0005823514657095075
930.0,9.348293872335489e-08,0.0005822785315103829
931.0,9.250919674741453e-08,0.000582436507102102
932.0,9.15455231620399e-08,0.0005824287072755396
933.0,9.059196059979513e-08,0.0005823815590701997
934.0,8.964826037072271e-08,0.000582317472435534
935.0,8.871446510738679e-08,0.0005822398234158754
936.0,8.779032611982984e-08,0.0005823997198604047
937.0,8.687587182976131e-08,0.0005823924439027905
938.0,8.597093881235196e-08,0.0005823503015562892
939.0,8.5075392064482e-08,0.0005822882521897554
940.0,8.418921026986936e-08,0.0005822125822305679
941.0,8.33122157928301e-08,0.000582367938477546
942.0,8.244440863336422e-08,0.0005823594983667135
943.0,8.15855898395057e-08,0.0005823150277137756
944.0,8.07357665166819e-08,0.0005822534440085292
945.0,7.989479655634568e-08,0.0005821805680170655
946.0,7.906253074452252e-08,0.0005823347019031644
947.0,7.823899039749449e-08,0.0005823281244374812
948.0,7.742398366872294e-08,0.0005822840612381697
949.0,7.661751055820787e-08,0.0005822228267788887
950.0,7.581938632483798e-08,0.0005821523955091834
951.0,7.502962517946798e-08,0.0005823043757118285
952.0,7.424809211897809e-08,0.0005822963430546224
953.0,7.347465214024851e-08,0.0005822549574077129
954.0,7.270931945413395e-08,0.0005821992526762187
955.0,7.195190221409575e-08,0.0005821306840516627
956.0,7.120242884184336e-08,0.0005822722450830042
957.0,7.046071459626546e-08,0.0005822702078148723
958.0,6.972677368821678e-08,0.0005822298116981983
959.0,6.900047822000488e-08,0.0005821737577207386
960.0,6.828170029393732e-08,0.0005821037339046597
961.0,6.757046122629617e-08,0.0005822409875690937
962.0,6.68665833813975e-08,0.0005822387174703181
963.0,6.617007386466867e-08,0.0005822000093758106
964.0,6.548078346213515e-08,0.0005821433733217418
965.0,6.479871217379696e-08,0.0005820764927193522
966.0,6.412374631281637e-08,0.0005822079838253558
967.0,6.345577219235565e-08,0.0005822054808959365
968.0,6.279479691784218e-08,0.0005821675877086818
969.0,6.214066416987407e-08,0.0005821108352392912
970.0,6.149338815930605e-08,0.0005820467486046255
971.0,6.085281256673625e-08,0.0005821710801683366
972.0,6.021895160301938e-08,0.0005821650265716016
973.0,5.959168802860404e-08,0.0005821267259307206
974.0,5.897092592022091e-08,0.0005820700898766518
975.0,5.835666527786998e-08,0.000582006061449647
976.0,5.7748763993004104e-08,0.000582125736400485
977.0,5.714723272376432e-08,0.0005821227678097785
978.0,5.655193646703083e-08,0.000582087435759604
979.0,5.596287522280363e-08,0.000582032254897058
980.0,5.5379945962386046e-08,0.000581970380153507
981.0,5.480305276250874e-08,0.0005820841179229319
982.0,5.4232209834026435e-08,0.0005820824881084263
983.0,5.3667267962964615e-08,0.0005820429651066661
984.0,5.3108255571032714e-08,0.0005819888901896775
985.0,5.25550269969699e-08,0.0005819307989440858
986.0,5.200760000434457e-08,0.0005820367368869483
987.0,5.146587156446003e-08,0.0005820377846248448
988.0,5.092974930676064e-08,0.0005819994839839637
989.0,5.039925099481479e-08,0.0005819463403895497
990.0,4.987424517821637e-08,0.0005818874924443662
991.0,4.935473896239273e-08,0.000581983127631247
992.0,4.8840608002365116e-08,0.0005819847574457526
993.0,4.833187006170192e-08,0.0005819561192765832
994.0,4.7828429217133817e-08,0.0005819025100208819
995.0,4.733020375624619e-08,0.0005818383651785553
996.0,4.6837193679039046e-08,0.0005819334764964879
997.0,4.6349295956815695e-08,0.0005819396465085447
998.0,4.586650348414878e-08,0.0005819085636176169
999.0,4.5388713232341615e-08,0.000581857399083674
