epoch,learning_rate,validation_loss_Beta_ProgVar
0.0,0.0015848932089284062,0.0004658385587390512
1.0,0.0015683840028941631,0.00022776487458031625
2.0,0.0015520467422902584,0.00028562155785039067
3.0,0.0015358797973021865,0.0005764163215644658
4.0,0.0015198810724541545,9.526471694698557e-05
5.0,0.0015040490543469787,0.00020227393542882055
6.0,0.0014883819967508316,9.233221499016508e-05
7.0,0.001472878153435886,4.276325125829317e-05
8.0,0.0014575357781723142,4.874041769653559e-05
9.0,0.0014423532411456108,3.288143125246279e-05
10.0,0.0014273286797106266,0.00011015012569259852
11.0,0.0014124608132988214,9.351822518510744e-05
12.0,0.0013977477792650461,0.00010641664994182065
13.0,0.0013831880642101169,4.465196616365574e-05
14.0,0.0013687798054888844,1.752677417243831e-05
15.0,0.0013545218389481306,1.65867659234209e-05
16.0,0.001340412301942706,1.4325015399663243e-05
17.0,0.001326449797488749,1.2056510968250223e-05
18.0,0.0013126326957717538,4.6830569772282615e-05
19.0,0.0012989594833925366,2.0276587747503072e-05
20.0,0.0012854287633672357,0.00011960528354393318
21.0,0.0012720389058813453,1.8959926819661632e-05
22.0,0.0012587886303663254,0.00011173399980179965
23.0,0.0012456763070076704,2.0025223420816474e-05
24.0,0.0012327005388215184,9.146664524450898e-05
25.0,0.0012198600452393293,9.012418740894645e-05
26.0,0.0012071531964465976,1.2388876712066121e-05
27.0,0.0011945788282901049,8.482433258905075e-06
28.0,0.0011821354273706675,9.066070197150111e-05
29.0,0.0011698215967044234,1.5924766557873227e-05
30.0,0.0011576359393075109,9.34535637497902e-06
31.0,0.0011455774074420333,6.579757155122934e-06
32.0,0.0011336442548781633,0.00020260225574020296
33.0,0.0011218355502933264,1.2064775546605233e-05
34.0,0.0011101498967036605,7.851009286241606e-06
35.0,0.0010985858971253037,6.798367394367233e-06
36.0,0.0010871423874050379,7.017667667241767e-05
37.0,0.001075817970559001,5.102207978779916e-06
38.0,0.0010646117152646184,1.6033905922085978e-05
39.0,0.0010535219917073846,4.629785689758137e-05
40.0,0.001042547868564725,1.024066295940429e-05
41.0,0.0010316881816834211,1.2327505828579888e-05
42.0,0.0010209414176642895,3.4844206311390735e-06
43.0,0.0010103066451847553,5.064712695457274e-06
44.0,0.0009997827000916004,5.914597932132892e-05
45.0,0.0009893683018162847,4.750644166051643e-06
46.0,0.0009790625190362334,1.3353763279155828e-05
47.0,0.0009688640129752457,2.2730922864866443e-05
48.0,0.0009587717358954251,2.2915221052244306e-05
49.0,0.0009487845818512142,3.3810931199695915e-05
50.0,0.0009389015031047165,2.249407407362014e-05
51.0,0.0009291213355027139,1.989751217479352e-05
52.0,0.0009194430313073099,1.3831488104187883e-05
53.0,0.0009098656009882689,1.9182374671800062e-05
54.0,0.0009003878221847117,1.626384437258821e-05
55.0,0.0008910088217817247,1.583639459568076e-05
56.0,0.0008817275520414114,1.4197716154740192e-05
57.0,0.0008725430234335363,1.1808301678684074e-05
58.0,0.0008634540718048811,1.0572599421720952e-05
59.0,0.0008544597658328712,9.814002623897977e-06
60.0,0.0008455592324025929,9.709341611596756e-06
61.0,0.0008367513655684888,1.015517864288995e-05
62.0,0.0008280352340079844,1.0798188668559305e-05
63.0,0.0008194099646061659,1.1196354535059072e-05
64.0,0.0008108744514174759,1.1399478353268933e-05
65.0,0.0008024278795346618,1.1129826816613786e-05
66.0,0.0007940693758428097,1.0442809070809744e-05
67.0,0.0007857978343963623,9.261728337150998e-06
68.0,0.0007776124984957278,7.98280871094903e-06
69.0,0.0007695124368183315,6.877728083054535e-06
70.0,0.0007614967180415988,6.270122867135797e-06
71.0,0.000753564469050616,5.933085503784241e-06
72.0,0.0007457149331457913,7.011105026322184e-06
73.0,0.0007379470625892282,2.8649008072534343e-06
74.0,0.0007302602170966566,7.1326248871628195e-06
75.0,0.000722653407137841,8.18166972749168e-06
76.0,0.0007151258178055286,1.1328614164085593e-05
77.0,0.0007076765759848058,5.3323501560953446e-06
78.0,0.0007003049831837416,2.313444019819144e-05
79.0,0.0006930102244950831,7.199516403488815e-06
80.0,0.0006857913685962558,6.456071332650026e-06
81.0,0.0006786477752029896,4.422796791914152e-06
82.0,0.0006715785712003708,5.06823471368989e-06
83.0,0.0006645829998888075,5.9739240896306e-06
84.0,0.0006576603627763689,3.7919448914180975e-06
85.0,0.0006508097285404801,4.8464735300512984e-06
86.0,0.0006440305151045322,2.8329604901955463e-06
87.0,0.0006373218493536115,4.309261839807732e-06
88.0,0.0006306831492111087,4.743782028526766e-06
89.0,0.0006241135997697711,5.523786512640072e-06
90.0,0.0006176124443300068,4.116446689295117e-06
91.0,0.0006111790426075459,2.9218765575933503e-06
92.0,0.0006048126379027963,4.13774750995799e-06
93.0,0.0005985125317238271,3.6614319469663315e-06
94.0,0.0005922780255787075,3.079799398619798e-06
95.0,0.0005861085373908281,2.6727091153588844e-06
96.0,0.0005800032522529364,2.0603129087248817e-06
97.0,0.000573961588088423,4.084615738975117e-06
98.0,0.000567982904613018,5.305621471052291e-06
99.0,0.0005620663869194686,3.888030732923653e-06
100.0,0.0005562116275541484,4.281808287487365e-06
101.0,0.0005504177534021437,4.809813617612235e-06
102.0,0.0005446842988021672,4.67535619463888e-06
103.0,0.0005390105070546269,1.1715660548361484e-05
104.0,0.0005333958542905748,4.289029675419442e-06
105.0,0.0005278397002257407,1.97604322238476e-06
106.0,0.0005223413463681936,4.049210019729799e-06
107.0,0.0005169003852643073,1.4616824728364008e-06
108.0,0.0005115160020068288,4.278976120986044e-06
109.0,0.0005061877309344709,2.723292709561065e-06
110.0,0.0005009149899706244,7.581099907838507e-06
111.0,0.0004956971970386803,3.2109826406667707e-06
112.0,0.0004905337118543684,2.149514330085367e-06
113.0,0.0004854240105487406,7.200325399026042e-06
114.0,0.0004803675692528486,2.4423297872999683e-06
115.0,0.0004753637476824224,4.542740498436615e-06
116.0,0.0004704120510723442,1.4436603805734194e-06
117.0,0.00046551195555366576,1.4390824389920454e-06
118.0,0.0004606629372574389,3.0496876206598245e-06
119.0,0.000455864385003224,1.3022203120272025e-06
120.0,0.00045111580402590334,1.4871427538309945e-06
121.0,0.0004464167286641896,1.6905439679248957e-06
122.0,0.0004417665477376431,3.242090997446212e-06
123.0,0.00043716488289646804,7.677121175220236e-06
124.0,0.0004326110938563943,2.126677145497524e-06
125.0,0.00042810477316379547,5.620602678391151e-06
126.0,0.0004236453678458929,4.922727839584695e-06
127.0,0.00041923238313756883,1.004652972369513e-06
128.0,0.00041486541158519685,5.179781965125585e-06
129.0,0.00041054398752748966,2.304619556525722e-06
130.0,0.0004062674706801772,2.063205329250195e-06
131.0,0.000402035511797294,6.203689736139495e-06
132.0,0.00039784767432138324,9.236671871803992e-07
133.0,0.00039370349259115756,2.446324742777506e-06
134.0,0.0003896024136338383,2.5320107397419633e-06
135.0,0.0003855440590996295,2.4824273623380577e-06
136.0,0.0003815280506387353,2.726684215303976e-06
137.0,0.0003775538061745465,1.1774005770348595e-06
138.0,0.0003736209764610976,2.536570036681951e-06
139.0,0.00036972909583710134,9.983012887460063e-07
140.0,0.0003658778150565922,1.0727234212026815e-06
141.0,0.0003620665811467916,1.6801702713564737e-06
142.0,0.00035829507396556437,1.565538696013391e-06
143.0,0.00035456291516311467,2.365704403928248e-06
144.0,0.00035086952266283333,2.3780717128829565e-06
145.0,0.0003472146636340767,2.256366542496835e-06
146.0,0.00034359784331172705,2.3099630652723135e-06
147.0,0.00034001877065747976,1.5414826748383348e-06
148.0,0.0003364768926985562,1.915026587084867e-06
149.0,0.00033297191839665174,1.965804813153227e-06
150.0,0.0003295035567134619,1.9959545625169994e-06
151.0,0.00032607122557237744,2.1041314539615996e-06
152.0,0.00032267466303892434,2.620249915707973e-06
153.0,0.00031931346165947616,1.8051432562060654e-06
154.0,0.00031598733039572835,1.3315016076376196e-06
155.0,0.00031269583269022405,6.026470600772882e-06
156.0,0.00030943856108933687,7.956538183861994e-07
157.0,0.0003062153118662536,6.734079533998738e-07
158.0,0.00030302556115202606,2.1948685571260285e-06
159.0,0.00029986907611601055,1.7677541563898558e-06
160.0,0.00029674542020075023,5.74330442759674e-07
161.0,0.0002936543896794319,8.557506703255058e-07
162.0,0.00029059548978693783,1.1648699000943452e-06
163.0,0.0002875684585887939,1.3454005056701135e-06
164.0,0.00028457300504669547,8.740475436752604e-07
165.0,0.00028160872170701623,7.989846153577673e-07
166.0,0.0002786752884276211,8.463605354336323e-07
167.0,0.0002757724141702056,8.236917778958741e-07
168.0,0.0002728998370002955,1.108411652239738e-06
169.0,0.0002700571494642645,9.863773584584123e-07
170.0,0.000267244060523808,2.8662423119385494e-06
171.0,0.0002644603082444519,6.994806653892738e-07
172.0,0.0002617055142764002,8.226132308664091e-07
173.0,0.0002589794166851789,1.1575154985621339e-06
174.0,0.0002562817244324833,7.264000601026055e-07
175.0,0.0002536121755838394,7.359460596489953e-07
176.0,0.0002509703626856208,1.1000502126989886e-06
177.0,0.0002483561111148447,8.172523280336463e-07
178.0,0.00024576912983320653,7.576863936264999e-07
179.0,0.00024320901138707995,1.1890811038028914e-06
180.0,0.00024067559570539743,6.278698378991976e-07
181.0,0.00023816856264602393,6.957658911233011e-07
182.0,0.00023568769393023103,6.17165198946168e-07
183.0,0.0002332326112082228,6.058562007638102e-07
184.0,0.00023080311075318605,5.313485758051684e-07
185.0,0.00022839894518256187,8.853870099301275e-07
186.0,0.00022601979435421526,5.028739451518049e-07
187.0,0.00022366542543750256,3.5310108614794444e-07
188.0,0.00022133557649794966,3.439262741267157e-07
189.0,0.00021903004380874336,2.5862909751595e-06
190.0,0.00021674850722774863,4.998074132345209e-07
191.0,0.00021449069026857615,6.2071035245026e-07
192.0,0.0002122564474120736,4.6818234977763495e-07
193.0,0.000210045458516106,4.4798164822168474e-07
194.0,0.00020785747619811445,1.3547830803872785e-06
195.0,0.0002056923258351162,2.5739489046827657e-06
196.0,0.0002035497163888067,1.9223575691285077e-06
197.0,0.00020142940047662705,3.5088892218482215e-06
198.0,0.00019933120347559452,4.5962076455907663e-07
199.0,0.00019725483434740454,3.0019123187230434e-07
200.0,0.0001952001330209896,1.1043118774978211e-06
201.0,0.0001931667939061299,1.88835645076324e-06
202.0,0.0001911546423798427,1.2177130201962427e-06
203.0,0.00018916348926723003,1.3806247807224281e-06
204.0,0.00018719304352998734,3.652184659586055e-06
205.0,0.00018524311599321663,8.803368700682768e-07
206.0,0.00018331350293010473,1.42341423270409e-06
207.0,0.00018140401516575366,3.189712060702732e-06
208.0,0.0001795143907656893,3.8359917198249605e-07
209.0,0.00017764445510692894,4.210968199913623e-06
210.0,0.0001757940190145746,1.4723678987138555e-06
211.0,0.00017396283510606736,1.422359787284222e-06
212.0,0.00017215072875842452,3.1751769711263478e-06
213.0,0.00017035749624483287,1.5313780750147998e-06
214.0,0.00016858296294230968,1.3725488088311977e-06
215.0,0.00016682689602021128,2.0677450720540946e-06
216.0,0.00016508913540747017,1.435837134522444e-06
217.0,0.00016336947737727314,1.2227200159031781e-06
218.0,0.000161667718202807,2.2690417154080933e-06
219.0,0.0001599836687091738,1.1626224249994266e-06
220.0,0.00015831718337722123,1.3277086736707133e-06
221.0,0.00015666807303205132,1.3347090543902596e-06
222.0,0.00015503611939493567,1.2985287867195439e-06
223.0,0.00015342116239480674,1.2929536978845135e-06
224.0,0.00015182305651251227,1.2675590141952853e-06
225.0,0.00015024156891740859,1.2601281014212873e-06
226.0,0.00014867655409034342,1.2372606761346105e-06
227.0,0.00014712783740833402,1.2289254982533748e-06
228.0,0.00014559528790414333,1.210632376569265e-06
229.0,0.0001440786727471277,1.2011140597678605e-06
230.0,0.0001425778609700501,1.1856028550027986e-06
231.0,0.00014109269250184298,1.1684254559440888e-06
232.0,0.00013962297816760838,1.155588734036428e-06
233.0,0.00013816857244819403,1.1368700825187261e-06
234.0,0.00013672932982444763,1.124741629610071e-06
235.0,0.00013530507567338645,1.105075966734148e-06
236.0,0.00013389564992394298,1.0967236221404164e-06
237.0,0.00013250090705696493,1.0741805454017594e-06
238.0,0.00013112071610521525,8.06197192559921e-07
239.0,0.00012975488789379597,1.116073690354824e-06
240.0,0.0001284032769035548,9.576585853210418e-07
241.0,0.00012706573761533946,8.516209391018492e-07
242.0,0.00012574216816574335,1.0389862836746033e-06
243.0,0.00012443235027603805,1.473974293730862e-06
244.0,0.00012313618208281696,1.5950207625792245e-06
245.0,0.00012185353261884302,2.77173444374057e-06
246.0,0.00012058422726113349,3.166994986258942e-07
247.0,0.00011932814959436655,2.4147198018908966e-06
248.0,0.00011808515409938991,2.5448625251556223e-07
249.0,0.00011685511708492413,2.754943864147208e-07
250.0,0.0001156378784799017,1.7684948261376121e-06
251.0,0.00011443331459304318,2.3268489712791052e-07
252.0,0.00011324132356094196,2.2589881609746953e-07
253.0,0.0001120617234846577,2.2582653969038802e-07
254.0,0.00011089441977674142,2.322784382613463e-07
255.0,0.00010973927419399843,2.3812881977391953e-07
256.0,0.00010859615576919168,2.623562238568411e-07
257.0,0.00010746494808699936,2.2441012959006912e-07
258.0,0.00010634556383593008,2.2229721707844874e-07
259.0,0.00010523779201321304,2.5835447559074964e-07
260.0,0.00010414157441118732,7.280602289938543e-07
261.0,0.00010305676551070064,2.1914950139034772e-06
262.0,0.0001019832634483464,1.8096102394338232e-06
263.0,0.00010092093725688756,1.194752485389472e-06
264.0,9.986967052100226e-05,1.8846137663786067e-06
265.0,9.8829397757072e-05,1.915683242259547e-06
266.0,9.77999297901988e-05,1.195486788674316e-06
267.0,9.678118658484891e-05,1.4739572407052037e-06
268.0,9.577304444974288e-05,9.677485195425106e-07
269.0,9.477541607338935e-05,2.130304892489221e-06
270.0,9.378817048855126e-05,1.6397017361668986e-06
271.0,9.281121310777962e-05,6.225463380360452e-07
272.0,9.184446389554068e-05,8.138271709867695e-07
273.0,9.08877482288517e-05,8.536285349691752e-07
274.0,8.994100062409416e-05,1.7094914710469311e-06
275.0,8.900411921786144e-05,9.95280629467743e-07
276.0,8.807699487078935e-05,6.475185045928811e-07
277.0,8.715952571947128e-05,1.8078681023325771e-06
278.0,8.625161717645824e-05,1.1048132364521734e-06
279.0,8.53531964821741e-05,6.486731081167818e-07
280.0,8.446409628959373e-05,6.794065257054172e-07
281.0,8.358426566701382e-05,6.926823630237777e-07
282.0,8.271359547507018e-05,7.361256848525954e-07
283.0,8.185199840227142e-05,7.343186325670104e-07
284.0,8.099937258521095e-05,7.064080023155839e-07
285.0,8.015563798835501e-05,7.3969715685962e-07
286.0,7.932070730021223e-05,7.061219662318763e-07
287.0,7.849444955354556e-05,7.751669954814133e-07
288.0,7.767679926473647e-05,8.057609193201642e-07
289.0,7.686766912229359e-05,6.960004270695208e-07
290.0,7.606697181472555e-05,6.490447503892938e-07
291.0,7.527460547862574e-05,5.956817972219142e-07
292.0,7.449049007846043e-05,5.46084777397482e-07
293.0,7.371457468252629e-05,6.001765768814948e-07
294.0,7.294672104762867e-05,1.043208271767071e-06
295.0,7.218685641419142e-05,5.089742103336903e-07
296.0,7.143491529859602e-05,5.833150567013945e-07
297.0,7.069079583743587e-05,4.904388219983957e-07
298.0,6.995443982305005e-05,6.316409439932613e-07
299.0,6.922574539203197e-05,4.2672138533816906e-07
300.0,6.850466888863593e-05,4.7084688503673533e-07
301.0,6.77910793456249e-05,4.789792455994757e-07
302.0,6.708492583129555e-05,3.0623510838267975e-07
303.0,6.638612831011415e-05,2.7604934871305886e-07
304.0,6.569460674654692e-05,2.6650315021470306e-07
305.0,6.501028838101774e-05,2.529245364257804e-07
306.0,6.433310045395046e-05,6.527977234327409e-07
307.0,6.366297748172656e-05,2.4182503466363414e-07
308.0,6.299982487689704e-05,5.790323598375835e-07
309.0,6.234358443180099e-05,2.233537799156693e-07
310.0,6.169416883494705e-05,5.188799150346313e-07
311.0,6.10515198786743e-05,2.1286011531174154e-07
312.0,6.041557207936421e-05,4.6315210511238547e-07
313.0,5.978624176350422e-05,4.308588756885001e-07
314.0,5.9163488913327456e-05,3.9371232674056955e-07
315.0,5.854720075149089e-05,3.320760413316748e-07
316.0,5.793734089820646e-05,2.212624536923613e-07
317.0,5.733382567996159e-05,4.479765607356967e-07
318.0,5.673660052707419e-05,2.9681586966034956e-07
319.0,5.614559631794691e-05,1.5970225319961173e-07
320.0,5.556074756896123e-05,3.7832521115888085e-07
321.0,5.498200698639266e-05,4.201616263799224e-07
322.0,5.4409276344813406e-05,2.2154912926453108e-07
323.0,5.384251562645659e-05,2.324735106640219e-07
324.0,5.328165934770368e-05,3.3711327773744415e-07
325.0,5.2726642024936154e-05,9.530118916245556e-08
326.0,5.21774054504931e-05,3.1382165843751864e-07
327.0,5.16338950546924e-05,8.99188279390728e-08
328.0,5.109605990583077e-05,2.2863632409553247e-07
329.0,5.0563809054438025e-05,2.1300243702171429e-07
330.0,5.0037102482747287e-05,1.9817605334537802e-07
331.0,4.951588198309764e-05,2.191131471818153e-07
332.0,4.900009298580699e-05,1.7549552921991562e-07
333.0,4.848968092119321e-05,1.0897768731865654e-07
334.0,4.798458030563779e-05,1.3856259784006397e-07
335.0,4.7484754759352654e-05,1.0617777235211179e-07
336.0,4.6990120608825237e-05,1.1359352214412866e-07
337.0,4.6500645112246275e-05,9.380211452025833e-08
338.0,4.601626278599724e-05,1.0114054305176978e-07
339.0,4.5536926336353645e-05,8.243156202070168e-08
340.0,4.5062584831612185e-05,9.136112311125544e-08
341.0,4.4593183702090755e-05,8.055952349650397e-08
342.0,4.4128686568001285e-05,7.976426985578655e-08
343.0,4.366901339381002e-05,8.236706605657673e-08
344.0,4.3214127799728885e-05,8.531348782980785e-08
345.0,4.276398249203339e-05,7.893783049439662e-08
346.0,4.231852653902024e-05,8.275833351945039e-08
347.0,4.187770537100732e-05,7.697740755929772e-08
348.0,4.144148260820657e-05,8.18109242572973e-08
349.0,4.1009814594872296e-05,7.717209626889598e-08
350.0,4.058262857142836e-05,8.092033709772295e-08
351.0,4.01598954340443e-05,7.830909254380458e-08
352.0,3.9741564251016825e-05,8.051899413885621e-08
353.0,3.9327591366600245e-05,7.871127394309951e-08
354.0,3.891792948707007e-05,7.912178290325755e-08
355.0,3.8512531318701804e-05,7.870502827245218e-08
356.0,3.811137503362261e-05,7.809688185034247e-08
357.0,3.7714380596298724e-05,7.761383358229068e-08
358.0,3.732152617885731e-05,7.696925763411855e-08
359.0,3.693275721161626e-05,7.694296044746807e-08
360.0,3.654804459074512e-05,7.643537713875048e-08
361.0,3.616733738454059e-05,7.568972648641648e-08
362.0,3.579059193725698e-05,7.439806637421498e-08
363.0,3.5417786421021447e-05,7.344088714944519e-08
364.0,3.504885171423666e-05,7.205940733001626e-08
365.0,3.468376235105097e-05,7.105690258413233e-08
366.0,3.432247103773989e-05,7.018485348453396e-08
367.0,3.396494867047295e-05,6.959155740560163e-08
368.0,3.361114431754686e-05,6.907939820166575e-08
369.0,3.326102887513116e-05,6.874024194303274e-08
370.0,3.2914573239395395e-05,6.840734556590178e-08
371.0,3.2571711926721036e-05,6.807136543329761e-08
372.0,3.223242674721405e-05,6.781550609957776e-08
373.0,3.189667040714994e-05,6.753058556796532e-08
374.0,3.1564413802698255e-05,6.732277313403756e-08
375.0,3.123562055407092e-05,6.71672992780259e-08
376.0,3.091024700552225e-05,6.699285393096943e-08
377.0,3.058827860513702e-05,6.691760745525244e-08
378.0,3.02696498692967e-05,6.70169910677032e-08
379.0,2.9954342608107254e-05,6.71397302198784e-08
380.0,2.9642316803801805e-05,6.742767055811782e-08
381.0,2.9333543352549896e-05,6.779456640515491e-08
382.0,2.902798769355286e-05,6.843409749990315e-08
383.0,2.8725613447022624e-05,6.881067804442864e-08
384.0,2.8426396966096945e-05,6.737451485605561e-08
385.0,2.813029095705133e-05,6.527842799641803e-08
386.0,2.783726631605532e-05,6.517139894413049e-08
387.0,2.7547295758267865e-05,9.387935762106281e-08
388.0,2.7260344722890295e-05,7.671418700283539e-08
389.0,2.697638228710275e-05,1.4108421453329356e-07
390.0,2.669538116606418e-05,1.356854966161336e-07
391.0,2.6417312255944125e-05,1.642167575255371e-07
392.0,2.61421319009969e-05,9.472057627135655e-08
393.0,2.586982009233907e-05,1.5630520522336155e-07
394.0,2.5600344088161364e-05,1.3171384694032895e-07
395.0,2.5333672965643927e-05,1.444218753476889e-07
396.0,2.506978125893511e-05,1.524107631212246e-07
397.0,2.4808636226225644e-05,1.5528328844993666e-07
398.0,2.4550214220653288e-05,1.5638015327112953e-07
399.0,2.4294491595355794e-05,1.4976961892898544e-07
400.0,2.4041424694587477e-05,8.33883504469668e-08
401.0,2.3790993509464897e-05,6.95088928637233e-08
402.0,2.3543170755147003e-05,6.552465237064098e-08
403.0,2.3297930965782143e-05,6.345931069517974e-08
404.0,2.305524321855046e-05,6.273378971854982e-08
405.0,2.2815083866589703e-05,6.256843221308372e-08
406.0,2.257743472000584e-05,6.281333497781816e-08
407.0,2.2342255761031993e-05,6.325230827997075e-08
408.0,2.2109523342805915e-05,6.389790740968238e-08
409.0,2.1879215637454763e-05,6.463081092533685e-08
410.0,2.1651308998116292e-05,6.51944063179144e-08
411.0,2.1425774320960045e-05,6.582724410009178e-08
412.0,2.120258977811318e-05,6.639798755259108e-08
413.0,2.0981735360692255e-05,6.6929679576333e-08
414.0,2.0763176507898606e-05,6.707603006361751e-08
415.0,2.0546893210848793e-05,6.739710300962543e-08
416.0,2.0332863641669974e-05,6.761370485719453e-08
417.0,2.01210641534999e-05,6.758865112033163e-08
418.0,1.9911469280486926e-05,6.740012992167976e-08
419.0,1.970405901374761e-05,6.741100833096425e-08
420.0,1.9498815163387917e-05,6.711722733143688e-08
421.0,1.929570316860918e-05,6.686200748617921e-08
422.0,1.9094706658506766e-05,6.658918749735676e-08
423.0,1.8895803805207834e-05,6.617543846232365e-08
424.0,1.869897278083954e-05,6.574405375658898e-08
425.0,1.8504191757529043e-05,6.532567908834608e-08
426.0,1.8311440726392902e-05,6.480183145640694e-08
427.0,1.8120701497537084e-05,6.432397725575356e-08
428.0,1.793194496713113e-05,6.385593565028103e-08
429.0,1.774515476427041e-05,6.334925473083786e-08
430.0,1.756030906108208e-05,6.27925302865151e-08
431.0,1.7377389667672105e-05,6.227140403325393e-08
432.0,1.7196376575157046e-05,6.178346012575275e-08
433.0,1.701724795566406e-05,6.131602958703297e-08
434.0,1.683998925727792e-05,6.085403470024175e-08
435.0,1.6664573195157573e-05,6.032351507201383e-08
436.0,1.6490983398398384e-05,5.988091800190887e-08
437.0,1.6319205315085128e-05,5.9383776118693277e-08
438.0,1.6149213479366153e-05,5.903707744892017e-08
439.0,1.598099152033683e-05,5.866771957130368e-08
440.0,1.5814523067092523e-05,5.829140903301777e-08
441.0,1.5649793567718007e-05,5.7988312818224585e-08
442.0,1.5486775737372227e-05,5.7681916132423794e-08
443.0,1.532545684312936e-05,5.739883945921065e-08
444.0,1.5165815966611262e-05,5.715051187848985e-08
445.0,1.5007838555902708e-05,5.689903659344964e-08
446.0,1.4851508240099065e-05,5.670550251579698e-08
447.0,1.4696805010316893e-05,5.650104384358201e-08
448.0,1.4543717952619772e-05,5.631485677781711e-08
449.0,1.439222069166135e-05,5.614481679572236e-08
450.0,1.4242302313505206e-05,5.601205188554559e-08
451.0,1.4093944628257304e-05,5.5874519233611863e-08
452.0,1.3947133993497118e-05,5.576770334414505e-08
453.0,1.380185130983591e-05,5.565999927625853e-08
454.0,1.3658082934853155e-05,5.556028881414932e-08
455.0,1.3515815226128325e-05,5.547429537955395e-08
456.0,1.3375025446293876e-05,5.539332903481409e-08
457.0,1.3235702681413386e-05,5.531543223469271e-08
458.0,1.3097831470076926e-05,5.525637547521001e-08
459.0,1.2961396350874566e-05,5.519550683175112e-08
460.0,1.2826381862396374e-05,5.5127216569417214e-08
461.0,1.2692773452727124e-05,5.509335565534457e-08
462.0,1.2560561117425095e-05,5.5036668555885626e-08
463.0,1.2429722119122744e-05,5.497967947576399e-08
464.0,1.230024645337835e-05,5.496044153119328e-08
465.0,1.2172118658781983e-05,5.491667920409782e-08
466.0,1.204532691190252e-05,5.4893053658133795e-08
467.0,1.1919854841835331e-05,5.4845010311055375e-08
468.0,1.179568971565459e-05,5.48214273976555e-08
469.0,1.1672821528918575e-05,5.4832927531833775e-08
470.0,1.1551230272743851e-05,5.481037845811443e-08
471.0,1.1430905033193994e-05,5.478596420971371e-08
472.0,1.131183307734318e-05,5.4780915803576136e-08
473.0,1.1194001672265586e-05,5.476035269680324e-08
474.0,1.1077398085035384e-05,5.474064579402693e-08
475.0,1.0962008673232049e-05,5.470926467410209e-08
476.0,1.0847824341908563e-05,5.470048236588809e-08
477.0,1.073482690117089e-05,5.469477670771994e-08
478.0,1.0623005437082611e-05,5.467127905944835e-08
479.0,1.0512349035707302e-05,5.4639109237086814e-08
480.0,1.0402845873613842e-05,5.4617540712342816e-08
481.0,1.0294483217876405e-05,5.460888630182126e-08
482.0,1.0187249245063867e-05,5.4573412455738435e-08
483.0,1.0081135769723915e-05,5.454060314491471e-08
484.0,9.976123692467809e-06,5.4510536529051024e-08
485.0,9.872206646832637e-06,5.4493177970016404e-08
486.0,9.769370990397874e-06,5.446908701856046e-08
487.0,9.6676067187218e-06,5.4451412268008426e-08
488.0,9.566902917867992e-06,5.442539929845225e-08
489.0,9.467247764405329e-06,5.441508932335637e-08
490.0,9.368633982376195e-06,5.4413590078183915e-08
491.0,9.271044291381259e-06,5.44062359608688e-08
492.0,9.174470505968202e-06,5.4405212779329304e-08
493.0,9.078903531190008e-06,5.442286976631294e-08
494.0,8.984331543615554e-06,5.445219386501776e-08
495.0,8.890745448297821e-06,5.448998408041916e-08
496.0,8.798133421805687e-06,5.4547168559793136e-08
497.0,8.70648909767624e-06,5.465334140808409e-08
498.0,8.615797014499549e-06,5.475412834243798e-08
499.0,8.526048986823298e-06,5.492508492466186e-08
500.0,8.437236829195172e-06,5.519347823224052e-08
501.0,8.349347808689345e-06,5.5600899884211685e-08
502.0,8.262376468337607e-06,5.624513477187065e-08
503.0,8.176310075214133e-06,5.730029783990176e-08
504.0,8.09114226285601e-06,5.898972332829544e-08
505.0,8.006860298337415e-06,6.151716291924458e-08
506.0,7.923455086711328e-06,6.564452093016371e-08
507.0,7.840919352020137e-06,7.332284468475336e-08
508.0,7.759243999316823e-06,8.669502449265565e-08
509.0,7.678418114664964e-06,1.0775477932156718e-07
510.0,7.5984353316016495e-06,9.291213132200937e-08
511.0,7.519287464674562e-06,8.225295289321366e-08
512.0,7.4409585977264214e-06,7.848543503996552e-08
513.0,7.3634514592413325e-06,7.639158638994559e-08
514.0,7.286746495083207e-06,7.450834260680494e-08
515.0,7.2108450694940984e-06,7.320431194557386e-08
516.0,7.135734904295532e-06,7.183895434081933e-08
517.0,7.061401902319631e-06,7.065243323722825e-08
518.0,6.987848337303149e-06,6.980784661436701e-08
519.0,6.915056474099401e-06,6.87220165218605e-08
520.0,6.84302676745574e-06,6.777750627406931e-08
521.0,6.771743301214883e-06,6.714539324548241e-08
522.0,6.701206075376831e-06,6.65044836978268e-08
523.0,6.631404630752513e-06,6.590585144294892e-08
524.0,6.562325779668754e-06,6.522127193875349e-08
525.0,6.493969976872904e-06,6.456760104356363e-08
526.0,6.426322670449736e-06,6.422953902074369e-08
527.0,6.359383860399248e-06,6.365397098306858e-08
528.0,6.2931380853115115e-06,6.315833900316647e-08
529.0,6.2275871641759295e-06,6.260250984269078e-08
530.0,6.162718364066677e-06,6.212678727024468e-08
531.0,6.098521225794684e-06,6.171752175987422e-08
532.0,6.034997113602003e-06,6.11311961051797e-08
533.0,5.972131020826055e-06,6.069022617793962e-08
534.0,5.90992340221419e-06,6.023100240781787e-08
535.0,5.8483597058511805e-06,5.973949157578318e-08
536.0,5.787441295979079e-06,5.923318724398996e-08
537.0,5.727157713408815e-06,5.885025444740677e-08
538.0,5.667498044203967e-06,5.835921612629136e-08
539.0,5.608463197859237e-06,5.784927026297737e-08
540.0,5.550039986701449e-06,5.747489950636009e-08
541.0,5.492229320225306e-06,5.700630012483998e-08
542.0,5.435016646515578e-06,5.659925861323245e-08
543.0,5.3784037845616695e-06,5.626927901403178e-08
544.0,5.322380729921861e-06,5.585385665085596e-08
545.0,5.266937478154432e-06,5.5512131780233176e-08
546.0,5.212075393501436e-06,5.509264155989513e-08
547.0,5.157781288289698e-06,5.478834097516483e-08
548.0,5.104056072013918e-06,5.446448625434641e-08
549.0,5.050887466495624e-06,5.4165745666523435e-08
550.0,4.998275926482165e-06,5.385849988215341e-08
551.0,4.946211902279174e-06,5.364289989984172e-08
552.0,4.894687663181685e-06,5.335228792091584e-08
553.0,4.843703209189698e-06,5.309512118856219e-08
554.0,4.79324626212474e-06,5.2866838018417184e-08
555.0,4.743318186228862e-06,5.269240688221544e-08
556.0,4.693907158070942e-06,5.2515062520797073e-08
557.0,4.6450136323983315e-06,5.228076105368018e-08
558.0,4.596629878506064e-06,5.2135558092913925e-08
559.0,4.548746801447123e-06,5.195291308268679e-08
560.0,4.501365765463561e-06,5.179149908940417e-08
561.0,4.454474947124254e-06,5.171149197735758e-08
562.0,4.408075710671255e-06,5.154344151492296e-08
563.0,4.362157142168144e-06,5.143687786812734e-08
564.0,4.316719241614919e-06,5.133407299240389e-08
565.0,4.271755187801318e-06,5.125271229644568e-08
566.0,4.227256340527674e-06,5.116022094853179e-08
567.0,4.183223609288689e-06,5.107869682774435e-08
568.0,4.1396469896426424e-06,5.102974753867784e-08
569.0,4.096527391084237e-06,5.0973689269540046e-08
570.0,4.053853899677051e-06,5.089163934712815e-08
571.0,4.011627879663138e-06,5.0819618735431504e-08
572.0,3.9698411455901805e-06,5.079087728177001e-08
573.0,3.928487330995267e-06,5.0725514455507437e-08
574.0,3.887566890625749e-06,5.070196706924435e-08
575.0,3.847070729534607e-06,5.063947128292057e-08
576.0,3.8069981656008167e-06,5.0556455022388036e-08
577.0,3.7673407859983854e-06,5.049338014373461e-08
578.0,3.7280990454746643e-06,5.0440057464129495e-08
579.0,3.6892656680720393e-06,5.043337836241335e-08
580.0,3.6508347420749487e-06,5.034327799080529e-08
581.0,3.612806494857068e-06,5.028132221696069e-08
582.0,3.5751720588450553e-06,5.020723747861666e-08
583.0,3.537931888786261e-06,5.0158092790297815e-08
584.0,3.501077571854694e-06,5.0084938862937634e-08
585.0,3.4646088806766784e-06,5.0012573638014146e-08
586.0,3.4285205856576795e-06,4.9963613690806596e-08
587.0,3.392805865587434e-06,4.989289692503007e-08
588.0,3.3574651752132922e-06,4.98412262572856e-08
589.0,3.3224905564566143e-06,4.9768789978088535e-08
590.0,3.287882464064751e-06,4.9704077298429183e-08
591.0,3.253632712585386e-06,4.964251587580293e-08
592.0,3.219741529392195e-06,4.957978916309003e-08
593.0,3.186203912264318e-06,4.9521005962560594e-08
594.0,3.1530130399914924e-06,4.947700560364865e-08
595.0,3.12017027681577e-06,4.942211617731118e-08
596.0,3.087667664658511e-06,4.9381501554535134e-08
597.0,3.0555054308933904e-06,4.9306311922237e-08
598.0,3.023676299562794e-06,4.926407726202342e-08
599.0,2.9921809527877485e-06,4.9204022189996977e-08
600.0,2.9610132514790166e-06,4.914343421091871e-08
601.0,2.930168420789414e-06,4.910148021508576e-08
602.0,2.899646915466292e-06,4.9059845963483895e-08
603.0,2.8694414595520357e-06,4.901585270999931e-08
604.0,2.839552280420321e-06,4.8978776590047346e-08
605.0,2.80997278423456e-06,4.894821969969598e-08
606.0,2.7807031983684283e-06,4.890506843935327e-08
607.0,2.751738520601066e-06,4.886928905989407e-08
608.0,2.723073748711613e-06,4.883576920633459e-08
609.0,2.6947093374474207e-06,4.881198378825502e-08
610.0,2.6666384655982256e-06,4.8780577799334424e-08
611.0,2.6388620426587295e-06,4.875793635505943e-08
612.0,2.611373247418669e-06,4.8746130687504774e-08
613.0,2.5841720798780443e-06,4.8731884305652784e-08
614.0,2.5572546746843727e-06,4.872611825135209e-08
615.0,2.5306155748694437e-06,4.871072079026817e-08
616.0,2.5042561446753098e-06,4.871391823257909e-08
617.0,2.4781693355180323e-06,4.872686076851096e-08
618.0,2.4523558295186376e-06,4.87456404130171e-08
619.0,2.426809714961564e-06,4.876059378489117e-08
620.0,2.4015312192204874e-06,4.879860071582698e-08
621.0,2.3765162495692493e-06,4.884396886950526e-08
622.0,2.3517600311606657e-06,4.8890697712522524e-08
623.0,2.3272632461157627e-06,4.8961751986098534e-08
624.0,2.3030202100926545e-06,4.9034664328928557e-08
625.0,2.2790311504650163e-06,4.9138215274524555e-08
626.0,2.2552906102646375e-06,4.9266873247688636e-08
627.0,2.2317988168651937e-06,4.940550013543543e-08
628.0,2.2085516775405267e-06,4.956691768143173e-08
629.0,2.185545326938154e-06,4.97369718743812e-08
630.0,2.1627799924317515e-06,4.990092605794416e-08
631.0,2.1402504444267834e-06,5.011527193232723e-08
632.0,2.11795668292325e-06,5.0322174871553216e-08
633.0,2.095894160447642e-06,5.057299645727653e-08
634.0,2.074062649626285e-06,5.0830074371788214e-08
635.0,2.0524585124803707e-06,5.102029376757855e-08
636.0,2.0310781110310927e-06,5.124041280168967e-08
637.0,2.0099216726521263e-06,5.141726333590668e-08
638.0,1.988984422496287e-06,5.1592920158327615e-08
639.0,1.9682665879372507e-06,5.174842243604871e-08
640.0,1.9477631667541573e-06,5.181507134466301e-08
641.0,1.9274746136943577e-06,5.193439989170656e-08
642.0,1.907397290779045e-06,5.197815866608835e-08
643.0,1.8875281284636003e-06,5.2018030771705526e-08
644.0,1.8678670130611863e-06,5.2018975793544087e-08
645.0,1.8484095107851317e-06,5.1954415880572924e-08
646.0,1.8291557353222743e-06,5.1901096753681486e-08
647.0,1.8101014802596183e-06,5.186351970110081e-08
648.0,1.7912469729708391e-06,5.175921202749123e-08
649.0,1.7725886891639675e-06,5.1619991836560075e-08
650.0,1.7541236729812226e-06,5.151063575681292e-08
651.0,1.7358522654831177e-06,5.141746939330005e-08
652.0,1.7177699191961437e-06,5.131699154503622e-08
653.0,1.699876975180814e-06,5.1174737336623366e-08
654.0,1.6821693407109706e-06,5.10721029911565e-08
655.0,1.6646474705339642e-06,5.092685029239874e-08
656.0,1.6473079540446633e-06,5.082315723825559e-08
657.0,1.630147949072125e-06,5.0693120812184134e-08
658.0,1.6131679103636998e-06,5.054281260186144e-08
659.0,1.5963634041327168e-06,5.042411643785272e-08
660.0,1.57973522618704e-06,5.0332811696307544e-08
661.0,1.563279170113674e-06,5.020333659899734e-08
662.0,1.5469955769731314e-06,5.009025016988744e-08
663.0,1.5308814909076318e-06,4.999687419626753e-08
664.0,1.5149344108067453e-06,4.986980073340419e-08
665.0,1.4991543366704718e-06,4.977519552085141e-08
666.0,1.4835376305200043e-06,4.968049083231563e-08
667.0,1.468084633415856e-06,4.959505872648151e-08
668.0,1.4527917073792196e-06,4.9475215035954534e-08
669.0,1.4376588524100953e-06,4.938882725014082e-08
670.0,1.4226839084585663e-06,4.930711838824209e-08
671.0,1.4078638059800141e-06,4.921410834413109e-08
672.0,1.3931989997217897e-06,4.913686524332661e-08
673.0,1.3786860790787614e-06,4.905607653427069e-08
674.0,1.3643251577377669e-06,4.896948979649096e-08
675.0,1.35011305246735e-06,4.8894815307676254e-08
676.0,1.3360498769543483e-06,4.881760773400856e-08
677.0,1.3221331300883321e-06,4.87427911366467e-08
678.0,1.308360538132547e-06,4.866789282687023e-08
679.0,1.2947322147738305e-06,4.859900570863829e-08
680.0,1.2812450904675643e-06,4.8540105268557454e-08
681.0,1.2678991652137483e-06,4.847721513101533e-08
682.0,1.2546915968414396e-06,4.840731193667125e-08
683.0,1.2416222716638003e-06,4.835067102249013e-08
684.0,1.2286890296309139e-06,4.829653121873889e-08
685.0,1.2158898243797012e-06,4.8237669858508525e-08
686.0,1.203224769597e-06,4.8181039602468445e-08
687.0,1.1906907957381918e-06,4.814026866029053e-08
688.0,1.1782881301769521e-06,4.8091976623254595e-08
689.0,1.1660139307423378e-06,4.80526267665482e-08
690.0,1.1538684248080244e-06,4.802502928669128e-08
691.0,1.1418493386372575e-06,4.79848054624199e-08
692.0,1.1299547395537957e-06,4.794674524077891e-08
693.0,1.1181847412444768e-06,4.791664309777843e-08
694.0,1.1065367289120331e-06,4.788889995666068e-08
695.0,1.095010588869627e-06,4.785897544934414e-08
696.0,1.0836039336936665e-06,4.783585438872251e-08
697.0,1.0723167633841513e-06,4.781781015594788e-08
698.0,1.0611471452648402e-06,4.779628781648171e-08
699.0,1.050093146659492e-06,4.778068074529074e-08
700.0,1.0391549949417822e-06,4.776159556740822e-08
701.0,1.0283303026881185e-06,4.774738115997934e-08
702.0,1.0176187288379879e-06,4.7735699837403445e-08
703.0,1.0070182270283112e-06,4.772140727027363e-08
704.0,9.965287972590886e-07,4.770929251662892e-08
705.0,9.861487342277542e-07,4.770005190835036e-08
706.0,9.75875991571229e-07,4.769056616282796e-08
707.0,9.657110240368638e-07,4.768266137489263e-08
708.0,9.556512168273912e-07,4.767496264435067e-08
709.0,9.456968541599053e-07,4.7665501767824026e-08
710.0,9.358454917673953e-07,4.765688998986661e-08
711.0,9.260974138669553e-07,4.765030325870612e-08
712.0,9.164509151560196e-07,4.764389416322956e-08
713.0,9.069042903320224e-07,4.763838390431374e-08
714.0,8.974577099252201e-07,4.7630557276079344e-08
715.0,8.881088433554396e-07,4.762355487741843e-08
716.0,8.78858031683194e-07,4.7613760045805975e-08
717.0,8.697030011717288e-07,4.760950389481877e-08
718.0,8.606438655078819e-07,4.7603922581629377e-08
719.0,8.516790899193438e-07,4.759769467455044e-08
720.0,8.428072533206432e-07,4.759398919418345e-08
721.0,8.340282420249423e-07,4.7588109453045035e-08
722.0,8.253402370428375e-07,4.758126337378599e-08
723.0,8.167431815309101e-07,4.7577596973269465e-08
724.0,8.082352564997564e-07,4.7574900463587255e-08
725.0,7.998163482625387e-07,4.75676529276825e-08
726.0,7.914852631074609e-07,4.75641677155636e-08
727.0,7.832403525753762e-07,4.7562345173446374e-08
728.0,7.750819008833787e-07,4.755969129632831e-08
729.0,7.670079185118084e-07,4.7558163629446426e-08
730.0,7.590184623040841e-07,4.755150939672603e-08
731.0,7.511117701142211e-07,4.7548866177749005e-08
732.0,7.432879556290573e-07,4.7545103853963155e-08
733.0,7.355456546065398e-07,4.7543391445969974e-08
734.0,7.27883502804616e-07,4.754203786205835e-08
735.0,7.203016139101237e-07,4.7541817593810265e-08
736.0,7.127982257770782e-07,4.753984939043221e-08
737.0,7.05373508935736e-07,4.753774973664804e-08
738.0,6.980257012401125e-07,4.753702853577124e-08
739.0,6.907548026902077e-07,4.753795934675509e-08
740.0,6.835596764176444e-07,4.753501059440168e-08
741.0,6.764390718672075e-07,4.753632509846284e-08
742.0,6.693930458823161e-07,4.753437821136686e-08
743.0,6.62419950003823e-07,4.753493598741443e-08
744.0,6.555200116054039e-07,4.7538353697973434e-08
745.0,6.486914685410738e-07,4.7537675129660784e-08
746.0,6.419344913410896e-07,4.7540158476522265e-08
747.0,6.35247886293655e-07,4.754406290885527e-08
748.0,6.286305165303929e-07,4.7546613757276646e-08
749.0,6.22082495738141e-07,4.7542798142785614e-08
750.0,6.1560228914459e-07,4.754364013592749e-08
751.0,6.091900104365777e-07,4.754422633368449e-08
752.0,6.02844067998376e-07,4.754503990511694e-08
753.0,5.965646892036602e-07,4.754488713842875e-08
754.0,5.903506234972156e-07,4.7547324300012406e-08
755.0,5.842009613843402e-07,4.754548399432679e-08
756.0,5.78115759708453e-07,4.754804905360288e-08
757.0,5.720935405406635e-07,4.754905802428766e-08
758.0,5.661344175678096e-07,4.7547889181487335e-08
759.0,5.602370265478385e-07,4.7548660120355635e-08
760.0,5.544013674807502e-07,4.7546826920097374e-08
761.0,5.486265877152618e-07,4.754598137424182e-08
762.0,5.429115503829962e-07,4.75480455008892e-08
763.0,5.372564260142099e-07,4.754289051334126e-08
764.0,5.316598503668502e-07,4.7541373504600415e-08
765.0,5.261218802843359e-07,4.7537668024233426e-08
766.0,5.206412652114523e-07,4.7531127478350754e-08
767.0,5.152181188350369e-07,4.7525404056614207e-08
768.0,5.098514179735503e-07,4.752230964299997e-08
769.0,5.045403668191284e-07,4.7513594836345874e-08
770.0,4.992848516849335e-07,4.751499460553532e-08
771.0,4.940838493894262e-07,4.7510891221236307e-08
772.0,4.889373030891875e-07,4.750510740336722e-08
773.0,4.838440190724214e-07,4.749886528543357e-08
774.0,4.788041678693844e-07,4.749085036337419e-08
775.0,4.7381678314195597e-07,4.7483261766956275e-08
776.0,4.68881069082272e-07,4.747536053173462e-08
777.0,4.639970256903325e-07,4.746696191659794e-08
778.0,4.59163629784598e-07,4.74622261492641e-08
779.0,4.5438082452164963e-07,4.7458112106824046e-08
780.0,4.4964755829823844e-07,4.745143655782158e-08
781.0,4.4496385953607387e-07,4.743991510736123e-08
782.0,4.403289324272919e-07,4.743362680414975e-08
783.0,4.357420664291567e-07,4.7426748750467596e-08
784.0,4.312032331199589e-07,4.741847448030967e-08
785.0,4.2671138089644955e-07,4.74122181515213e-08
786.0,4.222666518671758e-07,4.740440573414162e-08
787.0,4.1786788074205106e-07,4.739593961744504e-08
788.0,4.1351526647304127e-07,4.738521397484874e-08
789.0,4.0920770061347866e-07,4.7378499345995806e-08
790.0,4.049452400067821e-07,4.736869030352864e-08
791.0,4.007272025319253e-07,4.735953496037837e-08
792.0,3.96552849224463e-07,4.735059278004883e-08
793.0,3.924222369278141e-07,4.734548397777871e-08
794.0,3.883343708821485e-07,4.733802327905323e-08
795.0,3.8428933635259455e-07,4.732845582111622e-08
796.0,3.8028622384445043e-07,4.73212864449124e-08
797.0,3.7632503335771617e-07,4.731260716539509e-08
798.0,3.724050827713654e-07,4.731042935190999e-08
799.0,3.6852577522950014e-07,4.730376090833488e-08
800.0,3.646870823104109e-07,4.730003411168582e-08
801.0,3.608881513628148e-07,4.7294356875227095e-08
802.0,3.571290108084213e-07,4.729104929879213e-08
803.0,3.5340883641765686e-07,4.728536850961973e-08
804.0,3.4972759976881207e-07,4.728486757699102e-08
805.0,3.460847040059889e-07,4.728234870299275e-08
806.0,3.424795522732893e-07,4.727955271732753e-08
807.0,3.389121729924227e-07,4.727671409909817e-08
808.0,3.3538174193381565e-07,4.72769947634788e-08
809.0,3.3188828751917754e-07,4.7276017767217127e-08
810.0,3.2843101394064433e-07,4.727538893689598e-08
811.0,3.250099780416349e-07,4.727352020950093e-08
812.0,3.216245829662512e-07,4.7275403147750694e-08
813.0,3.1827423185859516e-07,4.727457891817721e-08
814.0,3.1495895314037625e-07,4.727606750520863e-08
815.0,3.1167806469056814e-07,4.7278660986194154e-08
816.0,3.0843150966575195e-07,4.727698055262408e-08
817.0,3.0521860594490136e-07,4.727635527501661e-08
818.0,3.0203932510630693e-07,4.727637303858501e-08
819.0,2.9889318398090836e-07,4.727505853452385e-08
820.0,2.9577961413451703e-07,4.7277055159611336e-08
821.0,2.9269870083226124e-07,4.7277893600039533e-08
822.0,2.8964967668798636e-07,4.727618829747371e-08
823.0,2.8663259854511125e-07,4.7278003734163576e-08
824.0,2.8364672743919073e-07,4.7277300296855174e-08
825.0,2.806921770570625e-07,4.728007141352464e-08
826.0,2.777684073862474e-07,4.7278003734163576e-08
827.0,2.748749068359757e-07,4.7278156500851765e-08
828.0,2.720117038279568e-07,4.727681712779486e-08
829.0,2.6917817308458325e-07,4.72795242956181e-08
830.0,2.6637431460585503e-07,4.728047642288402e-08
831.0,2.635995031141647e-07,4.728226343786446e-08
832.0,2.6085376703122165e-07,4.7281446313718334e-08
833.0,2.581366231879656e-07,4.7281680792821135e-08
834.0,2.554476452587551e-07,4.7278064130296116e-08
835.0,2.5278680482188065e-07,4.727798597059518e-08
836.0,2.501535334431537e-07,4.727580815711008e-08
837.0,2.475478595442837e-07,4.727761648837259e-08
838.0,2.4496915784766315e-07,4.7275520387302095e-08
839.0,2.424174567750015e-07,4.72726036093718e-08
840.0,2.3989235842236667e-07,4.726955893374907e-08
841.0,2.3739342225326254e-07,4.7269416825201915e-08
842.0,2.349206482676891e-07,4.7270066971805136e-08
843.0,2.3247349645316717e-07,4.726785363118324e-08
844.0,2.3005198102055147e-07,4.7267342040413496e-08
845.0,2.2765551932479866e-07,4.7265537261864665e-08
846.0,2.2528418242018233e-07,4.7263846170153556e-08
847.0,2.2293757240277046e-07,4.726389235543138e-08
848.0,2.2061522031435743e-07,4.726175717451042e-08
849.0,2.1831722563092626e-07,4.7262638247502764e-08
850.0,2.1604301991828834e-07,4.726173941094203e-08
851.0,2.137926458090078e-07,4.726043556502191e-08
852.0,2.115655775014602e-07,4.7258868818289557e-08
853.0,2.0936182920650026e-07,4.725919211523433e-08
854.0,2.071810740744695e-07,4.725841051822499e-08
855.0,2.0502285735801706e-07,4.725821156625898e-08
856.0,2.0288727853312594e-07,4.7256182966748383e-08
857.0,2.0077379758731695e-07,4.7256651924953985e-08
858.0,1.9868247136400896e-07,4.725658087068041e-08
859.0,1.9661280248328694e-07,4.725636770785968e-08
860.0,1.9456483357771504e-07,4.725625757373564e-08
861.0,1.9253818095421593e-07,4.7255081625507955e-08
862.0,1.9053251776313118e-07,4.725453450760142e-08
863.0,1.885478582153155e-07,4.725426450136183e-08
864.0,1.8658377598512743e-07,4.725491464796505e-08
865.0,1.8464024265085754e-07,4.725216840029134e-08
866.0,1.8271686030857381e-07,4.7255376500743296e-08
867.0,1.8081361474742152e-07,4.7254339108349086e-08
868.0,1.7893020753945166e-07,4.725279367789881e-08
869.0,1.7706628341329633e-07,4.725205116073994e-08
870.0,1.7522191342322913e-07,4.7251617729671125e-08
871.0,1.7339662861104443e-07,4.725207958244937e-08
872.0,1.715904716093064e-07,4.725283986317663e-08
873.0,1.6980301609237358e-07,4.725305302599736e-08
874.0,1.680343046928101e-07,4.725415436723779e-08
875.0,1.6628399635010283e-07,4.725151825368812e-08
876.0,1.6455182105801214e-07,4.725298907715114e-08
877.0,1.6283779302739276e-07,4.725260893678751e-08
878.0,1.6114151435431268e-07,4.7252921575591245e-08
879.0,1.5946302767133602e-07,4.725155022811123e-08
880.0,1.5780189244196663e-07,4.7251916157620144e-08
881.0,1.5615817972047807e-07,4.7251116797042414e-08
882.0,1.5453159107892134e-07,4.725196234289797e-08
883.0,1.5292184230020212e-07,4.725132995986314e-08
884.0,1.5132896180602984e-07,4.725006164107981e-08
885.0,1.497525659033272e-07,4.725076507838821e-08
886.0,1.4819269722465833e-07,4.72495607084511e-08
887.0,1.4664897207694594e-07,4.724967084257514e-08
888.0,1.4512143309275416e-07,4.724831015323616e-08
889.0,1.436097960549887e-07,4.724899937968985e-08
890.0,1.4211381937911938e-07,4.7250015455801986e-08
891.0,1.4063350306514621e-07,4.7249869794541155e-08
892.0,1.3916854868512019e-07,4.724941149447659e-08
893.0,1.3771891360647714e-07,4.725110613890138e-08
894.0,1.3628429940126807e-07,4.724953228674167e-08
895.0,1.3486472028034768e-07,4.7250875212512256e-08
896.0,1.334599204483311e-07,4.725113811332449e-08
897.0,1.320696725315429e-07,4.725242419567621e-08
898.0,1.3069399074083776e-07,4.72513370652905e-08
899.0,1.2933256243741198e-07,4.7251646151380555e-08
900.0,1.2798538762126555e-07,4.725151825368812e-08
901.0,1.2665216786444944e-07,4.725089297608065e-08
902.0,1.2533291737781838e-07,4.725073665667878e-08
903.0,1.2402740878769691e-07,4.7250228618622714e-08
904.0,1.227354147204096e-07,4.724727631355563e-08
905.0,1.214569635976659e-07,4.7247443291098534e-08
906.0,1.2019175699151674e-07,4.7245485745861515e-08
907.0,1.1893979490196216e-07,4.724687130419625e-08
908.0,1.1770080732276256e-07,4.7244125056522535e-08
909.0,1.1647479425391793e-07,4.7242853185025524e-08
910.0,1.1526155674346228e-07,4.7243293721521695e-08
911.0,1.1406088162857486e-07,4.724155644453276e-08
912.0,1.128727831201104e-07,4.723964508457357e-08
913.0,1.1169699831725666e-07,4.7239357314765584e-08
914.0,1.1053352722001364e-07,4.723822399910205e-08
915.0,1.093820927167144e-07,4.7236841993480994e-08
916.0,1.0824273743992308e-07,4.723554525298823e-08
917.0,1.0711524112139159e-07,4.7234138378371426e-08
918.0,1.0599943323086336e-07,4.7232187938561765e-08
919.0,1.0489529955748367e-07,4.7232628475057936e-08
920.0,1.0380261272757707e-07,4.723111146631709e-08
921.0,1.0272137274114357e-07,4.722948077073852e-08
922.0,1.0165131669737093e-07,4.722647872767993e-08
923.0,1.005924872288233e-07,4.722610924545734e-08
924.0,9.954469248896203e-08,4.722536317558479e-08
925.0,9.85077335258211e-08,4.722429025605379e-08
926.0,9.748164586653729e-08,4.722294022485585e-08
927.0,9.64661808211531e-08,4.7221135446307017e-08
928.0,9.54613597059506e-08,4.722116386801645e-08
929.0,9.446694093639962e-08,4.7221284660281526e-08
930.0,9.348293872335489e-08,4.721793445128242e-08
931.0,9.250919674741453e-08,4.721563939824591e-08
932.0,9.15455231620399e-08,4.721727364653816e-08
933.0,9.059196059979513e-08,4.721644941696468e-08
934.0,8.964826037072271e-08,4.7213319476213655e-08
935.0,8.871446510738679e-08,4.7213791987132936e-08
936.0,8.779032611982984e-08,4.7212136422558615e-08
937.0,8.687587182976131e-08,4.7211784703904414e-08
938.0,8.597093881235196e-08,4.721144719610493e-08
939.0,8.5075392064482e-08,4.7210651388240876e-08
940.0,8.418921026986936e-08,4.72079655366997e-08
941.0,8.33122157928301e-08,4.7208104092533176e-08
942.0,8.244440863336422e-08,4.7206860642745596e-08
943.0,8.15855898395057e-08,4.720740776065213e-08
944.0,8.07357665166819e-08,4.720611102015937e-08
945.0,7.989479655634568e-08,4.720504520605573e-08
946.0,7.906253074452252e-08,4.7205499953406616e-08
947.0,7.823899039749449e-08,4.7204199660200175e-08
948.0,7.742398366872294e-08,4.720232382737777e-08
949.0,7.661751055820787e-08,4.7203574382592706e-08
950.0,7.581938632483798e-08,4.7201115904726976e-08
951.0,7.502962517946798e-08,4.720177670947123e-08
952.0,7.424809211897809e-08,4.720337898334037e-08
953.0,7.347465214024851e-08,4.719994350921297e-08
954.0,7.270931945413395e-08,4.7199193886626745e-08
955.0,7.195190221409575e-08,4.719609947301251e-08
956.0,7.120242884184336e-08,4.719568380551209e-08
957.0,7.046071459626546e-08,4.719310808809496e-08
958.0,6.972677368821678e-08,4.719381152540336e-08
959.0,6.900047822000488e-08,4.719210267012386e-08
960.0,6.828170029393732e-08,4.71907384280712e-08
961.0,6.757046122629617e-08,4.7190543028818865e-08
962.0,6.68665833813975e-08,4.7191495156084784e-08
963.0,6.617007386466867e-08,4.718970103567699e-08
964.0,6.548078346213515e-08,4.7189509189138334e-08
965.0,6.479871217379696e-08,4.718896917665916e-08
966.0,6.412374631281637e-08,4.718984669693782e-08
967.0,6.345577219235565e-08,4.7187818097427225e-08
968.0,6.279479691784218e-08,4.718824442306868e-08
969.0,6.214066416987407e-08,4.718696899885799e-08
970.0,6.149338815930605e-08,4.718750901133717e-08
971.0,6.085281256673625e-08,4.718686241744763e-08
972.0,6.021895160301938e-08,4.718440038686822e-08
973.0,5.959168802860404e-08,4.7185032769903046e-08
974.0,5.897092592022091e-08,4.718442880857765e-08
975.0,5.835666527786998e-08,4.718193835628881e-08
976.0,5.7748763993004104e-08,4.718314983165328e-08
977.0,5.714723272376432e-08,4.718318535879007e-08
978.0,5.655193646703083e-08,4.71827448222939e-08
979.0,5.596287522280363e-08,4.718303969752924e-08
980.0,5.5379945962386046e-08,4.718107504686486e-08
981.0,5.480305276250874e-08,4.7181863749301556e-08
982.0,5.4232209834026435e-08,4.718132728953606e-08
983.0,5.3667267962964615e-08,4.718070556464227e-08
984.0,5.3108255571032714e-08,4.718128110425823e-08
985.0,5.25550269969699e-08,4.71794265877179e-08
986.0,5.200760000434457e-08,4.7178250639490216e-08
987.0,5.146587156446003e-08,4.717728785408326e-08
988.0,5.092974930676064e-08,4.7177927342545445e-08
989.0,5.039925099481479e-08,4.717673363074937e-08
990.0,4.987424517821637e-08,4.71776502308785e-08
991.0,4.935473896239273e-08,4.717571400192355e-08
992.0,4.8840608002365116e-08,4.7175937822885317e-08
993.0,4.833187006170192e-08,4.717590229574853e-08
994.0,4.7828429217133817e-08,4.7174641082392554e-08
995.0,4.733020375624619e-08,4.717420409861006e-08
996.0,4.6837193679039046e-08,4.717465884596095e-08
997.0,4.6349295956815695e-08,4.717288248912155e-08
998.0,4.586650348414878e-08,4.7173870143524255e-08
999.0,4.5388713232341615e-08,4.717304591395077e-08
