epoch,loss,validation_loss
0.0,0.018940061330795288,0.000223256487515755
1.0,0.0005033417837694287,9.403203875990584e-05
2.0,0.0003836968680843711,0.00010814356937771663
3.0,0.0004369789967313409,6.912335811648518e-05
4.0,0.0004947442794218659,6.525288335978985e-05
5.0,0.00025371520314365625,0.0001492687879363075
6.0,0.0002672083501238376,0.00012512493412941694
7.0,0.00017031736206263304,3.454968464211561e-05
8.0,0.0001552470203023404,9.46278014453128e-05
9.0,0.00014859899238217622,2.4860381017788313e-05
10.0,0.00015588023234158754,4.557218198897317e-05
11.0,0.00010417815792607144,2.3580209017382003e-05
12.0,0.00011616490519372746,2.563022280810401e-05
13.0,8.617262210464105e-05,1.286968654312659e-05
14.0,8.390284347115085e-05,2.35384504776448e-05
15.0,0.0001441102649550885,1.7053991541615687e-05
16.0,7.405922224279493e-05,2.2808093490311876e-05
17.0,6.539267633343115e-05,2.2804902982898057e-05
18.0,0.00011681036266963929,1.0354511687182821e-05
19.0,5.178996434551664e-05,1.2180435078334995e-05
20.0,9.798535756999627e-05,1.6791158486739732e-05
21.0,4.787805301020853e-05,1.6340396541636437e-05
22.0,4.321250526118092e-05,1.0067588846141007e-05
23.0,6.540392496390268e-05,1.2256136869837064e-05
24.0,5.915973088121973e-05,1.0174443559662905e-05
25.0,5.8403555158292875e-05,1.2566443729156163e-05
26.0,3.3006203011609614e-05,1.0296179425495211e-05
27.0,5.932817657594569e-05,1.3407564438239206e-05
28.0,2.7307636628393084e-05,1.5891815564827994e-05
29.0,4.1418123146286234e-05,1.479779075452825e-05
30.0,3.0292381779872812e-05,1.4523316167469602e-05
31.0,3.22843152389396e-05,1.4569973245670553e-05
32.0,2.9920533052063547e-05,1.4746181477676146e-05
33.0,3.759319588425569e-05,9.42178758123191e-06
34.0,4.5868291635997593e-05,1.1545712368388195e-05
35.0,2.7930993383051828e-05,1.2195074305054732e-05
36.0,3.1685587600804865e-05,9.07426692720037e-06
37.0,3.3674470614641905e-05,8.234369488491211e-06
38.0,2.220039641542826e-05,1.0347140232624952e-05
39.0,2.6412084480398335e-05,1.1940963304368779e-05
40.0,2.7622818379313685e-05,8.240615898102988e-06
41.0,2.2145606635604054e-05,8.270193575299345e-06
42.0,3.315852154628374e-05,8.401569175475743e-06
43.0,1.8175767763750628e-05,9.567899724061135e-06
44.0,2.0752002455992624e-05,1.2674912795773707e-05
45.0,1.9385181076359004e-05,1.0714996278693434e-05
46.0,2.352719457121566e-05,8.609484211774543e-06
47.0,1.8298385839443654e-05,1.2609010809683241e-05
48.0,2.2208962036529556e-05,7.724104762019124e-06
49.0,1.6932302969507873e-05,1.2410739145707339e-05
50.0,1.6910285921767354e-05,9.644803867558949e-06
51.0,1.9739036360988393e-05,1.0748147360573057e-05
52.0,1.930292637553066e-05,1.3898860743211117e-05
53.0,1.9645365682663396e-05,1.1352430192346219e-05
54.0,1.941350092238281e-05,1.1173963684996124e-05
55.0,2.2662936316919513e-05,5.769159542978741e-06
56.0,1.4883871699566953e-05,1.254549169971142e-05
57.0,2.2670170437777415e-05,5.339696599548915e-06
58.0,1.2400176274240948e-05,1.2333336599112954e-05
59.0,1.3201100955484435e-05,1.66913141583791e-05
60.0,1.9243636415922083e-05,6.446396128012566e-06
61.0,1.5547711882391013e-05,6.872123321954859e-06
62.0,1.5197620996332262e-05,8.303490176331252e-06
63.0,1.5061141311889514e-05,8.329976481036283e-06
64.0,1.5405379599542357e-05,7.058478786348132e-06
65.0,1.2426686225808226e-05,1.0714446034398861e-05
66.0,1.7126141756307334e-05,4.751168489747215e-06
67.0,1.189728754980024e-05,1.1799027561210096e-05
68.0,1.436785350961145e-05,6.743548965459922e-06
69.0,1.3275355740915984e-05,5.434961622086121e-06
70.0,1.25766709970776e-05,6.838334684289293e-06
71.0,1.2548676750157028e-05,6.45208228888805e-06
72.0,1.2259005416126456e-05,6.492602096841438e-06
73.0,1.2239735042385291e-05,5.0516737246653065e-06
74.0,1.3374845366342925e-05,4.245987383910688e-06
75.0,1.1369746971467976e-05,6.753603429388022e-06
76.0,1.1402510608604643e-05,5.684250027115922e-06
77.0,1.1536073543538805e-05,5.231223440205213e-06
78.0,1.0865703188756015e-05,5.381537448556628e-06
79.0,1.1023109436791856e-05,5.0632411330298055e-06
80.0,1.0505527825444005e-05,4.86708631797228e-06
81.0,1.123722813645145e-05,4.0819581954565365e-06
82.0,9.99718758976087e-06,4.942550731357187e-06
83.0,1.042284657160053e-05,3.823397946689511e-06
84.0,9.965523531718645e-06,4.656610144593287e-06
85.0,9.497137398284394e-06,4.545348019746598e-06
86.0,1.0279782145516947e-05,3.709780457938905e-06
87.0,8.971495844889432e-06,4.857434305449715e-06
88.0,9.033722562890034e-06,4.6623890739283524e-06
89.0,8.858552973833866e-06,4.482884378376184e-06
90.0,8.702681043359917e-06,4.309193627705099e-06
91.0,8.662674190418329e-06,3.854041096928995e-06
92.0,8.30770113680046e-06,4.29477404395584e-06
93.0,7.326555078179808e-06,6.450385171774542e-06
94.0,8.57310624269303e-06,3.554291197360726e-06
95.0,9.813331416808069e-06,3.9913616092235316e-06
96.0,7.010356512182625e-06,3.4073812003043713e-06
97.0,7.963430107338354e-06,2.8560518785525346e-06
98.0,7.483365152438637e-06,3.313242814328987e-06
99.0,7.396747150778538e-06,3.3984156289079692e-06
100.0,6.314894562819973e-06,4.740311396744801e-06
101.0,6.7693267737922724e-06,3.6504759464150993e-06
102.0,7.680354428885039e-06,4.4752805479220115e-06
103.0,6.171856512082741e-06,5.247122317086905e-06
104.0,5.869749202247476e-06,5.100151156511856e-06
105.0,6.399778158083791e-06,3.690315679705236e-06
106.0,6.1881742112746e-06,2.9188863663875964e-06
107.0,6.366350589814829e-06,2.928520643763477e-06
108.0,6.643756933044642e-06,3.741236014320748e-06
109.0,5.5676468946330715e-06,4.701506441051606e-06
110.0,5.301227247400675e-06,4.816067757928977e-06
111.0,6.244977157621179e-06,4.285994691599626e-06
112.0,5.685214091499802e-06,3.983669557783287e-06
113.0,5.723303729610052e-06,2.9240870844660094e-06
114.0,5.1544461712182965e-06,3.345475988680846e-06
115.0,5.3473545449378435e-06,3.0418184451264096e-06
116.0,5.716289251722628e-06,3.0969181352702435e-06
117.0,9.114923159359023e-06,2.100202209476265e-06
118.0,3.862222001771443e-06,2.8564647891471395e-06
119.0,4.786111276189331e-06,3.794076064878027e-06
120.0,5.522615538211539e-06,2.8225720143382205e-06
121.0,4.814521162188612e-06,2.6889633772952948e-06
122.0,5.253680228634039e-06,2.754175739028142e-06
123.0,4.823363269679248e-06,2.27371333494375e-06
124.0,5.136748313816497e-06,2.48650690082286e-06
125.0,4.578274456434883e-06,2.531413429096574e-06
126.0,5.17829175805673e-06,2.431791699564201e-06
127.0,6.065068191674072e-06,2.007302782658371e-06
128.0,3.808274186667404e-06,3.2414136512670666e-06
129.0,4.851157427765429e-06,2.245129053335404e-06
130.0,4.555078703560866e-06,2.294263140356634e-06
131.0,4.4784046622226015e-06,2.2984715997154126e-06
132.0,4.483664724830305e-06,2.2475280729850056e-06
133.0,4.411052032082807e-06,2.2552849259227514e-06
134.0,4.072965566592757e-06,2.526826847315533e-06
135.0,4.282643658370944e-06,2.0966585907444824e-06
136.0,7.325871592911426e-06,1.8457538999427925e-06
137.0,3.0048215649003396e-06,2.4821333681757096e-06
138.0,3.671214471978601e-06,2.6125799195142463e-06
139.0,4.239365352987079e-06,1.9970277662650915e-06
140.0,3.490879407763714e-06,1.9546014300431125e-06
141.0,4.885913313046331e-06,1.7988758145293104e-06
142.0,3.0697153761138907e-06,2.332117901460151e-06
143.0,6.11214409218519e-06,1.788563508853258e-06
144.0,2.7964372293354245e-06,1.960958115887479e-06
145.0,3.3576329769857693e-06,1.9829103621304967e-06
146.0,3.938978807127569e-06,1.8459365946910111e-06
147.0,3.7630968563462375e-06,1.8361392903898377e-06
148.0,3.6312333122623386e-06,1.821452542571933e-06
149.0,3.555089278961532e-06,1.8145187823392916e-06
150.0,3.5529326396499528e-06,1.8204335674454342e-06
151.0,3.527856279106345e-06,1.8162401147492346e-06
152.0,3.505530003167223e-06,1.7951134623217513e-06
153.0,3.498398427836946e-06,1.7563751271154615e-06
154.0,3.5523851238394855e-06,1.7190981225212454e-06
155.0,3.149708163618925e-06,1.721062176329724e-06
156.0,3.348491873111925e-06,1.7409755628250423e-06
157.0,3.3529438496771036e-06,1.6927937167565688e-06
158.0,2.989794211316621e-06,2.3462841909349663e-06
159.0,2.921052555393544e-06,1.7058889625332085e-06
160.0,3.2606394597678445e-06,1.6536889688723022e-06
161.0,2.6125394470000174e-06,1.704656710899144e-06
162.0,3.527927674440434e-06,1.529716314507823e-06
163.0,2.546850282669766e-06,1.7264629832425271e-06
164.0,3.143686626572162e-06,1.6078611224656925e-06
165.0,2.792802433759789e-06,1.643629843783856e-06
166.0,2.3916047666716622e-06,1.687879603196052e-06
167.0,3.148437372146873e-06,1.5500648942179396e-06
168.0,2.5204535631928593e-06,1.6721285192033974e-06
169.0,2.446025291646947e-06,1.6164465250767535e-06
170.0,2.877027782233199e-06,1.559742941026343e-06
171.0,2.4610928903712193e-06,1.6765421833042637e-06
172.0,2.348824864384369e-06,1.5065944580783253e-06
173.0,2.787117409752682e-06,1.5442684571098653e-06
174.0,2.1484659100678982e-06,1.477866135246586e-06
175.0,2.4551761725888355e-06,1.5775979136378737e-06
176.0,2.346377868889249e-06,1.5553575849480694e-06
177.0,2.3382390281767584e-06,1.5626192180207e-06
178.0,2.335636509087635e-06,1.5336883052441408e-06
179.0,2.381928197792149e-06,1.4686822851217585e-06
180.0,2.3156167117122095e-06,1.4673196346848272e-06
181.0,2.3097384200809756e-06,1.439490119992115e-06
182.0,2.2062215521145845e-06,1.5099991514944122e-06
183.0,2.294199020980159e-06,1.3851812354914728e-06
184.0,2.2647623154625762e-06,1.4665663456980838e-06
185.0,1.8978588514073635e-06,1.5030079794087214e-06
186.0,2.2637848360318458e-06,1.4579790104107815e-06
187.0,2.064004092972027e-06,1.4536516346197459e-06
188.0,2.3429338398273103e-06,1.366238734590297e-06
189.0,1.9922590581700206e-06,1.4038680546946125e-06
190.0,2.069015408778796e-06,1.4188033219397767e-06
191.0,2.4870123525033705e-06,1.3464797348206048e-06
192.0,2.006273234655964e-06,1.3474810884872568e-06
193.0,1.9121621335216332e-06,1.4415910527532105e-06
194.0,2.10653251997428e-06,1.304916622757446e-06
195.0,1.8637917946762173e-06,1.3953227835372672e-06
196.0,2.011323431361234e-06,1.3231166349214618e-06
197.0,1.8526015992392786e-06,1.4050393701836583e-06
198.0,2.2100186924944865e-06,1.4926919220670243e-06
199.0,2.0368752302601933e-06,1.263112267224642e-06
200.0,1.7550980828673346e-06,1.368233711218636e-06
201.0,1.9245824205427198e-06,1.2872185379819712e-06
202.0,1.887233793240739e-06,1.2700553497779765e-06
203.0,1.7597163832760998e-06,1.3199384056861163e-06
204.0,1.8674866169021698e-06,1.2550905239550048e-06
205.0,1.7256795672437875e-06,1.3343324098968878e-06
206.0,1.8148742810808471e-06,1.258689508176758e-06
207.0,1.7158334912892315e-06,1.3061176105111372e-06
208.0,1.7780409962142585e-06,1.2477051996029331e-06
209.0,1.68679241596692e-06,1.2914684930365183e-06
210.0,1.7482290104453568e-06,1.2370882132017869e-06
211.0,1.6573756056459388e-06,1.2764896837325068e-06
212.0,1.7225955843969132e-06,1.2270545539649902e-06
213.0,1.6911479860937106e-06,1.2206877499920665e-06
214.0,1.6954846842054394e-06,1.2238132285347092e-06
215.0,1.6981791759462794e-06,1.214994313158968e-06
216.0,1.695241053312202e-06,1.1837350939458702e-06
217.0,1.6402123037551064e-06,1.2210912245791405e-06
218.0,1.7224265320692211e-06,1.1712270406860625e-06
219.0,1.6052172213676386e-06,1.1765649787776056e-06
220.0,1.6150623878274928e-06,1.1950144198635826e-06
221.0,1.6887959191080881e-06,1.16268961392052e-06
222.0,1.7463081576352124e-06,1.1511580169099034e-06
223.0,1.563802243254031e-06,1.1541894764377503e-06
224.0,1.547321176076366e-06,1.151961896539433e-06
225.0,1.6866373471202678e-06,1.149686795542948e-06
226.0,1.5249299849529052e-06,1.1435711257945513e-06
227.0,1.60204513122153e-06,1.1314559742459096e-06
228.0,1.5730836366856238e-06,1.1269763717791648e-06
229.0,1.568412471897318e-06,1.1216786788281752e-06
230.0,1.56320152200351e-06,1.1173027587574325e-06
231.0,1.5299134474844323e-06,1.1101806194346864e-06
232.0,1.5191405964287696e-06,1.1058745030823047e-06
233.0,1.50094376749621e-06,1.100970962397696e-06
234.0,1.487465169702773e-06,1.0967589787469478e-06
235.0,1.4749771253264043e-06,1.0929170457529835e-06
236.0,1.4631270914833294e-06,1.0891443480431917e-06
237.0,1.4520155673380941e-06,1.0856217613763874e-06
238.0,1.4413762983167544e-06,1.0823955562955234e-06
239.0,1.431336386303883e-06,1.0792999773912015e-06
240.0,1.421509523424902e-06,1.0765402294055093e-06
241.0,1.4124386780167697e-06,1.07386017589306e-06
242.0,1.403442297487345e-06,1.0716506722019403e-06
243.0,1.3948657624496263e-06,1.069855557034316e-06
244.0,1.3865439996152418e-06,1.0686057976272423e-06
245.0,1.3779888377030147e-06,1.0676060355763184e-06
246.0,1.3697457461603335e-06,1.067454718395311e-06
247.0,1.3613482678920263e-06,1.0674739314708859e-06
248.0,1.3534606750909006e-06,1.0686601399356732e-06
249.0,1.345899363514036e-06,1.0707116189223598e-06
250.0,1.3373015690376633e-06,1.0724613730417332e-06
251.0,1.3288641866893158e-06,1.0746628049673745e-06
252.0,1.3197162616052083e-06,1.0766124205474625e-06
253.0,1.3102040838930407e-06,1.0774944030345068e-06
254.0,1.3020257938478608e-06,1.080746642401209e-06
255.0,1.292619458581612e-06,1.0822859621839598e-06
256.0,1.2850591701862868e-06,1.0866524462471716e-06
257.0,1.2781640634784708e-06,1.0916683095274493e-06
258.0,1.2702691947197309e-06,1.0931272527159308e-06
259.0,1.2574911352203344e-06,1.0875164662138559e-06
260.0,1.2459188383218134e-06,1.0810496178237372e-06
261.0,1.2364697568045813e-06,1.0765425031422637e-06
262.0,1.2259424693183973e-06,1.0710731430663145e-06
263.0,1.2156762068116223e-06,1.065482592821354e-06
264.0,1.206131628350704e-06,1.0605554052744992e-06
265.0,1.195862068925635e-06,1.054621748153295e-06
266.0,1.1872674576807185e-06,1.050745368047501e-06
267.0,1.1764743703679414e-06,1.0439326842970331e-06
268.0,1.169119627775217e-06,1.0411597486381652e-06
269.0,1.1579745660128538e-06,1.03397269413108e-06
270.0,1.151355832007539e-06,1.0316728094039718e-06
271.0,1.1400516086723655e-06,1.0244058330499684e-06
272.0,1.1341281833665562e-06,1.0223626532024355e-06
273.0,1.1228003131691366e-06,1.015043039842567e-06
274.0,1.1171421192557318e-06,1.0131561793969013e-06
275.0,1.1062621751989354e-06,1.0061180546472315e-06
276.0,1.1008487490471452e-06,1.004153546091402e-06
277.0,1.090280761673057e-06,9.969120355890482e-07
278.0,1.084687937691342e-06,9.945862302629394e-07
279.0,1.0762857982626883e-06,9.888742624752922e-07
280.0,1.0704994792831712e-06,9.851351023826282e-07
281.0,1.0672580401660525e-06,9.80446998255502e-07
282.0,1.061903958543553e-06,9.724072924655047e-07
283.0,1.0505733598620282e-06,9.662293223300367e-07
284.0,1.0482190191396512e-06,9.608987738829455e-07
285.0,1.0386728490630048e-06,9.56203052737692e-07
286.0,1.0351170658395858e-06,9.512348242424196e-07
287.0,1.029519694384362e-06,9.463824426347855e-07
288.0,1.02484784747503e-06,9.411077712684346e-07
289.0,1.0197740039075143e-06,9.363890285385423e-07
290.0,1.0147207376576262e-06,9.315715487900889e-07
291.0,1.009729544421134e-06,9.26838367831806e-07
292.0,1.004750174615765e-06,9.218477998729213e-07
293.0,9.998381074183271e-07,9.16707222131663e-07
294.0,9.95005393633619e-07,9.116652108787093e-07
295.0,9.90326157079835e-07,9.067169344234571e-07
296.0,9.856788665274507e-07,9.019398135023948e-07
297.0,9.812040389078902e-07,8.97211918982066e-07
298.0,9.76708633970702e-07,8.929409318625403e-07
299.0,9.723362381919287e-07,8.889450100468821e-07
300.0,9.68016706792696e-07,8.853446047396574e-07
301.0,9.637881248636404e-07,8.821127721603261e-07
302.0,9.59493377195031e-07,8.793593906375463e-07
303.0,9.551977200317197e-07,8.770296062721172e-07
304.0,9.509646474725741e-07,8.74916338489129e-07
305.0,9.466170354244241e-07,8.730468721296347e-07
306.0,9.423546316611464e-07,8.713815873306885e-07
307.0,9.381108156958362e-07,8.697663815837586e-07
308.0,9.339306075162312e-07,8.682151246830472e-07
309.0,9.297556289311615e-07,8.66586560732685e-07
310.0,9.257390161110379e-07,8.65050651555066e-07
311.0,9.220140668730892e-07,8.636123993710498e-07
312.0,9.194152994496108e-07,8.626310545878368e-07
313.0,9.194761787512107e-07,8.600457590546284e-07
314.0,9.269987799598312e-07,8.495236443195608e-07
315.0,9.491191121924203e-07,8.527288741788652e-07
316.0,9.38106836656516e-07,8.481555937578378e-07
317.0,9.300883334617538e-07,8.458527531729487e-07
318.0,9.259529178962111e-07,8.43285533846938e-07
319.0,9.207770403918403e-07,8.40839334159682e-07
320.0,9.161643106381234e-07,8.384865282096143e-07
321.0,9.114716021940694e-07,8.361926688849053e-07
322.0,9.068105555343209e-07,8.339081318808894e-07
323.0,9.022566018757061e-07,8.317128958879039e-07
324.0,8.977029892776045e-07,8.296045166389376e-07
325.0,8.933416211220901e-07,8.275412710645469e-07
326.0,8.88983436198032e-07,8.255667580669979e-07
327.0,8.84714609128423e-07,8.235692234848102e-07
328.0,8.805435527392547e-07,8.216525202442426e-07
329.0,8.764537824390572e-07,8.198283012461616e-07
330.0,8.724421718397934e-07,8.179885639947315e-07
331.0,8.685407237862819e-07,8.1624619951981e-07
332.0,8.646813398627273e-07,8.145301535478211e-07
333.0,8.609632118350419e-07,8.127877890728996e-07
334.0,8.572508249926614e-07,8.111063607429969e-07
335.0,8.536148925486486e-07,8.093405199360859e-07
336.0,8.50018523124163e-07,8.077299185060838e-07
337.0,8.464813276987115e-07,8.059463425524882e-07
338.0,8.429271929344395e-07,8.04266733211989e-07
339.0,8.3938590478283e-07,8.025796205402003e-07
340.0,8.359513685718412e-07,8.009142788978352e-07
341.0,8.325267231157341e-07,7.991450274857925e-07
342.0,8.29091050036368e-07,7.975120865921781e-07
343.0,8.25836252715817e-07,7.957845582495793e-07
344.0,8.225193255384511e-07,7.941223429952515e-07
345.0,8.192288873942744e-07,7.926067837615847e-07
346.0,8.161109690263402e-07,7.909890200608061e-07
347.0,8.12938310446043e-07,7.894810210018477e-07
348.0,8.099015076368232e-07,7.879079362282937e-07
349.0,8.068396368798858e-07,7.864471740504086e-07
350.0,8.039951353566721e-07,7.849748726584949e-07
351.0,8.010587180251605e-07,7.835736255401571e-07
352.0,7.982734473443998e-07,7.821282679287833e-07
353.0,7.955794103509106e-07,7.808611144355382e-07
354.0,7.928376817289973e-07,7.795565579726826e-07
355.0,7.902378911239794e-07,7.783469300193246e-07
356.0,7.877083021412545e-07,7.772181902510056e-07
357.0,7.852751764403365e-07,7.760688731650589e-07
358.0,7.828879233784392e-07,7.749819701530214e-07
359.0,7.804697474966815e-07,7.740003411527141e-07
360.0,7.782899160702073e-07,7.73021099575999e-07
361.0,7.760471589790541e-07,7.720615258222097e-07
362.0,7.739443503851362e-07,7.710908676017425e-07
363.0,7.717360404058127e-07,7.700749620198621e-07
364.0,7.696072543694754e-07,7.689894232498773e-07
365.0,7.675211577407026e-07,7.6785710234617e-07
366.0,7.653451916667109e-07,7.66567040955124e-07
367.0,7.632335154994507e-07,7.65163804317126e-07
368.0,7.611021715092647e-07,7.637133876414737e-07
369.0,7.589909500893555e-07,7.621749205100059e-07
370.0,7.56897350129293e-07,7.605234486618428e-07
371.0,7.5480278383111e-07,7.588536163893878e-07
372.0,7.527254410888418e-07,7.57173836518632e-07
373.0,7.506421297875931e-07,7.554375542895286e-07
374.0,7.486123649869114e-07,7.536615953540604e-07
375.0,7.465734483957931e-07,7.519218456764065e-07
376.0,7.445722758347983e-07,7.500827337025839e-07
377.0,7.42581562462874e-07,7.483148465325939e-07
378.0,7.406003419418994e-07,7.464851137228834e-07
379.0,7.386798301922681e-07,7.446460585924797e-07
380.0,7.367705734395713e-07,7.428583330693073e-07
381.0,7.348750727942388e-07,7.410588978018495e-07
382.0,7.329785489673668e-07,7.393488772322598e-07
383.0,7.311608101190359e-07,7.375359700745321e-07
384.0,7.293224371096585e-07,7.358719926742197e-07
385.0,7.27515157450398e-07,7.342222261286224e-07
386.0,7.257463039422873e-07,7.325729711737949e-07
387.0,7.239697197292116e-07,7.31022339550691e-07
388.0,7.222305384857464e-07,7.295126351891668e-07
389.0,7.205136398624745e-07,7.280328304659633e-07
390.0,7.188031077021151e-07,7.266422130669525e-07
391.0,7.170908702391898e-07,7.253123612827039e-07
392.0,7.154278023335792e-07,7.240066679514712e-07
393.0,7.137636544030102e-07,7.227827154565603e-07
394.0,7.12119572199299e-07,7.215804203042353e-07
395.0,7.104869155227789e-07,7.204379812719708e-07
396.0,7.088598295013071e-07,7.1935772893994e-07
397.0,7.072799803609087e-07,7.183033972069097e-07
398.0,7.056881372591306e-07,7.173095468715474e-07
399.0,7.041152230158332e-07,7.163522468545125e-07
400.0,7.025854529274511e-07,7.15442581622483e-07
401.0,7.010477247604285e-07,7.14566169790487e-07
402.0,6.995325634306937e-07,7.137223860809172e-07
403.0,6.980405373724352e-07,7.12933456270548e-07
404.0,6.965694296923175e-07,7.121783482944011e-07
405.0,6.951181603653822e-07,7.114524009921297e-07
406.0,6.936741101526422e-07,7.107732358235808e-07
407.0,6.922638817741245e-07,7.101071446413698e-07
408.0,6.908673526595521e-07,7.094947704899823e-07
409.0,6.895003252793686e-07,7.088594315973751e-07
410.0,6.881624585730606e-07,7.082669526425889e-07
411.0,6.868360173939436e-07,7.07693516233121e-07
412.0,6.855583478682092e-07,7.071248546708375e-07
413.0,6.842768698334112e-07,7.065734735078877e-07
414.0,6.830500183241384e-07,7.06019591234508e-07
415.0,6.818509064032696e-07,7.054705974951503e-07
416.0,6.806658348068595e-07,7.049428631944465e-07
417.0,6.795063427489367e-07,7.044118319754489e-07
418.0,6.783793082831835e-07,7.038942726467212e-07
419.0,6.772727374482201e-07,7.033972337922023e-07
420.0,6.761717372683052e-07,7.028878599157906e-07
421.0,6.75108367431676e-07,7.024138994893292e-07
422.0,6.740164621987788e-07,7.019606300673331e-07
423.0,6.729283086315263e-07,7.01520036727743e-07
424.0,6.718590270793356e-07,7.010774538684927e-07
425.0,6.707780357828597e-07,7.006978535173403e-07
426.0,6.697058552163071e-07,7.003621362855483e-07
427.0,6.686353799523204e-07,7.000300570325635e-07
428.0,6.675643930975639e-07,6.997851187406923e-07
429.0,6.664893703600683e-07,6.995623493821768e-07
430.0,6.654265121142089e-07,6.994023351580836e-07
431.0,6.64381843762385e-07,6.992612497924711e-07
432.0,6.633243287978985e-07,6.992108296799415e-07
433.0,6.622977366532723e-07,6.992305543462862e-07
434.0,6.612570473407686e-07,6.992523822191288e-07
435.0,6.602573421332636e-07,6.994424666117993e-07
436.0,6.592438808183942e-07,6.995926469244296e-07
437.0,6.582347964467772e-07,6.997466357461235e-07
438.0,6.57248619972961e-07,6.99975942097808e-07
439.0,6.562658541042765e-07,7.002873871897464e-07
440.0,6.552993454533862e-07,7.006487976468634e-07
441.0,6.543358495036955e-07,7.009787168499315e-07
442.0,6.533838927680335e-07,7.013420031398709e-07
443.0,6.524344371428015e-07,7.016284939709294e-07
444.0,6.514975439131376e-07,7.019530698926246e-07
445.0,6.505584906335571e-07,7.021900501058553e-07
446.0,6.496333639915974e-07,7.023169814601715e-07
447.0,6.487092605311773e-07,7.024208912298491e-07
448.0,6.47802380626672e-07,7.024623300821986e-07
449.0,6.468911237789143e-07,7.02359272963804e-07
450.0,6.459899282162951e-07,7.021425858511066e-07
451.0,6.450976002270181e-07,7.018520022938901e-07
452.0,6.442015774155152e-07,7.01317901530274e-07
453.0,6.433227781599271e-07,7.008235343164415e-07
454.0,6.424444336516899e-07,7.001506787673861e-07
455.0,6.415832558559487e-07,6.993141141720116e-07
456.0,6.407162231880648e-07,6.98364488016523e-07
457.0,6.39860161300021e-07,6.973065183046856e-07
458.0,6.39013194358995e-07,6.962040401958802e-07
459.0,6.381692969625874e-07,6.948984037080663e-07
460.0,6.373405199155968e-07,6.93697472797794e-07
461.0,6.365180524880998e-07,6.92354717557464e-07
462.0,6.357032020787301e-07,6.909962166901096e-07
463.0,6.348990950755251e-07,6.895473916301853e-07
464.0,6.340983986774518e-07,6.882117418172129e-07
465.0,6.333143005576858e-07,6.868351078992418e-07
466.0,6.325345793811721e-07,6.854700131952995e-07
467.0,6.317617362583405e-07,6.840451192147157e-07
468.0,6.310042977020203e-07,6.827376068940794e-07
469.0,6.302502129074128e-07,6.813818913542491e-07
470.0,6.295086905083735e-07,6.801174095016904e-07
471.0,6.287654628067685e-07,6.789683197894192e-07
472.0,6.280480988607451e-07,6.777866019547218e-07
473.0,6.273311896620726e-07,6.767036211385857e-07
474.0,6.26624114374863e-07,6.756649213457422e-07
475.0,6.259235192374035e-07,6.746830649717594e-07
476.0,6.252374760151724e-07,6.737089393027418e-07
477.0,6.245585950637178e-07,6.728211587869737e-07
478.0,6.23892447038088e-07,6.719423595313856e-07
479.0,6.232270948203222e-07,6.710922093589033e-07
480.0,6.225751008059888e-07,6.70335225549934e-07
481.0,6.219308374966204e-07,6.695626666441967e-07
482.0,6.213002166077786e-07,6.688612188554544e-07
483.0,6.206765306160378e-07,6.681399327135296e-07
484.0,6.200600068950735e-07,6.674513883808686e-07
485.0,6.19449679106765e-07,6.667651746283809e-07
486.0,6.188512884364172e-07,6.66101925617113e-07
487.0,6.182616516525741e-07,6.654240678471979e-07
488.0,6.176848046379746e-07,6.647630925726844e-07
489.0,6.171102313601295e-07,6.641078584834759e-07
490.0,6.165527111079427e-07,6.634318765463831e-07
491.0,6.159956456031068e-07,6.627892616961617e-07
492.0,6.154479592623829e-07,6.620916792599019e-07
493.0,6.149156206447515e-07,6.614390031245421e-07
494.0,6.143942528069601e-07,6.607412501580257e-07
495.0,6.138737376204517e-07,6.600932920264313e-07
496.0,6.133665237939567e-07,6.593913326469192e-07
497.0,6.128670975158457e-07,6.587054599549447e-07
498.0,6.123844968897174e-07,6.580342528650363e-07
499.0,6.119085469435959e-07,6.573453106284433e-07
500.0,6.114409529800469e-07,6.566857564394013e-07
501.0,6.10986376159417e-07,6.560377414643881e-07
502.0,6.105361194386205e-07,6.55389669645956e-07
503.0,6.101024041527126e-07,6.548023065988673e-07
504.0,6.096737479310832e-07,6.542215373883664e-07
505.0,6.092462854212499e-07,6.536711794069561e-07
506.0,6.088253599045856e-07,6.531646477014874e-07
507.0,6.084089818614302e-07,6.526810807372385e-07
508.0,6.079808372305706e-07,6.522124067487312e-07
509.0,6.075582064113405e-07,6.51786137950694e-07
510.0,6.071387588235666e-07,6.513545258712838e-07
511.0,6.067180606805778e-07,6.509505396934401e-07
512.0,6.062805368856061e-07,6.505288752123306e-07
513.0,6.058623398530472e-07,6.500965241684753e-07
514.0,6.054351615603082e-07,6.496885021078924e-07
515.0,6.050041179150867e-07,6.492619490927609e-07
516.0,6.045861482562032e-07,6.488348276434408e-07
517.0,6.041584015292756e-07,6.483930974354735e-07
518.0,6.037394655322714e-07,6.479625653810217e-07
519.0,6.03321041126037e-07,6.475186182797188e-07
520.0,6.02908187374851e-07,6.470922357948439e-07
521.0,6.0249408306845e-07,6.46657667857653e-07
522.0,6.020848104526522e-07,6.46226396838756e-07
523.0,6.016769589223259e-07,6.457943868554139e-07
524.0,6.012726885273878e-07,6.453720402532781e-07
525.0,6.00874045630917e-07,6.449505463024252e-07
526.0,6.004776196277817e-07,6.445440590141516e-07
527.0,6.000923349347431e-07,6.441344453378406e-07
528.0,5.99701991177426e-07,6.437379624912865e-07
529.0,5.993227318867866e-07,6.433378416659252e-07
530.0,5.989422788843513e-07,6.429533527807507e-07
531.0,5.9856910183953e-07,6.425639185181353e-07
532.0,5.982030870654853e-07,6.421988700822112e-07
533.0,5.978351964586182e-07,6.418245561690128e-07
534.0,5.974794703433872e-07,6.414564381884702e-07
535.0,5.971234031676431e-07,6.410915034393838e-07
536.0,5.967746687929321e-07,6.407465207303176e-07
537.0,5.96425934418221e-07,6.403993211279158e-07
538.0,5.960932867310476e-07,6.400507572834613e-07
539.0,5.957527946520713e-07,6.397099809873907e-07
540.0,5.954261723672971e-07,6.393782427949191e-07
541.0,5.95101539602183e-07,6.390606586137437e-07
542.0,5.947811700934835e-07,6.387491566783865e-07
543.0,5.944597205598257e-07,6.384341304510599e-07
544.0,5.94150435517804e-07,6.381407615663193e-07
545.0,5.938451295151026e-07,6.378396051331947e-07
546.0,5.93538686644024e-07,6.375551038217964e-07
547.0,5.932414524068008e-07,6.372843017743435e-07
548.0,5.929479129918036e-07,6.370249252540816e-07
549.0,5.92654942010995e-07,6.367587843669753e-07
550.0,5.923666890339518e-07,6.365095259752707e-07
551.0,5.920835519646062e-07,6.362675435411802e-07
552.0,5.918039391872298e-07,6.360347697409452e-07
553.0,5.915233600717329e-07,6.358164910125197e-07
554.0,5.912486358283786e-07,6.356036692523048e-07
555.0,5.909730020903226e-07,6.353786830004537e-07
556.0,5.907022000428697e-07,6.35176832020079e-07
557.0,5.904358886255068e-07,6.349861791932199e-07
558.0,5.901686108700233e-07,6.347839303089131e-07
559.0,5.898993435948796e-07,6.346020313685585e-07
560.0,5.896351353840146e-07,6.344093321786204e-07
561.0,5.893760999242659e-07,6.342386882352002e-07
562.0,5.891132559554535e-07,6.340609388644225e-07
563.0,5.888547320864745e-07,6.338933644656208e-07
564.0,5.885950145056995e-07,6.337145350698847e-07
565.0,5.883363769498828e-07,6.335380362543219e-07
566.0,5.880842763872351e-07,6.333851274575863e-07
567.0,5.8782705991689e-07,6.332083444249292e-07
568.0,5.875753572581743e-07,6.330334940685134e-07
569.0,5.87322290357406e-07,6.328545509859396e-07
570.0,5.870725772183505e-07,6.32682031209697e-07
571.0,5.868235462003213e-07,6.325016101982328e-07
572.0,5.865773005098163e-07,6.323376737782382e-07
573.0,5.863333285560657e-07,6.321497494354844e-07
574.0,5.860895271325717e-07,6.319342560345831e-07
575.0,5.858470331077115e-07,6.317755492091237e-07
576.0,5.856093139300356e-07,6.315982545856968e-07
577.0,5.853743800798838e-07,6.314039069366117e-07
578.0,5.851375703969097e-07,6.312176878964237e-07
579.0,5.849066724294971e-07,6.310286266852927e-07
580.0,5.846741260029376e-07,6.308551405709295e-07
581.0,5.844490829076676e-07,6.306783006948535e-07
582.0,5.842253472110315e-07,6.304913995336392e-07
583.0,5.840039989379875e-07,6.303201871560304e-07
584.0,5.837828211952001e-07,6.301494295257726e-07
585.0,5.835638035023294e-07,6.299813435362012e-07
586.0,5.833522322973295e-07,6.298188282016781e-07
587.0,5.831385010424128e-07,6.296532433225366e-07
588.0,5.82928123549209e-07,6.295092020991433e-07
589.0,5.827179165862617e-07,6.293729484241339e-07
590.0,5.82518111968966e-07,6.292250418482581e-07
591.0,5.823108608637995e-07,6.290877649917093e-07
592.0,5.821100899083831e-07,6.289625957833778e-07
593.0,5.819130706186115e-07,6.288380518526537e-07
594.0,5.817173018840549e-07,6.287352221079345e-07
595.0,5.815209647153097e-07,6.286177836045681e-07
596.0,5.813281518385338e-07,6.285107474468532e-07
597.0,5.811404548694554e-07,6.284082019192283e-07
598.0,5.809496315123397e-07,6.283068501033995e-07
599.0,5.807637535326649e-07,6.282056688178272e-07
600.0,5.805801492897444e-07,6.281192668211588e-07
601.0,5.803938165627187e-07,6.280278057602118e-07
602.0,5.802094165119343e-07,6.279419153543131e-07
603.0,5.800295639346587e-07,6.278630166889343e-07
604.0,5.798499955744774e-07,6.277770125961979e-07
605.0,5.79671677769511e-07,6.276979434005625e-07
606.0,5.794937578684767e-07,6.276128488025279e-07
607.0,5.793197601633437e-07,6.275349164752697e-07
608.0,5.791419539491471e-07,6.274585189203208e-07
609.0,5.7896966154658e-07,6.273911026255519e-07
610.0,5.787937880086247e-07,6.273146482271841e-07
611.0,5.786265546703362e-07,6.272288146647043e-07
612.0,5.784575023426441e-07,6.271543497859966e-07
613.0,5.78285209940077e-07,6.270743142522406e-07
614.0,5.781149639005889e-07,6.269990535656689e-07
615.0,5.779468210675986e-07,6.269208938647353e-07
616.0,5.77779246668797e-07,6.268460310820956e-07
617.0,5.776135481028177e-07,6.267763410505722e-07
618.0,5.77450919081457e-07,6.267042067520379e-07
619.0,5.772832309958176e-07,6.26639632628212e-07
620.0,5.77121738842834e-07,6.265564707064186e-07
621.0,5.7696126987139e-07,6.264905891839589e-07
622.0,5.768010282736213e-07,6.26411747361999e-07
623.0,5.766413551100413e-07,6.263329055400391e-07
624.0,5.764823640674877e-07,6.262603733375727e-07
625.0,5.763237140854471e-07,6.261846010602312e-07
626.0,5.76166542032297e-07,6.261172984523e-07
627.0,5.760132353316294e-07,6.260366944843554e-07
628.0,5.758577117376262e-07,6.259708698053146e-07
629.0,5.757065650868753e-07,6.259011797737912e-07
630.0,5.755579195465543e-07,6.258377425183426e-07
631.0,5.75404897062981e-07,6.257586733227072e-07
632.0,5.752552851845394e-07,6.256908022805874e-07
633.0,5.751064122705429e-07,6.256155415940157e-07
634.0,5.74960608901165e-07,6.255497169149749e-07
635.0,5.748146350015304e-07,6.2548309642807e-07
636.0,5.746739475398499e-07,6.254216486922815e-07
637.0,5.745298494730378e-07,6.253563924474292e-07
638.0,5.743894462284516e-07,6.252877824408642e-07
639.0,5.742491566707031e-07,6.252221851354989e-07
640.0,5.74112789308856e-07,6.251554509617563e-07
641.0,5.73975967199658e-07,6.25100028628367e-07
642.0,5.738438062508067e-07,6.250311344047077e-07
643.0,5.737074957323784e-07,6.249708803807152e-07
644.0,5.735738000112178e-07,6.24896244971751e-07
645.0,5.73444253859634e-07,6.248351951398945e-07
646.0,5.733119223805261e-07,6.24769256774016e-07
647.0,5.731819783250103e-07,6.247034320949751e-07
648.0,5.730544216930866e-07,6.246395969355945e-07
649.0,5.729269219045818e-07,6.245795134418586e-07
650.0,5.728057317355706e-07,6.245286385819782e-07
651.0,5.726839162889519e-07,6.244683277145668e-07
652.0,5.72560111322673e-07,6.24408642124763e-07
653.0,5.724397738049447e-07,6.24353504008468e-07
654.0,5.723205731555936e-07,6.242980816750787e-07
655.0,5.722034757127403e-07,6.242504468900734e-07
656.0,5.720888793803169e-07,6.241921255423222e-07
657.0,5.719733735531918e-07,6.24147673988773e-07
658.0,5.718576403523912e-07,6.241044729904388e-07
659.0,5.717427598028735e-07,6.240542234081659e-07
660.0,5.716343594031059e-07,6.240103402888053e-07
661.0,5.715213546864106e-07,6.239686172193615e-07
662.0,5.714144890589523e-07,6.239291678866721e-07
663.0,5.713064297196979e-07,6.238867626962019e-07
664.0,5.71199393561983e-07,6.238535092961683e-07
665.0,5.710951995752112e-07,6.238145715542487e-07
666.0,5.709899824068998e-07,6.237818297449849e-07
667.0,5.708863000108977e-07,6.237424372557143e-07
668.0,5.707870514015667e-07,6.237120260266238e-07
669.0,5.706837669094966e-07,6.236808189896692e-07
670.0,5.705836656488827e-07,6.236500098566466e-07
671.0,5.704833938580123e-07,6.236193712538807e-07
672.0,5.703857368644094e-07,6.235842988644436e-07
673.0,5.702876819668745e-07,6.235791261133272e-07
674.0,5.701904228772037e-07,6.235507044038968e-07
675.0,5.700953806808684e-07,6.235364935491816e-07
676.0,5.700046017409477e-07,6.235039222701744e-07
677.0,5.699105258827331e-07,6.234917009351193e-07
678.0,5.698187237612728e-07,6.2347220364245e-07
679.0,5.697302185581066e-07,6.234537863747391e-07
680.0,5.696413154510083e-07,6.234294573914667e-07
681.0,5.695508775716007e-07,6.234139959815366e-07
682.0,5.694644187315134e-07,6.233954081835691e-07
683.0,5.693777893611696e-07,6.233894964680076e-07
684.0,5.692913873645011e-07,6.233752856132924e-07
685.0,5.692072591045871e-07,6.233526619325858e-07
686.0,5.691214255421073e-07,6.23342373273772e-07
687.0,5.690371835953556e-07,6.233167368918657e-07
688.0,5.689545901077508e-07,6.232997407096263e-07
689.0,5.688721671504027e-07,6.232747864487465e-07
690.0,5.68792813737673e-07,6.232576197362505e-07
691.0,5.687098791895551e-07,6.232374403225549e-07
692.0,5.686324016096478e-07,6.232231726244208e-07
693.0,5.685521955456352e-07,6.232041869225213e-07
694.0,5.68475513773592e-07,6.231790621313849e-07
695.0,5.683965582647943e-07,6.23161440671538e-07
696.0,5.683221502295055e-07,6.231431370906648e-07
697.0,5.682488222191751e-07,6.231235829545767e-07
698.0,5.68174925774656e-07,6.230794156181219e-07
699.0,5.681010861735558e-07,6.230521876204875e-07
700.0,5.680253707396332e-07,6.230187068467785e-07
701.0,5.679536343450309e-07,6.229743121366482e-07
702.0,5.67882125324104e-07,6.229460041140555e-07
703.0,5.678106731465959e-07,6.229105338206864e-07
704.0,5.677414947058423e-07,6.228802931218524e-07
705.0,5.676718615177379e-07,6.228419806575403e-07
706.0,5.676020577993768e-07,6.228001439012587e-07
707.0,5.6753253829811e-07,6.227542144188192e-07
708.0,5.674667704624881e-07,6.227144808690355e-07
709.0,5.67401457374217e-07,6.226756568139535e-07
710.0,5.673375653714174e-07,6.226386517482752e-07
711.0,5.672702059200674e-07,6.226009077181516e-07
712.0,5.672073939422262e-07,6.225453716979246e-07
713.0,5.671450935551547e-07,6.225002380233491e-07
714.0,5.670797804668837e-07,6.224578896762978e-07
715.0,5.670143536917749e-07,6.224093453965907e-07
716.0,5.669527354257298e-07,6.223668833627016e-07
717.0,5.668898097610509e-07,6.223277750905254e-07
718.0,5.668293852068018e-07,6.222824708856933e-07
719.0,5.667677100973378e-07,6.222419415280456e-07
720.0,5.667092750627489e-07,6.221906687642331e-07
721.0,5.666490778821753e-07,6.221401349648659e-07
722.0,5.665910975949373e-07,6.220944896995206e-07
723.0,5.665323783432541e-07,6.220467980710964e-07
724.0,5.664737727784086e-07,6.21991432581126e-07
725.0,5.664165882990346e-07,6.219375450200459e-07
726.0,5.663603133143624e-07,6.218909902599989e-07
727.0,5.663042657033657e-07,6.218435260052502e-07
728.0,5.662485591528821e-07,6.217898089744267e-07
729.0,5.661948989654775e-07,6.217404120434367e-07
730.0,5.66140784030722e-07,6.216968131411704e-07
731.0,5.660871238433174e-07,6.216477572706935e-07
732.0,5.660347142111277e-07,6.216127985680941e-07
733.0,5.659801445290213e-07,6.215645953489002e-07
734.0,5.659264843416167e-07,6.215309440449346e-07
735.0,5.658758368554118e-07,6.214896188794228e-07
736.0,5.658243367179239e-07,6.214461905074131e-07
737.0,5.657753945342847e-07,6.214111749613949e-07
738.0,5.657263386638078e-07,6.213800247678591e-07
739.0,5.656747248394822e-07,6.213464871507313e-07
740.0,5.656258963426808e-07,6.213172696334368e-07
741.0,5.655783184010943e-07,6.212837888597278e-07
742.0,5.655321047015605e-07,6.212453627085779e-07
743.0,5.654848678204871e-07,6.212086418599938e-07
744.0,5.654359824802668e-07,6.211692493707233e-07
745.0,5.653881771650049e-07,6.21131391653762e-07
746.0,5.653419634654711e-07,6.210956939867174e-07
747.0,5.652959771396127e-07,6.210540277606924e-07
748.0,5.652514687426446e-07,6.210286755958805e-07
749.0,5.652078698403784e-07,6.210013907548273e-07
750.0,5.651627930092218e-07,6.209679099811183e-07
751.0,5.651180572385783e-07,6.209464231687889e-07
752.0,5.650747993968253e-07,6.209144771673891e-07
753.0,5.650323373629362e-07,6.208995273482287e-07
754.0,5.649896479553718e-07,6.2087002561384e-07
755.0,5.649476406688336e-07,6.208446166056092e-07
756.0,5.649064860335784e-07,6.208190939105407e-07
757.0,5.648665251101193e-07,6.208014724506938e-07
758.0,5.64825370474864e-07,6.207800424817833e-07
759.0,5.647852390211483e-07,6.207628757692873e-07
760.0,5.647438570122176e-07,6.207495175658551e-07
761.0,5.647046918966225e-07,6.207282581272011e-07
762.0,5.646633098876919e-07,6.207079081832489e-07
763.0,5.64624883736542e-07,6.206882403603231e-07
764.0,5.645883334182145e-07,6.206653893059411e-07
765.0,5.645516125696304e-07,6.206442435541248e-07
766.0,5.645125042974541e-07,6.206299190125719e-07
767.0,5.644766929435718e-07,6.206104785633215e-07
768.0,5.644397447213123e-07,6.205974045769835e-07
769.0,5.644014322570001e-07,6.205817726367968e-07
770.0,5.64366757771495e-07,6.205711429174698e-07
771.0,5.643318559123145e-07,6.205552267601888e-07
772.0,5.642958171847567e-07,6.205402769410284e-07
773.0,5.642613700729271e-07,6.205238491929777e-07
774.0,5.642253881887882e-07,6.205047498042404e-07
775.0,5.64191566354566e-07,6.204953137967095e-07
776.0,5.641604730044492e-07,6.204796250131039e-07
777.0,5.64126253266295e-07,6.204635383255663e-07
778.0,5.640937956741254e-07,6.204531359799148e-07
779.0,5.640607696477673e-07,6.204475084814476e-07
780.0,5.64027402560896e-07,6.204381861607544e-07
781.0,5.639945470647945e-07,6.204293185874121e-07
782.0,5.639632263410022e-07,6.204106739460258e-07
783.0,5.639327582684928e-07,6.203940188242996e-07
784.0,5.639019491354702e-07,6.20386060745659e-07
785.0,5.638705147248402e-07,6.203640623425599e-07
786.0,5.638406719299383e-07,6.203532052495575e-07
787.0,5.638098627969157e-07,6.203437123986077e-07
788.0,5.637808158098778e-07,6.203355837897107e-07
789.0,5.637497793031798e-07,6.203348448252655e-07
790.0,5.637209596898174e-07,6.203314342201338e-07
791.0,5.636919127027795e-07,6.203289899531228e-07
792.0,5.636624678118096e-07,6.203270004334627e-07
793.0,5.636340461023792e-07,6.203179054864449e-07
794.0,5.636050559587602e-07,6.203145517247322e-07
795.0,5.635797606373671e-07,6.203081284184009e-07
796.0,5.635494062516955e-07,6.203013072081376e-07
797.0,5.635226898448309e-07,6.202934059729159e-07
798.0,5.634950639432645e-07,6.202855615811131e-07
799.0,5.634682338495622e-07,6.202850499903434e-07
800.0,5.634413469124411e-07,6.20279479335295e-07
801.0,5.634151989397651e-07,6.20277432972216e-07
802.0,5.633877435684553e-07,6.202749318617862e-07
803.0,5.633624482470623e-07,6.202628810569877e-07
804.0,5.633385171677219e-07,6.202457711879106e-07
805.0,5.63312312351627e-07,6.20243952198507e-07
806.0,5.632858801618568e-07,6.202371878316626e-07
807.0,5.632604143102071e-07,6.202336635396932e-07
808.0,5.632360853269347e-07,6.202218401085702e-07
809.0,5.632109036923794e-07,6.202120630405261e-07
810.0,5.631854378407297e-07,6.202058671078703e-07
811.0,5.631625867863477e-07,6.20194157363585e-07
812.0,5.631380872728187e-07,6.201880751177669e-07
813.0,5.631130761685199e-07,6.201756832524552e-07
814.0,5.630902251141379e-07,6.201714199960406e-07
815.0,5.630661803479597e-07,6.201667588356941e-07
816.0,5.630423629554571e-07,6.201555606821785e-07
817.0,5.630210466733843e-07,6.201530027283297e-07
818.0,5.62997854558489e-07,6.201439646247309e-07
819.0,5.629763109027408e-07,6.201358928592526e-07
820.0,5.629548809338303e-07,6.201278210937744e-07
821.0,5.629313477584219e-07,6.201202609190659e-07
822.0,5.629111115013075e-07,6.201124165272631e-07
823.0,5.628891699416272e-07,6.200913844622846e-07
824.0,5.628678536595544e-07,6.200847906256968e-07
825.0,5.628458552564553e-07,6.200784241627844e-07
826.0,5.628249368783145e-07,6.200741609063698e-07
827.0,5.62806349080347e-07,6.200620532581524e-07
828.0,5.627840664601536e-07,6.200606321726809e-07
829.0,5.627653081319295e-07,6.200555731084023e-07
830.0,5.627461518997734e-07,6.200470465955732e-07
831.0,5.62726313546591e-07,6.200366442499217e-07
832.0,5.627065888802463e-07,6.200270377121342e-07
833.0,5.626854999718489e-07,6.200237407938403e-07
834.0,5.626652637147345e-07,6.200110078680154e-07
835.0,5.626483243759139e-07,6.200066309247632e-07
836.0,5.626279175885429e-07,6.19995262240991e-07
837.0,5.626102392852772e-07,6.19991169514833e-07
838.0,5.625921062346606e-07,6.199854283295281e-07
839.0,5.625738594972063e-07,6.199804829520872e-07
840.0,5.625553285426577e-07,6.199746849233634e-07
841.0,5.625389007946069e-07,6.19969114268315e-07
842.0,5.62520881430828e-07,6.19970762727462e-07
843.0,5.625021799460228e-07,6.19967067905236e-07
844.0,5.624843311125005e-07,6.199629183356592e-07
845.0,5.62467789677612e-07,6.19956040281977e-07
846.0,5.624499976875086e-07,6.199519475558191e-07
847.0,5.624344225907407e-07,6.199456379363255e-07
848.0,5.624164600703807e-07,6.199407494023035e-07
849.0,5.623992365144659e-07,6.199365998327266e-07
850.0,5.623838319479546e-07,6.19931142864516e-07
851.0,5.623674610433227e-07,6.199302902132331e-07
852.0,5.623517154162982e-07,6.199183530952723e-07
853.0,5.623345487038023e-07,6.199123276928731e-07
854.0,5.623189736070344e-07,6.199121571626165e-07
855.0,5.623023753287271e-07,6.199105655468884e-07
856.0,5.622881644740119e-07,6.199024937814102e-07
857.0,5.622696335194632e-07,6.198966957526864e-07
858.0,5.622560479423555e-07,6.198949336067017e-07
859.0,5.622420076178969e-07,6.198922619660152e-07
860.0,5.622265462079667e-07,6.198906135068682e-07
861.0,5.622117100756441e-07,6.198728215167648e-07
862.0,5.62197840281442e-07,6.198660003065015e-07
863.0,5.621813556899724e-07,6.198564506121329e-07
864.0,5.621703280667134e-07,6.198570190463215e-07
865.0,5.621540708489192e-07,6.198492883413564e-07
866.0,5.621379273179627e-07,6.198439450599835e-07
867.0,5.621232617158967e-07,6.198401365509199e-07
868.0,5.621117793452868e-07,6.198355322339921e-07
869.0,5.620971137432207e-07,6.198296773618495e-07
870.0,5.620840966003016e-07,6.198274604685139e-07
871.0,5.620694878416543e-07,6.198164896886738e-07
872.0,5.620560727948032e-07,6.198159212544851e-07
873.0,5.620435103992349e-07,6.198149549163645e-07
874.0,5.620303227260592e-07,6.198164896886738e-07
875.0,5.620160550279252e-07,6.19822912995005e-07
876.0,5.620037200060324e-07,6.198250162015029e-07
877.0,5.619913281407207e-07,6.198295636750117e-07
878.0,5.619805278911372e-07,6.198326332196302e-07
879.0,5.619689886771084e-07,6.198409892022028e-07
880.0,5.619558578473516e-07,6.19835986981343e-07
881.0,5.619434091386211e-07,6.19840875515365e-07
882.0,5.619321541416866e-07,6.198387154654483e-07
883.0,5.619199896500504e-07,6.198340543051017e-07
884.0,5.619073704110633e-07,6.198361006681807e-07
885.0,5.618963996312232e-07,6.198302457960381e-07
886.0,5.618853720079642e-07,6.19831098447321e-07
887.0,5.618737759505166e-07,6.198318374117662e-07
888.0,5.618638283522159e-07,6.198291089276609e-07
889.0,5.61852345981606e-07,6.198345658958715e-07
890.0,5.618410341412527e-07,6.198361575115996e-07
891.0,5.618291538667108e-07,6.198404207680142e-07
892.0,5.618177851829387e-07,6.198428650350252e-07
893.0,5.618081218017323e-07,6.198513915478543e-07
894.0,5.617958436232584e-07,6.198598612172646e-07
895.0,5.617833949145279e-07,6.198600317475211e-07
896.0,5.617735041596461e-07,6.19867421391973e-07
897.0,5.617632155008323e-07,6.198689561642823e-07
898.0,5.617516762868036e-07,6.198724236128328e-07
899.0,5.617426381832047e-07,6.198671371748787e-07
900.0,5.617308147520816e-07,6.198662845235958e-07
901.0,5.617192755380529e-07,6.198725941430894e-07
902.0,5.617098963739409e-07,6.198780511113e-07
903.0,5.617013130176929e-07,6.19884190200537e-07
904.0,5.616909675154602e-07,6.198850428518199e-07
905.0,5.616802241092955e-07,6.19884986008401e-07
906.0,5.616686280518479e-07,6.19884588104469e-07
907.0,5.61659589948249e-07,6.198880555530195e-07
908.0,5.61649414976273e-07,6.198875439622498e-07
909.0,5.616400926555798e-07,6.198898176990042e-07
910.0,5.616313956124941e-07,6.198876008056686e-07
911.0,5.616234943772724e-07,6.198825985848089e-07
912.0,5.616135467789718e-07,6.198824848979712e-07
913.0,5.616046792056295e-07,6.19882143837458e-07
914.0,5.615970053440833e-07,6.19882143837458e-07
915.0,5.615887062049296e-07,6.198745268193306e-07
916.0,5.615783038592781e-07,6.198755500008701e-07
917.0,5.61569777346449e-07,6.198723099259951e-07
918.0,5.615612508336199e-07,6.198696951287275e-07
919.0,5.615513032353192e-07,6.198692972247954e-07
920.0,5.615441409645427e-07,6.198656592459884e-07
921.0,5.615349323306873e-07,6.198611117724795e-07
922.0,5.61526462661277e-07,6.198628739184642e-07
923.0,5.615178224616102e-07,6.19859690687008e-07
924.0,5.615119675894675e-07,6.198604296514532e-07
925.0,5.615035547634761e-07,6.198624760145321e-07
926.0,5.614946871901338e-07,6.198578716976044e-07
927.0,5.614871838588442e-07,6.198582127581176e-07
928.0,5.614783162855019e-07,6.198635560394905e-07
929.0,5.61472973004129e-07,6.198581559146987e-07
930.0,5.614654696728394e-07,6.198575874805101e-07
931.0,5.614570000034291e-07,6.198575874805101e-07
932.0,5.61450121949747e-07,6.198594064699137e-07
933.0,5.614419933408499e-07,6.198567348292272e-07
934.0,5.614341489490471e-07,6.198546884661482e-07
935.0,5.614293741018628e-07,6.198557684911066e-07
936.0,5.614216433968977e-07,6.198598612172646e-07
937.0,5.614151064037287e-07,6.198619644237624e-07
938.0,5.61407659915858e-07,6.198596338435891e-07
939.0,5.613997018372174e-07,6.198553137437557e-07
940.0,5.613936764348182e-07,6.198546884661482e-07
941.0,5.613870825982303e-07,6.198595201567514e-07
942.0,5.613779308077937e-07,6.198532105372578e-07
943.0,5.613740654553112e-07,6.19860486494872e-07
944.0,5.61366391593765e-07,6.198549726832425e-07
945.0,5.613597409137583e-07,6.198525284162315e-07
946.0,5.613530902337516e-07,6.198466735440888e-07
947.0,5.613482016997295e-07,6.198503683663148e-07
948.0,5.613425742012623e-07,6.198497430887073e-07
949.0,5.61335752990999e-07,6.19855200056918e-07
950.0,5.613292728412489e-07,6.198523578859749e-07
951.0,5.613233042822685e-07,6.198520168254618e-07
952.0,5.613165399154241e-07,6.19849458871613e-07
953.0,5.613109692603757e-07,6.198430924087006e-07
954.0,5.613040912066936e-07,6.198418418534857e-07
955.0,5.612992595160904e-07,6.198451387717796e-07
956.0,5.612929498965968e-07,6.198500273058016e-07
957.0,5.612876634586428e-07,6.198501409926394e-07
958.0,5.612808422483795e-07,6.198551432134991e-07
959.0,5.612748168459802e-07,6.198567916726461e-07
960.0,5.612706672764034e-07,6.198590654094005e-07
961.0,5.612654945252871e-07,6.198594064699137e-07
962.0,5.612599238702387e-07,6.198627033882076e-07
963.0,5.612548079625412e-07,6.1986457922103e-07
964.0,5.612502604890324e-07,6.198699225024029e-07
965.0,5.612446329905652e-07,6.198751520969381e-07
966.0,5.612410518551769e-07,6.198740720719798e-07
967.0,5.612345717054268e-07,6.198762889653153e-07
968.0,5.612285463030275e-07,6.198850428518199e-07
969.0,5.612238282992621e-07,6.198870892148989e-07
970.0,5.612196218862664e-07,6.198885103003704e-07
971.0,5.612135396404483e-07,6.198947062330262e-07
972.0,5.612089353235206e-07,6.198961841619166e-07
973.0,5.612040467894985e-07,6.199064159773116e-07
974.0,5.611988171949633e-07,6.199063022904738e-07
975.0,5.611954065898317e-07,6.199136350915069e-07
976.0,5.611911433334171e-07,6.199116455718467e-07
977.0,5.611858000520442e-07,6.199147151164652e-07
978.0,5.611829010376823e-07,6.199177846610837e-07
979.0,5.611780693470791e-07,6.199216500135662e-07
980.0,5.611746587419475e-07,6.199255722094676e-07
981.0,5.611684059658728e-07,6.199280733198975e-07
982.0,5.61165450108092e-07,6.199338713486213e-07
983.0,5.611609026345832e-07,6.199363156156323e-07
984.0,5.611566393781686e-07,6.19945012658718e-07
985.0,5.611538540506444e-07,6.199476842994045e-07
986.0,5.611494202639733e-07,6.199509812176984e-07
987.0,5.611458959720039e-07,6.199543918228301e-07
988.0,5.61140552690631e-07,6.199562676556525e-07
989.0,5.6113810842362e-07,6.1995689293326e-07
990.0,5.61134413601394e-07,6.199613267199311e-07
991.0,5.611302640318172e-07,6.199614972501877e-07
992.0,5.611260007754026e-07,6.199643962645496e-07
993.0,5.611241249425802e-07,6.199642825777119e-07
994.0,5.611189521914639e-07,6.199612698765122e-07
995.0,5.611161100205209e-07,6.199666131578851e-07
996.0,5.611135520666721e-07,6.199721838129335e-07
997.0,5.611086635326501e-07,6.199785502758459e-07
998.0,5.611045139630733e-07,6.199826998454228e-07
999.0,5.611028655039263e-07,6.199849735821772e-07
