y value,alpha-H2,alpha-H,alpha-O,alpha-O2,alpha-OH,alpha-H2O,alpha-HO2,alpha-H2O2
6.652593291074768,-1.755596e+00,-4.665171e+00,-3.946417e+00,-1.804218e+00,-1.313729e+00,+2.124694e+00,-5.027503e-01,-1.580010e+00
6.177584705112819,-1.346285e+00,-4.134188e+00,+1.341860e+00,-5.134191e-02,-2.273511e+00,+3.727216e+00,+2.028613e+00,+2.492834e+00
4.944081254234386,-1.793222e+00,-5.611132e+00,-6.200059e-02,-7.048094e-01,-3.069772e+00,+3.096860e+00,+1.916398e+00,-8.698794e-01
4.944081254234386,-1.793222e+00,-5.611132e+00,-6.200059e-02,-7.048094e-01,-3.069772e+00,+3.096860e+00,+1.916398e+00,-8.698794e-01
4.944081254234386,-1.793222e+00,-5.611132e+00,-6.200059e-02,-7.048094e-01,-3.069772e+00,+3.096860e+00,+1.916398e+00,-8.698794e-01
4.944081254234386,-1.793222e+00,-5.611132e+00,-6.200059e-02,-7.048094e-01,-3.069772e+00,+3.096860e+00,+1.916398e+00,-8.698794e-01
4.944081254234386,-1.793222e+00,-5.611132e+00,-6.200059e-02,-7.048094e-01,-3.069772e+00,+3.096860e+00,+1.916398e+00,-8.698794e-01
4.944081254234386,-1.793222e+00,-5.611132e+00,-6.200059e-02,-7.048094e-01,-3.069772e+00,+3.096860e+00,+1.916398e+00,-8.698794e-01
4.944081254234386,-1.793222e+00,-5.611132e+00,-6.200059e-02,-7.048094e-01,-3.069772e+00,+3.096860e+00,+1.916398e+00,-8.698794e-01
4.869940888291031,-1.973757e+00,-6.101042e+00,+2.591311e-01,-1.655507e-01,-3.383816e+00,+3.555569e+00,+2.429734e+00,+2.380905e+00
4.6599213467385106,-2.009000e+00,-6.877538e+00,-1.541263e+00,-1.079807e-01,-2.237800e+00,+3.602753e+00,+2.462980e+00,-1.299550e+00
4.6599213467385106,-2.009000e+00,-6.877538e+00,-1.541263e+00,-1.079807e-01,-2.237800e+00,+3.602753e+00,+2.462980e+00,-1.299550e+00
4.6599213467385106,-2.009000e+00,-6.877538e+00,-1.541263e+00,-1.079807e-01,-2.237800e+00,+3.602753e+00,+2.462980e+00,-1.299550e+00
4.6599213467385106,-2.009000e+00,-6.877538e+00,-1.541263e+00,-1.079807e-01,-2.237800e+00,+3.602753e+00,+2.462980e+00,-1.299550e+00
4.6599213467385106,-2.009000e+00,-6.877538e+00,-1.541263e+00,-1.079807e-01,-2.237800e+00,+3.602753e+00,+2.462980e+00,-1.299550e+00
4.6599213467385106,-2.009000e+00,-6.877538e+00,-1.541263e+00,-1.079807e-01,-2.237800e+00,+3.602753e+00,+2.462980e+00,-1.299550e+00
4.542533723611176,-2.249773e+00,-6.603826e+00,-4.103929e-02,-1.232653e+00,-3.390198e+00,+2.576995e+00,+1.470300e+00,+5.216855e-01
4.542533723611176,-2.249773e+00,-6.603826e+00,-4.103929e-02,-1.232653e+00,-3.390198e+00,+2.576995e+00,+1.470300e+00,+5.216855e-01
4.542533723611176,-2.249773e+00,-6.603826e+00,-4.103929e-02,-1.232653e+00,-3.390198e+00,+2.576995e+00,+1.470300e+00,+5.216855e-01
4.310503131289701,-2.284219e+00,-7.189518e+00,-1.027492e+00,-7.130834e-01,-1.699970e+00,+3.034566e+00,+2.068880e+00,+7.194219e-01
4.310503131289701,-2.284219e+00,-7.189518e+00,-1.027492e+00,-7.130834e-01,-1.699970e+00,+3.034566e+00,+2.068880e+00,+7.194219e-01
4.310503131289701,-2.284219e+00,-7.189518e+00,-1.027492e+00,-7.130834e-01,-1.699970e+00,+3.034566e+00,+2.068880e+00,+7.194219e-01
4.310503131289701,-2.284219e+00,-7.189518e+00,-1.027492e+00,-7.130834e-01,-1.699970e+00,+3.034566e+00,+2.068880e+00,+7.194219e-01
4.310503131289701,-2.284219e+00,-7.189518e+00,-1.027492e+00,-7.130834e-01,-1.699970e+00,+3.034566e+00,+2.068880e+00,+7.194219e-01
4.310503131289701,-2.284219e+00,-7.189518e+00,-1.027492e+00,-7.130834e-01,-1.699970e+00,+3.034566e+00,+2.068880e+00,+7.194219e-01
4.310503131289701,-2.284219e+00,-7.189518e+00,-1.027492e+00,-7.130834e-01,-1.699970e+00,+3.034566e+00,+2.068880e+00,+7.194219e-01
4.310503131289701,-2.284219e+00,-7.189518e+00,-1.027492e+00,-7.130834e-01,-1.699970e+00,+3.034566e+00,+2.068880e+00,+7.194219e-01
4.310503131289701,-2.284219e+00,-7.189518e+00,-1.027492e+00,-7.130834e-01,-1.699970e+00,+3.034566e+00,+2.068880e+00,+7.194219e-01
4.310503131289701,-2.284219e+00,-7.189518e+00,-1.027492e+00,-7.130834e-01,-1.699970e+00,+3.034566e+00,+2.068880e+00,+7.194219e-01
4.310503131289701,-2.284219e+00,-7.189518e+00,-1.027492e+00,-7.130834e-01,-1.699970e+00,+3.034566e+00,+2.068880e+00,+7.194219e-01
4.231874614136096,-2.638929e+00,-8.297273e+00,-4.960547e-01,-7.246767e-01,-1.634041e+00,+2.984576e+00,+2.292741e+00,-1.209806e-01
4.231874614136096,-2.638929e+00,-8.297273e+00,-4.960547e-01,-7.246767e-01,-1.634041e+00,+2.984576e+00,+2.292741e+00,-1.209806e-01
4.231874614136096,-2.638929e+00,-8.297273e+00,-4.960547e-01,-7.246767e-01,-1.634041e+00,+2.984576e+00,+2.292741e+00,-1.209806e-01
4.231874614136096,-2.638929e+00,-8.297273e+00,-4.960547e-01,-7.246767e-01,-1.634041e+00,+2.984576e+00,+2.292741e+00,-1.209806e-01
4.231874614136096,-2.638929e+00,-8.297273e+00,-4.960547e-01,-7.246767e-01,-1.634041e+00,+2.984576e+00,+2.292741e+00,-1.209806e-01
4.231874614136096,-2.638929e+00,-8.297273e+00,-4.960547e-01,-7.246767e-01,-1.634041e+00,+2.984576e+00,+2.292741e+00,-1.209806e-01
4.215031803949655,-2.697565e+00,-8.458996e+00,-5.018791e-01,-6.656039e-01,-1.858998e+00,+3.030476e+00,+2.620169e+00,+8.865966e-01
4.179921558540394,-2.638929e+00,-8.297273e+00,-4.960547e-01,-7.246767e-01,-1.672834e+00,+2.984576e+00,+2.292741e+00,-1.209806e-01
4.179921558540394,-2.638929e+00,-8.297273e+00,-4.960547e-01,-7.246767e-01,-1.672834e+00,+2.984576e+00,+2.292741e+00,-1.209806e-01
4.172997488648316,-2.615843e+00,-8.336354e+00,-7.990426e-01,-6.439568e-01,-1.951938e+00,+3.058846e+00,+2.356990e+00,+2.674756e-01
4.172997488648316,-2.615843e+00,-8.336354e+00,-7.990426e-01,-6.439568e-01,-1.951938e+00,+3.058846e+00,+2.356990e+00,+2.674756e-01
4.172997488648316,-2.615843e+00,-8.336354e+00,-7.990426e-01,-6.439568e-01,-1.951938e+00,+3.058846e+00,+2.356990e+00,+2.674756e-01
4.172997488648316,-2.615843e+00,-8.336354e+00,-7.990426e-01,-6.439568e-01,-1.951938e+00,+3.058846e+00,+2.356990e+00,+2.674756e-01
4.172997488648316,-2.615843e+00,-8.336354e+00,-7.990426e-01,-6.439568e-01,-1.951938e+00,+3.058846e+00,+2.356990e+00,+2.674756e-01
4.172997488648316,-2.615843e+00,-8.336354e+00,-7.990426e-01,-6.439568e-01,-1.951938e+00,+3.058846e+00,+2.356990e+00,+2.674756e-01
4.172997488648316,-2.615843e+00,-8.336354e+00,-7.990426e-01,-6.439568e-01,-1.951938e+00,+3.058846e+00,+2.356990e+00,+2.674756e-01
4.172997488648316,-2.615843e+00,-8.336354e+00,-7.990426e-01,-6.439568e-01,-1.951938e+00,+3.058846e+00,+2.356990e+00,+2.674756e-01
4.163224306702756,-2.602086e+00,-8.292514e+00,-6.107766e-01,-6.638034e-01,-1.941673e+00,+3.042760e+00,+2.344594e+00,+2.660690e-01
4.153688434825588,-2.616362e+00,-8.147005e+00,-2.989317e-01,-9.307982e-01,-1.935755e+00,+2.804046e+00,+2.016383e+00,+4.445774e-01
4.149679015450071,-2.616362e+00,-8.147005e+00,-2.989317e-01,-9.307982e-01,-1.935755e+00,+2.804046e+00,+2.016383e+00,-1.544661e-01
4.149679015450071,-2.616362e+00,-8.147005e+00,-2.989317e-01,-9.307982e-01,-1.935755e+00,+2.804046e+00,+2.016383e+00,-1.544661e-01
4.149679015450071,-2.616362e+00,-8.147005e+00,-2.989317e-01,-9.307982e-01,-1.935755e+00,+2.804046e+00,+2.016383e+00,-1.544661e-01
4.149679015450071,-2.616362e+00,-8.147005e+00,-2.989317e-01,-9.307982e-01,-1.935755e+00,+2.804046e+00,+2.016383e+00,-1.544661e-01
4.149679015450071,-2.616362e+00,-8.147005e+00,-2.989317e-01,-9.307982e-01,-1.935755e+00,+2.804046e+00,+2.016383e+00,-1.544661e-01
4.149679015450071,-2.616362e+00,-8.147005e+00,-2.989317e-01,-9.307982e-01,-1.935755e+00,+2.804046e+00,+2.016383e+00,-1.544661e-01
4.149679015450071,-2.616362e+00,-8.147005e+00,-2.989317e-01,-9.307982e-01,-1.935755e+00,+2.804046e+00,+2.016383e+00,-1.544661e-01
4.149679015450071,-2.616362e+00,-8.147005e+00,-2.989317e-01,-9.307982e-01,-1.935755e+00,+2.804046e+00,+2.016383e+00,-1.544661e-01
4.149679015450071,-2.616362e+00,-8.147005e+00,-2.989317e-01,-9.307982e-01,-1.935755e+00,+2.804046e+00,+2.016383e+00,-1.544661e-01
4.149679015450071,-2.616362e+00,-8.147005e+00,-2.989317e-01,-9.307982e-01,-1.935755e+00,+2.804046e+00,+2.016383e+00,-1.544661e-01
4.149679015450071,-2.616362e+00,-8.147005e+00,-2.989317e-01,-9.307982e-01,-1.935755e+00,+2.804046e+00,+2.016383e+00,-1.544661e-01
4.144578116716482,-2.678865e+00,-8.267842e+00,-5.082752e-01,-9.726026e-01,-2.163949e+00,+2.759926e+00,+2.013582e+00,-4.579162e-01
4.144578116716482,-2.678865e+00,-8.267842e+00,-5.082752e-01,-9.726026e-01,-2.163949e+00,+2.759926e+00,+2.013582e+00,-4.579162e-01
4.144578116716482,-2.678865e+00,-8.267842e+00,-5.082752e-01,-9.726026e-01,-2.163949e+00,+2.759926e+00,+2.013582e+00,-4.579162e-01
4.144578116716482,-2.678865e+00,-8.267842e+00,-5.082752e-01,-9.726026e-01,-2.163949e+00,+2.759926e+00,+2.013582e+00,-4.579162e-01
4.144578116716482,-2.678865e+00,-8.267842e+00,-5.082752e-01,-9.726026e-01,-2.163949e+00,+2.759926e+00,+2.013582e+00,-4.579162e-01
4.144578116716482,-2.678865e+00,-8.267842e+00,-5.082752e-01,-9.726026e-01,-2.163949e+00,+2.759926e+00,+2.013582e+00,-4.579162e-01
4.144578116716482,-2.678865e+00,-8.267842e+00,-5.082752e-01,-9.726026e-01,-2.163949e+00,+2.759926e+00,+2.013582e+00,-4.579162e-01
4.144578116716482,-2.678865e+00,-8.267842e+00,-5.082752e-01,-9.726026e-01,-2.163949e+00,+2.759926e+00,+2.013582e+00,-4.579162e-01
4.144578116716482,-2.678865e+00,-8.267842e+00,-5.082752e-01,-9.726026e-01,-2.163949e+00,+2.759926e+00,+2.013582e+00,-4.579162e-01
4.144578116716482,-2.678865e+00,-8.267842e+00,-5.082752e-01,-9.726026e-01,-2.163949e+00,+2.759926e+00,+2.013582e+00,-4.579162e-01
4.141615025516304,-2.678865e+00,-8.267842e+00,-5.082752e-01,-9.726026e-01,-2.163949e+00,+2.759926e+00,+2.013582e+00,+2.732337e-01
4.141615025516304,-2.678865e+00,-8.267842e+00,-5.082752e-01,-9.726026e-01,-2.163949e+00,+2.759926e+00,+2.013582e+00,+2.732337e-01
4.141615025516304,-2.678865e+00,-8.267842e+00,-5.082752e-01,-9.726026e-01,-2.163949e+00,+2.759926e+00,+2.013582e+00,+2.732337e-01
4.13266223900966,-2.669469e+00,-8.400972e+00,-1.876317e-02,-7.455847e-01,-1.993138e+00,+2.962590e+00,+2.364548e+00,-3.491713e-01
4.13266223900966,-2.669469e+00,-8.400972e+00,-1.876317e-02,-7.455847e-01,-1.993138e+00,+2.962590e+00,+2.364548e+00,-3.491713e-01
4.13266223900966,-2.669469e+00,-8.400972e+00,-1.876317e-02,-7.455847e-01,-1.993138e+00,+2.962590e+00,+2.364548e+00,-3.491713e-01
4.13266223900966,-2.669469e+00,-8.400972e+00,-1.876317e-02,-7.455847e-01,-1.993138e+00,+2.962590e+00,+2.364548e+00,-3.491713e-01
4.13266223900966,-2.669469e+00,-8.400972e+00,-1.876317e-02,-7.455847e-01,-1.993138e+00,+2.962590e+00,+2.364548e+00,-3.491713e-01
4.13266223900966,-2.669469e+00,-8.400972e+00,-1.876317e-02,-7.455847e-01,-1.993138e+00,+2.962590e+00,+2.364548e+00,-3.491713e-01
4.13266223900966,-2.669469e+00,-8.400972e+00,-1.876317e-02,-7.455847e-01,-1.993138e+00,+2.962590e+00,+2.364548e+00,-3.491713e-01
4.13266223900966,-2.669469e+00,-8.400972e+00,-1.876317e-02,-7.455847e-01,-1.993138e+00,+2.962590e+00,+2.364548e+00,-3.491713e-01
4.132601762752953,-2.669469e+00,-8.400972e+00,-1.876317e-02,-7.455847e-01,-1.993138e+00,+2.962590e+00,+2.364548e+00,-3.450802e-01
4.132601762752953,-2.669469e+00,-8.400972e+00,-1.876317e-02,-7.455847e-01,-1.993138e+00,+2.962590e+00,+2.364548e+00,-3.450802e-01
4.132601762752953,-2.669469e+00,-8.400972e+00,-1.876317e-02,-7.455847e-01,-1.993138e+00,+2.962590e+00,+2.364548e+00,-3.450802e-01
4.132601762752953,-2.669469e+00,-8.400972e+00,-1.876317e-02,-7.455847e-01,-1.993138e+00,+2.962590e+00,+2.364548e+00,-3.450802e-01
4.132601762752953,-2.669469e+00,-8.400972e+00,-1.876317e-02,-7.455847e-01,-1.993138e+00,+2.962590e+00,+2.364548e+00,-3.450802e-01
4.129015014813557,-2.682857e+00,-8.415700e+00,-2.540912e-01,-8.006740e-01,-2.045071e+00,+2.912167e+00,+2.248466e+00,-5.896492e-01
4.129015014813557,-2.682857e+00,-8.415700e+00,-2.540912e-01,-8.006740e-01,-2.045071e+00,+2.912167e+00,+2.248466e+00,-5.896492e-01
4.129015014813557,-2.682857e+00,-8.415700e+00,-2.540912e-01,-8.006740e-01,-2.045071e+00,+2.912167e+00,+2.248466e+00,-5.896492e-01
4.126308846799304,-2.682857e+00,-8.415700e+00,-2.540912e-01,-8.006740e-01,-2.045071e+00,+2.912167e+00,+2.248466e+00,-4.699540e-01
4.126308846799304,-2.682857e+00,-8.415700e+00,-2.540912e-01,-8.006740e-01,-2.045071e+00,+2.912167e+00,+2.248466e+00,-4.699540e-01
4.126308846799304,-2.682857e+00,-8.415700e+00,-2.540912e-01,-8.006740e-01,-2.045071e+00,+2.912167e+00,+2.248466e+00,-4.699540e-01
4.126308846799304,-2.682857e+00,-8.415700e+00,-2.540912e-01,-8.006740e-01,-2.045071e+00,+2.912167e+00,+2.248466e+00,-4.699540e-01
4.126308846799304,-2.682857e+00,-8.415700e+00,-2.540912e-01,-8.006740e-01,-2.045071e+00,+2.912167e+00,+2.248466e+00,-4.699540e-01
4.126308846799304,-2.682857e+00,-8.415700e+00,-2.540912e-01,-8.006740e-01,-2.045071e+00,+2.912167e+00,+2.248466e+00,-4.699540e-01
4.125747064657665,-2.672077e+00,-8.428672e+00,-2.116837e-01,-7.390944e-01,-1.974375e+00,+2.968062e+00,+2.353340e+00,-2.868410e-01
4.125747064657665,-2.672077e+00,-8.428672e+00,-2.116837e-01,-7.390944e-01,-1.974375e+00,+2.968062e+00,+2.353340e+00,-2.868410e-01
4.125747064657665,-2.672077e+00,-8.428672e+00,-2.116837e-01,-7.390944e-01,-1.974375e+00,+2.968062e+00,+2.353340e+00,-2.868410e-01
4.125747064657665,-2.672077e+00,-8.428672e+00,-2.116837e-01,-7.390944e-01,-1.974375e+00,+2.968062e+00,+2.353340e+00,-2.868410e-01
4.125747064657665,-2.672077e+00,-8.428672e+00,-2.116837e-01,-7.390944e-01,-1.974375e+00,+2.968062e+00,+2.353340e+00,-2.868410e-01
4.125747064657665,-2.672077e+00,-8.428672e+00,-2.116837e-01,-7.390944e-01,-1.974375e+00,+2.968062e+00,+2.353340e+00,-2.868410e-01
4.125747064657665,-2.672077e+00,-8.428672e+00,-2.116837e-01,-7.390944e-01,-1.974375e+00,+2.968062e+00,+2.353340e+00,-2.868410e-01
4.125747064657665,-2.672077e+00,-8.428672e+00,-2.116837e-01,-7.390944e-01,-1.974375e+00,+2.968062e+00,+2.353340e+00,-2.868410e-01
4.125747064657665,-2.672077e+00,-8.428672e+00,-2.116837e-01,-7.390944e-01,-1.974375e+00,+2.968062e+00,+2.353340e+00,-2.868410e-01
4.125747064657665,-2.672077e+00,-8.428672e+00,-2.116837e-01,-7.390944e-01,-1.974375e+00,+2.968062e+00,+2.353340e+00,-2.868410e-01
4.1253488141870145,-2.709747e+00,-8.498671e+00,-5.052736e-01,-8.445181e-01,-1.949817e+00,+2.870221e+00,+2.278137e+00,+1.849858e-01
4.1253488141870145,-2.709747e+00,-8.498671e+00,-5.052736e-01,-8.445181e-01,-1.949817e+00,+2.870221e+00,+2.278137e+00,+1.849858e-01
4.121510576584334,-2.698328e+00,-8.518217e+00,-3.114613e-01,-7.460891e-01,-1.823780e+00,+2.958913e+00,+2.345426e+00,-2.799690e-01
4.121510576584334,-2.698328e+00,-8.518217e+00,-3.114613e-01,-7.460891e-01,-1.823780e+00,+2.958913e+00,+2.345426e+00,-2.799690e-01
4.121510576584334,-2.698328e+00,-8.518217e+00,-3.114613e-01,-7.460891e-01,-1.823780e+00,+2.958913e+00,+2.345426e+00,-2.799690e-01
4.121510576584334,-2.698328e+00,-8.518217e+00,-3.114613e-01,-7.460891e-01,-1.823780e+00,+2.958913e+00,+2.345426e+00,-2.799690e-01
4.121510576584334,-2.698328e+00,-8.518217e+00,-3.114613e-01,-7.460891e-01,-1.823780e+00,+2.958913e+00,+2.345426e+00,-2.799690e-01
4.121510576584334,-2.698328e+00,-8.518217e+00,-3.114613e-01,-7.460891e-01,-1.823780e+00,+2.958913e+00,+2.345426e+00,-2.799690e-01
4.121510576584334,-2.698328e+00,-8.518217e+00,-3.114613e-01,-7.460891e-01,-1.823780e+00,+2.958913e+00,+2.345426e+00,-2.799690e-01
4.121510576584334,-2.698328e+00,-8.518217e+00,-3.114613e-01,-7.460891e-01,-1.823780e+00,+2.958913e+00,+2.345426e+00,-2.799690e-01
4.120533792739359,-2.651681e+00,-8.434103e+00,-9.221568e-02,-6.612561e-01,-1.804318e+00,+3.039472e+00,+2.408642e+00,+3.350496e-02
4.120533792739359,-2.651681e+00,-8.434103e+00,-9.221568e-02,-6.612561e-01,-1.804318e+00,+3.039472e+00,+2.408642e+00,+3.350496e-02
4.12016508138828,-2.698328e+00,-8.518217e+00,-3.114613e-01,-7.460891e-01,-1.823780e+00,+2.958913e+00,+2.345426e+00,-1.180199e-01
4.12016508138828,-2.698328e+00,-8.518217e+00,-3.114613e-01,-7.460891e-01,-1.823780e+00,+2.958913e+00,+2.345426e+00,-1.180199e-01
4.12016508138828,-2.698328e+00,-8.518217e+00,-3.114613e-01,-7.460891e-01,-1.823780e+00,+2.958913e+00,+2.345426e+00,-1.180199e-01
4.12016508138828,-2.698328e+00,-8.518217e+00,-3.114613e-01,-7.460891e-01,-1.823780e+00,+2.958913e+00,+2.345426e+00,-1.180199e-01
4.12016508138828,-2.698328e+00,-8.518217e+00,-3.114613e-01,-7.460891e-01,-1.823780e+00,+2.958913e+00,+2.345426e+00,-1.180199e-01
4.118382250867618,-2.705488e+00,-8.513728e+00,-3.404853e-01,-8.130752e-01,-1.897129e+00,+2.898622e+00,+2.279032e+00,-1.753370e-01
4.117835091362843,-2.693415e+00,-8.520323e+00,-2.660283e-01,-7.271418e-01,-1.828164e+00,+2.976289e+00,+2.380951e+00,-1.288177e-01
4.116081939545072,-2.710606e+00,-8.543667e+00,-3.496603e-01,-7.742200e-01,-1.864222e+00,+2.932556e+00,+2.340731e+00,+2.630793e-02
4.116081939545072,-2.710606e+00,-8.543667e+00,-3.496603e-01,-7.742200e-01,-1.864222e+00,+2.932556e+00,+2.340731e+00,+2.630793e-02
4.116081939545072,-2.710606e+00,-8.543667e+00,-3.496603e-01,-7.742200e-01,-1.864222e+00,+2.932556e+00,+2.340731e+00,+2.630793e-02
4.116081939545072,-2.710606e+00,-8.543667e+00,-3.496603e-01,-7.742200e-01,-1.864222e+00,+2.932556e+00,+2.340731e+00,+2.630793e-02
4.116081939545072,-2.710606e+00,-8.543667e+00,-3.496603e-01,-7.742200e-01,-1.864222e+00,+2.932556e+00,+2.340731e+00,+2.630793e-02
4.116081939545072,-2.710606e+00,-8.543667e+00,-3.496603e-01,-7.742200e-01,-1.864222e+00,+2.932556e+00,+2.340731e+00,+2.630793e-02
4.116081939545072,-2.710606e+00,-8.543667e+00,-3.496603e-01,-7.742200e-01,-1.864222e+00,+2.932556e+00,+2.340731e+00,+2.630793e-02
4.116081939545072,-2.710606e+00,-8.543667e+00,-3.496603e-01,-7.742200e-01,-1.864222e+00,+2.932556e+00,+2.340731e+00,+2.630793e-02
4.116081939545072,-2.710606e+00,-8.543667e+00,-3.496603e-01,-7.742200e-01,-1.864222e+00,+2.932556e+00,+2.340731e+00,+2.630793e-02
4.116081939545072,-2.710606e+00,-8.543667e+00,-3.496603e-01,-7.742200e-01,-1.864222e+00,+2.932556e+00,+2.340731e+00,+2.630793e-02
4.116081939545072,-2.710606e+00,-8.543667e+00,-3.496603e-01,-7.742200e-01,-1.864222e+00,+2.932556e+00,+2.340731e+00,+2.630793e-02
4.116081939545072,-2.710606e+00,-8.543667e+00,-3.496603e-01,-7.742200e-01,-1.864222e+00,+2.932556e+00,+2.340731e+00,+2.630793e-02
4.116081939545072,-2.710606e+00,-8.543667e+00,-3.496603e-01,-7.742200e-01,-1.864222e+00,+2.932556e+00,+2.340731e+00,+2.630793e-02
4.116081939545072,-2.710606e+00,-8.543667e+00,-3.496603e-01,-7.742200e-01,-1.864222e+00,+2.932556e+00,+2.340731e+00,+2.630793e-02
4.116081939545072,-2.710606e+00,-8.543667e+00,-3.496603e-01,-7.742200e-01,-1.864222e+00,+2.932556e+00,+2.340731e+00,+2.630793e-02
4.116081939545072,-2.710606e+00,-8.543667e+00,-3.496603e-01,-7.742200e-01,-1.864222e+00,+2.932556e+00,+2.340731e+00,+2.630793e-02
4.115760821356381,-2.680684e+00,-8.490872e+00,-3.043645e-01,-7.165951e-01,-1.838491e+00,+2.987081e+00,+2.364641e+00,-4.393297e-02
4.115760821356381,-2.680684e+00,-8.490872e+00,-3.043645e-01,-7.165951e-01,-1.838491e+00,+2.987081e+00,+2.364641e+00,-4.393297e-02
4.115760821356381,-2.680684e+00,-8.490872e+00,-3.043645e-01,-7.165951e-01,-1.838491e+00,+2.987081e+00,+2.364641e+00,-4.393297e-02
4.115760821356381,-2.680684e+00,-8.490872e+00,-3.043645e-01,-7.165951e-01,-1.838491e+00,+2.987081e+00,+2.364641e+00,-4.393297e-02
4.115627205070516,-2.693237e+00,-8.474676e+00,-3.403497e-01,-7.902718e-01,-1.904056e+00,+2.920244e+00,+2.273832e+00,+1.533620e-02
4.115627205070516,-2.693237e+00,-8.474676e+00,-3.403497e-01,-7.902718e-01,-1.904056e+00,+2.920244e+00,+2.273832e+00,+1.533620e-02
4.115627205070516,-2.693237e+00,-8.474676e+00,-3.403497e-01,-7.902718e-01,-1.904056e+00,+2.920244e+00,+2.273832e+00,+1.533620e-02
4.115627205070516,-2.693237e+00,-8.474676e+00,-3.403497e-01,-7.902718e-01,-1.904056e+00,+2.920244e+00,+2.273832e+00,+1.533620e-02
4.1152498653186464,-2.705488e+00,-8.504989e+00,-3.404853e-01,-8.130752e-01,-1.897129e+00,+2.898622e+00,+2.279032e+00,-1.753370e-01
4.1152498653186464,-2.705488e+00,-8.504989e+00,-3.404853e-01,-8.130752e-01,-1.897129e+00,+2.898622e+00,+2.279032e+00,-1.753370e-01
4.1152498653186464,-2.705488e+00,-8.504989e+00,-3.404853e-01,-8.130752e-01,-1.897129e+00,+2.898622e+00,+2.279032e+00,-1.753370e-01
4.1152498653186464,-2.705488e+00,-8.504989e+00,-3.404853e-01,-8.130752e-01,-1.897129e+00,+2.898622e+00,+2.279032e+00,-1.753370e-01
4.1152498653186464,-2.705488e+00,-8.504989e+00,-3.404853e-01,-8.130752e-01,-1.897129e+00,+2.898622e+00,+2.279032e+00,-1.753370e-01
4.1152498653186464,-2.705488e+00,-8.504989e+00,-3.404853e-01,-8.130752e-01,-1.897129e+00,+2.898622e+00,+2.279032e+00,-1.753370e-01
4.1152498653186464,-2.705488e+00,-8.504989e+00,-3.404853e-01,-8.130752e-01,-1.897129e+00,+2.898622e+00,+2.279032e+00,-1.753370e-01
4.1152498653186464,-2.705488e+00,-8.504989e+00,-3.404853e-01,-8.130752e-01,-1.897129e+00,+2.898622e+00,+2.279032e+00,-1.753370e-01
4.1152498653186464,-2.705488e+00,-8.504989e+00,-3.404853e-01,-8.130752e-01,-1.897129e+00,+2.898622e+00,+2.279032e+00,-1.753370e-01
4.114994010878585,-2.680684e+00,-8.490872e+00,-3.043645e-01,-7.165951e-01,-1.838491e+00,+2.987081e+00,+2.356915e+00,-4.393297e-02
4.114991929870776,-2.676089e+00,-8.482367e+00,-2.108431e-01,-6.997464e-01,-1.854964e+00,+3.002558e+00,+2.374300e+00,-6.412386e-02
4.114991929870776,-2.676089e+00,-8.482367e+00,-2.108431e-01,-6.997464e-01,-1.854964e+00,+3.002558e+00,+2.374300e+00,-6.412386e-02
4.114991929870776,-2.676089e+00,-8.482367e+00,-2.108431e-01,-6.997464e-01,-1.854964e+00,+3.002558e+00,+2.374300e+00,-6.412386e-02
4.114991929870776,-2.676089e+00,-8.482367e+00,-2.108431e-01,-6.997464e-01,-1.854964e+00,+3.002558e+00,+2.374300e+00,-6.412386e-02
4.114991929870776,-2.676089e+00,-8.482367e+00,-2.108431e-01,-6.997464e-01,-1.854964e+00,+3.002558e+00,+2.374300e+00,-6.412386e-02
4.114991929870776,-2.676089e+00,-8.482367e+00,-2.108431e-01,-6.997464e-01,-1.854964e+00,+3.002558e+00,+2.374300e+00,-6.412386e-02
4.114991929870776,-2.676089e+00,-8.482367e+00,-2.108431e-01,-6.997464e-01,-1.854964e+00,+3.002558e+00,+2.374300e+00,-6.412386e-02
4.114991929870776,-2.676089e+00,-8.482367e+00,-2.108431e-01,-6.997464e-01,-1.854964e+00,+3.002558e+00,+2.374300e+00,-6.412386e-02
4.114062795148771,-2.698370e+00,-8.527200e+00,-3.013356e-01,-7.542127e-01,-1.843371e+00,+2.951693e+00,+2.351289e+00,+1.452735e-02
4.114062795148771,-2.698370e+00,-8.527200e+00,-3.013356e-01,-7.542127e-01,-1.843371e+00,+2.951693e+00,+2.351289e+00,+1.452735e-02
4.114062795148771,-2.698370e+00,-8.527200e+00,-3.013356e-01,-7.542127e-01,-1.843371e+00,+2.951693e+00,+2.351289e+00,+1.452735e-02
4.114062795148771,-2.698370e+00,-8.527200e+00,-3.013356e-01,-7.542127e-01,-1.843371e+00,+2.951693e+00,+2.351289e+00,+1.452735e-02
4.114062795148771,-2.698370e+00,-8.527200e+00,-3.013356e-01,-7.542127e-01,-1.843371e+00,+2.951693e+00,+2.351289e+00,+1.452735e-02
4.114062795148771,-2.698370e+00,-8.527200e+00,-3.013356e-01,-7.542127e-01,-1.843371e+00,+2.951693e+00,+2.351289e+00,+1.452735e-02
4.114062795148771,-2.698370e+00,-8.527200e+00,-3.013356e-01,-7.542127e-01,-1.843371e+00,+2.951693e+00,+2.351289e+00,+1.452735e-02
4.114062795148771,-2.698370e+00,-8.527200e+00,-3.013356e-01,-7.542127e-01,-1.843371e+00,+2.951693e+00,+2.351289e+00,+1.452735e-02
4.114062795148771,-2.698370e+00,-8.527200e+00,-3.013356e-01,-7.542127e-01,-1.843371e+00,+2.951693e+00,+2.351289e+00,+1.452735e-02
4.114062795148771,-2.698370e+00,-8.527200e+00,-3.013356e-01,-7.542127e-01,-1.843371e+00,+2.951693e+00,+2.351289e+00,+1.452735e-02
4.114062795148771,-2.698370e+00,-8.527200e+00,-3.013356e-01,-7.542127e-01,-1.843371e+00,+2.951693e+00,+2.351289e+00,+1.452735e-02
4.113941731252746,-2.703550e+00,-8.487872e+00,-2.844774e-01,-8.167533e-01,-1.940495e+00,+2.895572e+00,+2.254095e+00,+1.585983e-01
4.113941731252746,-2.703550e+00,-8.487872e+00,-2.844774e-01,-8.167533e-01,-1.940495e+00,+2.895572e+00,+2.254095e+00,+1.585983e-01
4.113941731252746,-2.703550e+00,-8.487872e+00,-2.844774e-01,-8.167533e-01,-1.940495e+00,+2.895572e+00,+2.254095e+00,+1.585983e-01
4.113941731252746,-2.703550e+00,-8.487872e+00,-2.844774e-01,-8.167533e-01,-1.940495e+00,+2.895572e+00,+2.254095e+00,+1.585983e-01
4.113941731252746,-2.703550e+00,-8.487872e+00,-2.844774e-01,-8.167533e-01,-1.940495e+00,+2.895572e+00,+2.254095e+00,+1.585983e-01
4.113941731252746,-2.703550e+00,-8.487872e+00,-2.844774e-01,-8.167533e-01,-1.940495e+00,+2.895572e+00,+2.254095e+00,+1.585983e-01
4.113941731252746,-2.703550e+00,-8.487872e+00,-2.844774e-01,-8.167533e-01,-1.940495e+00,+2.895572e+00,+2.254095e+00,+1.585983e-01
4.113941731252746,-2.703550e+00,-8.487872e+00,-2.844774e-01,-8.167533e-01,-1.940495e+00,+2.895572e+00,+2.254095e+00,+1.585983e-01
4.113941731252746,-2.703550e+00,-8.487872e+00,-2.844774e-01,-8.167533e-01,-1.940495e+00,+2.895572e+00,+2.254095e+00,+1.585983e-01
4.113941731252746,-2.703550e+00,-8.487872e+00,-2.844774e-01,-8.167533e-01,-1.940495e+00,+2.895572e+00,+2.254095e+00,+1.585983e-01
4.112755727526954,-2.731555e+00,-8.529968e+00,-3.374652e-01,-8.767901e-01,-2.019335e+00,+2.839120e+00,+2.208185e+00,+1.172972e-01
4.112755727526954,-2.731555e+00,-8.529968e+00,-3.374652e-01,-8.767901e-01,-2.019335e+00,+2.839120e+00,+2.208185e+00,+1.172972e-01
4.112755727526954,-2.731555e+00,-8.529968e+00,-3.374652e-01,-8.767901e-01,-2.019335e+00,+2.839120e+00,+2.208185e+00,+1.172972e-01
4.112755727526954,-2.731555e+00,-8.529968e+00,-3.374652e-01,-8.767901e-01,-2.019335e+00,+2.839120e+00,+2.208185e+00,+1.172972e-01
4.112755727526954,-2.731555e+00,-8.529968e+00,-3.374652e-01,-8.767901e-01,-2.019335e+00,+2.839120e+00,+2.208185e+00,+1.172972e-01
4.112755727526954,-2.731555e+00,-8.529968e+00,-3.374652e-01,-8.767901e-01,-2.019335e+00,+2.839120e+00,+2.208185e+00,+1.172972e-01
4.112755727526954,-2.731555e+00,-8.529968e+00,-3.374652e-01,-8.767901e-01,-2.019335e+00,+2.839120e+00,+2.208185e+00,+1.172972e-01
4.112755727526954,-2.731555e+00,-8.529968e+00,-3.374652e-01,-8.767901e-01,-2.019335e+00,+2.839120e+00,+2.208185e+00,+1.172972e-01
4.112755727526954,-2.731555e+00,-8.529968e+00,-3.374652e-01,-8.767901e-01,-2.019335e+00,+2.839120e+00,+2.208185e+00,+1.172972e-01
4.112755727526954,-2.731555e+00,-8.529968e+00,-3.374652e-01,-8.767901e-01,-2.019335e+00,+2.839120e+00,+2.208185e+00,+1.172972e-01
4.112755727526954,-2.731555e+00,-8.529968e+00,-3.374652e-01,-8.767901e-01,-2.019335e+00,+2.839120e+00,+2.208185e+00,+1.172972e-01
4.112755727526954,-2.731555e+00,-8.529968e+00,-3.374652e-01,-8.767901e-01,-2.019335e+00,+2.839120e+00,+2.208185e+00,+1.172972e-01
4.112755727526954,-2.731555e+00,-8.529968e+00,-3.374652e-01,-8.767901e-01,-2.019335e+00,+2.839120e+00,+2.208185e+00,+1.172972e-01
4.112755727526954,-2.731555e+00,-8.529968e+00,-3.374652e-01,-8.767901e-01,-2.019335e+00,+2.839120e+00,+2.208185e+00,+1.172972e-01
4.112755727526954,-2.731555e+00,-8.529968e+00,-3.374652e-01,-8.767901e-01,-2.019335e+00,+2.839120e+00,+2.208185e+00,+1.172972e-01
4.112755727526954,-2.731555e+00,-8.529968e+00,-3.374652e-01,-8.767901e-01,-2.019335e+00,+2.839120e+00,+2.208185e+00,+1.172972e-01
4.112755727526954,-2.731555e+00,-8.529968e+00,-3.374652e-01,-8.767901e-01,-2.019335e+00,+2.839120e+00,+2.208185e+00,+1.172972e-01
4.112755727526954,-2.731555e+00,-8.529968e+00,-3.374652e-01,-8.767901e-01,-2.019335e+00,+2.839120e+00,+2.208185e+00,+1.172972e-01
4.112755727526954,-2.731555e+00,-8.529968e+00,-3.374652e-01,-8.767901e-01,-2.019335e+00,+2.839120e+00,+2.208185e+00,+1.172972e-01
4.112755727526954,-2.731555e+00,-8.529968e+00,-3.374652e-01,-8.767901e-01,-2.019335e+00,+2.839120e+00,+2.208185e+00,+1.172972e-01
4.112755727526954,-2.731555e+00,-8.529968e+00,-3.374652e-01,-8.767901e-01,-2.019335e+00,+2.839120e+00,+2.208185e+00,+1.172972e-01
4.112755727526954,-2.731555e+00,-8.529968e+00,-3.374652e-01,-8.767901e-01,-2.019335e+00,+2.839120e+00,+2.208185e+00,+1.172972e-01
4.112755727526954,-2.731555e+00,-8.529968e+00,-3.374652e-01,-8.767901e-01,-2.019335e+00,+2.839120e+00,+2.208185e+00,+1.172972e-01
4.112755727526954,-2.731555e+00,-8.529968e+00,-3.374652e-01,-8.767901e-01,-2.019335e+00,+2.839120e+00,+2.208185e+00,+1.172972e-01
4.112755727526954,-2.731555e+00,-8.529968e+00,-3.374652e-01,-8.767901e-01,-2.019335e+00,+2.839120e+00,+2.208185e+00,+1.172972e-01
4.112755727526954,-2.731555e+00,-8.529968e+00,-3.374652e-01,-8.767901e-01,-2.019335e+00,+2.839120e+00,+2.208185e+00,+1.172972e-01
4.112755727526954,-2.731555e+00,-8.529968e+00,-3.374652e-01,-8.767901e-01,-2.019335e+00,+2.839120e+00,+2.208185e+00,+1.172972e-01
4.112438361784003,-2.737341e+00,-8.526498e+00,-3.288817e-01,-9.022550e-01,-2.070797e+00,+2.815857e+00,+2.188988e+00,+6.069494e-02
4.112438361784003,-2.737341e+00,-8.526498e+00,-3.288817e-01,-9.022550e-01,-2.070797e+00,+2.815857e+00,+2.188988e+00,+6.069494e-02
4.112438361784003,-2.737341e+00,-8.526498e+00,-3.288817e-01,-9.022550e-01,-2.070797e+00,+2.815857e+00,+2.188988e+00,+6.069494e-02
4.112438361784003,-2.737341e+00,-8.526498e+00,-3.288817e-01,-9.022550e-01,-2.070797e+00,+2.815857e+00,+2.188988e+00,+6.069494e-02
4.112438361784003,-2.737341e+00,-8.526498e+00,-3.288817e-01,-9.022550e-01,-2.070797e+00,+2.815857e+00,+2.188988e+00,+6.069494e-02
4.112438361784003,-2.737341e+00,-8.526498e+00,-3.288817e-01,-9.022550e-01,-2.070797e+00,+2.815857e+00,+2.188988e+00,+6.069494e-02
4.1121542436042295,-2.698370e+00,-8.527200e+00,-3.013356e-01,-7.542127e-01,-1.843371e+00,+2.951693e+00,+2.331795e+00,+1.452735e-02
4.1121542436042295,-2.698370e+00,-8.527200e+00,-3.013356e-01,-7.542127e-01,-1.843371e+00,+2.951693e+00,+2.331795e+00,+1.452735e-02
4.1121542436042295,-2.698370e+00,-8.527200e+00,-3.013356e-01,-7.542127e-01,-1.843371e+00,+2.951693e+00,+2.331795e+00,+1.452735e-02
4.1121542436042295,-2.698370e+00,-8.527200e+00,-3.013356e-01,-7.542127e-01,-1.843371e+00,+2.951693e+00,+2.331795e+00,+1.452735e-02
4.1121542436042295,-2.698370e+00,-8.527200e+00,-3.013356e-01,-7.542127e-01,-1.843371e+00,+2.951693e+00,+2.331795e+00,+1.452735e-02
4.1121542436042295,-2.698370e+00,-8.527200e+00,-3.013356e-01,-7.542127e-01,-1.843371e+00,+2.951693e+00,+2.331795e+00,+1.452735e-02
4.111304191668865,-2.726280e+00,-8.526047e+00,-3.256843e-01,-8.601983e-01,-2.004509e+00,+2.854445e+00,+2.225878e+00,-1.282859e-02
4.111304191668865,-2.726280e+00,-8.526047e+00,-3.256843e-01,-8.601983e-01,-2.004509e+00,+2.854445e+00,+2.225878e+00,-1.282859e-02
4.111304191668865,-2.726280e+00,-8.526047e+00,-3.256843e-01,-8.601983e-01,-2.004509e+00,+2.854445e+00,+2.225878e+00,-1.282859e-02
4.111304191668865,-2.726280e+00,-8.526047e+00,-3.256843e-01,-8.601983e-01,-2.004509e+00,+2.854445e+00,+2.225878e+00,-1.282859e-02
4.111304191668865,-2.726280e+00,-8.526047e+00,-3.256843e-01,-8.601983e-01,-2.004509e+00,+2.854445e+00,+2.225878e+00,-1.282859e-02
4.111304191668865,-2.726280e+00,-8.526047e+00,-3.256843e-01,-8.601983e-01,-2.004509e+00,+2.854445e+00,+2.225878e+00,-1.282859e-02
4.111304191668865,-2.726280e+00,-8.526047e+00,-3.256843e-01,-8.601983e-01,-2.004509e+00,+2.854445e+00,+2.225878e+00,-1.282859e-02
4.111304191668865,-2.726280e+00,-8.526047e+00,-3.256843e-01,-8.601983e-01,-2.004509e+00,+2.854445e+00,+2.225878e+00,-1.282859e-02
4.111304191668865,-2.726280e+00,-8.526047e+00,-3.256843e-01,-8.601983e-01,-2.004509e+00,+2.854445e+00,+2.225878e+00,-1.282859e-02
4.111304191668865,-2.726280e+00,-8.526047e+00,-3.256843e-01,-8.601983e-01,-2.004509e+00,+2.854445e+00,+2.225878e+00,-1.282859e-02
4.111304191668865,-2.726280e+00,-8.526047e+00,-3.256843e-01,-8.601983e-01,-2.004509e+00,+2.854445e+00,+2.225878e+00,-1.282859e-02
4.111304191668865,-2.726280e+00,-8.526047e+00,-3.256843e-01,-8.601983e-01,-2.004509e+00,+2.854445e+00,+2.225878e+00,-1.282859e-02
4.111304191668865,-2.726280e+00,-8.526047e+00,-3.256843e-01,-8.601983e-01,-2.004509e+00,+2.854445e+00,+2.225878e+00,-1.282859e-02
4.111304191668865,-2.726280e+00,-8.526047e+00,-3.256843e-01,-8.601983e-01,-2.004509e+00,+2.854445e+00,+2.225878e+00,-1.282859e-02
4.111304191668865,-2.726280e+00,-8.526047e+00,-3.256843e-01,-8.601983e-01,-2.004509e+00,+2.854445e+00,+2.225878e+00,-1.282859e-02
4.111304191668865,-2.726280e+00,-8.526047e+00,-3.256843e-01,-8.601983e-01,-2.004509e+00,+2.854445e+00,+2.225878e+00,-1.282859e-02
4.111304191668865,-2.726280e+00,-8.526047e+00,-3.256843e-01,-8.601983e-01,-2.004509e+00,+2.854445e+00,+2.225878e+00,-1.282859e-02
4.111304191668865,-2.726280e+00,-8.526047e+00,-3.256843e-01,-8.601983e-01,-2.004509e+00,+2.854445e+00,+2.225878e+00,-1.282859e-02
4.111304191668865,-2.726280e+00,-8.526047e+00,-3.256843e-01,-8.601983e-01,-2.004509e+00,+2.854445e+00,+2.225878e+00,-1.282859e-02
4.111304191668865,-2.726280e+00,-8.526047e+00,-3.256843e-01,-8.601983e-01,-2.004509e+00,+2.854445e+00,+2.225878e+00,-1.282859e-02
4.111304191668865,-2.726280e+00,-8.526047e+00,-3.256843e-01,-8.601983e-01,-2.004509e+00,+2.854445e+00,+2.225878e+00,-1.282859e-02
4.111304191668865,-2.726280e+00,-8.526047e+00,-3.256843e-01,-8.601983e-01,-2.004509e+00,+2.854445e+00,+2.225878e+00,-1.282859e-02
4.111304191668865,-2.726280e+00,-8.526047e+00,-3.256843e-01,-8.601983e-01,-2.004509e+00,+2.854445e+00,+2.225878e+00,-1.282859e-02
4.111304191668865,-2.726280e+00,-8.526047e+00,-3.256843e-01,-8.601983e-01,-2.004509e+00,+2.854445e+00,+2.225878e+00,-1.282859e-02
4.111304191668865,-2.726280e+00,-8.526047e+00,-3.256843e-01,-8.601983e-01,-2.004509e+00,+2.854445e+00,+2.225878e+00,-1.282859e-02
4.111192959942958,-2.706642e+00,-8.530245e+00,-3.222935e-01,-7.819473e-01,-1.878669e+00,+2.926137e+00,+2.306207e+00,-6.414523e-03
4.111192959942958,-2.706642e+00,-8.530245e+00,-3.222935e-01,-7.819473e-01,-1.878669e+00,+2.926137e+00,+2.306207e+00,-6.414523e-03
4.111192959942958,-2.706642e+00,-8.530245e+00,-3.222935e-01,-7.819473e-01,-1.878669e+00,+2.926137e+00,+2.306207e+00,-6.414523e-03
4.111192959942958,-2.706642e+00,-8.530245e+00,-3.222935e-01,-7.819473e-01,-1.878669e+00,+2.926137e+00,+2.306207e+00,-6.414523e-03
4.111192959942958,-2.706642e+00,-8.530245e+00,-3.222935e-01,-7.819473e-01,-1.878669e+00,+2.926137e+00,+2.306207e+00,-6.414523e-03
4.111192959942958,-2.706642e+00,-8.530245e+00,-3.222935e-01,-7.819473e-01,-1.878669e+00,+2.926137e+00,+2.306207e+00,-6.414523e-03
4.111192959942958,-2.706642e+00,-8.530245e+00,-3.222935e-01,-7.819473e-01,-1.878669e+00,+2.926137e+00,+2.306207e+00,-6.414523e-03
4.111192959942958,-2.706642e+00,-8.530245e+00,-3.222935e-01,-7.819473e-01,-1.878669e+00,+2.926137e+00,+2.306207e+00,-6.414523e-03
4.111192959942958,-2.706642e+00,-8.530245e+00,-3.222935e-01,-7.819473e-01,-1.878669e+00,+2.926137e+00,+2.306207e+00,-6.414523e-03
4.111192959942958,-2.706642e+00,-8.530245e+00,-3.222935e-01,-7.819473e-01,-1.878669e+00,+2.926137e+00,+2.306207e+00,-6.414523e-03
4.111192959942958,-2.706642e+00,-8.530245e+00,-3.222935e-01,-7.819473e-01,-1.878669e+00,+2.926137e+00,+2.306207e+00,-6.414523e-03
4.111192959942958,-2.706642e+00,-8.530245e+00,-3.222935e-01,-7.819473e-01,-1.878669e+00,+2.926137e+00,+2.306207e+00,-6.414523e-03
4.111192959942958,-2.706642e+00,-8.530245e+00,-3.222935e-01,-7.819473e-01,-1.878669e+00,+2.926137e+00,+2.306207e+00,-6.414523e-03
4.111192959942958,-2.706642e+00,-8.530245e+00,-3.222935e-01,-7.819473e-01,-1.878669e+00,+2.926137e+00,+2.306207e+00,-6.414523e-03
4.111192959942958,-2.706642e+00,-8.530245e+00,-3.222935e-01,-7.819473e-01,-1.878669e+00,+2.926137e+00,+2.306207e+00,-6.414523e-03
4.111192959942958,-2.706642e+00,-8.530245e+00,-3.222935e-01,-7.819473e-01,-1.878669e+00,+2.926137e+00,+2.306207e+00,-6.414523e-03
4.111192959942958,-2.706642e+00,-8.530245e+00,-3.222935e-01,-7.819473e-01,-1.878669e+00,+2.926137e+00,+2.306207e+00,-6.414523e-03
4.111192959942958,-2.706642e+00,-8.530245e+00,-3.222935e-01,-7.819473e-01,-1.878669e+00,+2.926137e+00,+2.306207e+00,-6.414523e-03
4.111192959942958,-2.706642e+00,-8.530245e+00,-3.222935e-01,-7.819473e-01,-1.878669e+00,+2.926137e+00,+2.306207e+00,-6.414523e-03
4.111192959942958,-2.706642e+00,-8.530245e+00,-3.222935e-01,-7.819473e-01,-1.878669e+00,+2.926137e+00,+2.306207e+00,-6.414523e-03
4.111192959942958,-2.706642e+00,-8.530245e+00,-3.222935e-01,-7.819473e-01,-1.878669e+00,+2.926137e+00,+2.306207e+00,-6.414523e-03
4.111192959942958,-2.706642e+00,-8.530245e+00,-3.222935e-01,-7.819473e-01,-1.878669e+00,+2.926137e+00,+2.306207e+00,-6.414523e-03
4.111192959942958,-2.706642e+00,-8.530245e+00,-3.222935e-01,-7.819473e-01,-1.878669e+00,+2.926137e+00,+2.306207e+00,-6.414523e-03
4.111192959942958,-2.706642e+00,-8.530245e+00,-3.222935e-01,-7.819473e-01,-1.878669e+00,+2.926137e+00,+2.306207e+00,-6.414523e-03
4.111192959942958,-2.706642e+00,-8.530245e+00,-3.222935e-01,-7.819473e-01,-1.878669e+00,+2.926137e+00,+2.306207e+00,-6.414523e-03
4.111192959942958,-2.706642e+00,-8.530245e+00,-3.222935e-01,-7.819473e-01,-1.878669e+00,+2.926137e+00,+2.306207e+00,-6.414523e-03
4.111192959942958,-2.706642e+00,-8.530245e+00,-3.222935e-01,-7.819473e-01,-1.878669e+00,+2.926137e+00,+2.306207e+00,-6.414523e-03
4.111192959942958,-2.706642e+00,-8.530245e+00,-3.222935e-01,-7.819473e-01,-1.878669e+00,+2.926137e+00,+2.306207e+00,-6.414523e-03
4.111192959942958,-2.706642e+00,-8.530245e+00,-3.222935e-01,-7.819473e-01,-1.878669e+00,+2.926137e+00,+2.306207e+00,-6.414523e-03
4.111192959942958,-2.706642e+00,-8.530245e+00,-3.222935e-01,-7.819473e-01,-1.878669e+00,+2.926137e+00,+2.306207e+00,-6.414523e-03
4.111192959942958,-2.706642e+00,-8.530245e+00,-3.222935e-01,-7.819473e-01,-1.878669e+00,+2.926137e+00,+2.306207e+00,-6.414523e-03
4.111192959942958,-2.706642e+00,-8.530245e+00,-3.222935e-01,-7.819473e-01,-1.878669e+00,+2.926137e+00,+2.306207e+00,-6.414523e-03
4.111192959942958,-2.706642e+00,-8.530245e+00,-3.222935e-01,-7.819473e-01,-1.878669e+00,+2.926137e+00,+2.306207e+00,-6.414523e-03
4.111192959942958,-2.706642e+00,-8.530245e+00,-3.222935e-01,-7.819473e-01,-1.878669e+00,+2.926137e+00,+2.306207e+00,-6.414523e-03
4.111192959942958,-2.706642e+00,-8.530245e+00,-3.222935e-01,-7.819473e-01,-1.878669e+00,+2.926137e+00,+2.306207e+00,-6.414523e-03
4.111192959942958,-2.706642e+00,-8.530245e+00,-3.222935e-01,-7.819473e-01,-1.878669e+00,+2.926137e+00,+2.306207e+00,-6.414523e-03
4.111192959942958,-2.706642e+00,-8.530245e+00,-3.222935e-01,-7.819473e-01,-1.878669e+00,+2.926137e+00,+2.306207e+00,-6.414523e-03
4.111192959942958,-2.706642e+00,-8.530245e+00,-3.222935e-01,-7.819473e-01,-1.878669e+00,+2.926137e+00,+2.306207e+00,-6.414523e-03
4.111192959942958,-2.706642e+00,-8.530245e+00,-3.222935e-01,-7.819473e-01,-1.878669e+00,+2.926137e+00,+2.306207e+00,-6.414523e-03
4.111192959942958,-2.706642e+00,-8.530245e+00,-3.222935e-01,-7.819473e-01,-1.878669e+00,+2.926137e+00,+2.306207e+00,-6.414523e-03
4.111192959942958,-2.706642e+00,-8.530245e+00,-3.222935e-01,-7.819473e-01,-1.878669e+00,+2.926137e+00,+2.306207e+00,-6.414523e-03
4.111192959942958,-2.706642e+00,-8.530245e+00,-3.222935e-01,-7.819473e-01,-1.878669e+00,+2.926137e+00,+2.306207e+00,-6.414523e-03
4.111192959942958,-2.706642e+00,-8.530245e+00,-3.222935e-01,-7.819473e-01,-1.878669e+00,+2.926137e+00,+2.306207e+00,-6.414523e-03
4.111192959942958,-2.706642e+00,-8.530245e+00,-3.222935e-01,-7.819473e-01,-1.878669e+00,+2.926137e+00,+2.306207e+00,-6.414523e-03
4.111192959942958,-2.706642e+00,-8.530245e+00,-3.222935e-01,-7.819473e-01,-1.878669e+00,+2.926137e+00,+2.306207e+00,-6.414523e-03
4.111192959942958,-2.706642e+00,-8.530245e+00,-3.222935e-01,-7.819473e-01,-1.878669e+00,+2.926137e+00,+2.306207e+00,-6.414523e-03
4.111192959942958,-2.706642e+00,-8.530245e+00,-3.222935e-01,-7.819473e-01,-1.878669e+00,+2.926137e+00,+2.306207e+00,-6.414523e-03
4.111192959942958,-2.706642e+00,-8.530245e+00,-3.222935e-01,-7.819473e-01,-1.878669e+00,+2.926137e+00,+2.306207e+00,-6.414523e-03
4.111192959942958,-2.706642e+00,-8.530245e+00,-3.222935e-01,-7.819473e-01,-1.878669e+00,+2.926137e+00,+2.306207e+00,-6.414523e-03
4.111192959942958,-2.706642e+00,-8.530245e+00,-3.222935e-01,-7.819473e-01,-1.878669e+00,+2.926137e+00,+2.306207e+00,-6.414523e-03
4.111192959942958,-2.706642e+00,-8.530245e+00,-3.222935e-01,-7.819473e-01,-1.878669e+00,+2.926137e+00,+2.306207e+00,-6.414523e-03
4.111192959942958,-2.706642e+00,-8.530245e+00,-3.222935e-01,-7.819473e-01,-1.878669e+00,+2.926137e+00,+2.306207e+00,-6.414523e-03
4.110777024778472,-2.708156e+00,-8.533315e+00,-3.275305e-01,-7.830252e-01,-1.882086e+00,+2.925010e+00,+2.304431e+00,-6.518754e-03
4.110777024778472,-2.708156e+00,-8.533315e+00,-3.275305e-01,-7.830252e-01,-1.882086e+00,+2.925010e+00,+2.304431e+00,-6.518754e-03
4.110777024778472,-2.708156e+00,-8.533315e+00,-3.275305e-01,-7.830252e-01,-1.882086e+00,+2.925010e+00,+2.304431e+00,-6.518754e-03
4.110777024778472,-2.708156e+00,-8.533315e+00,-3.275305e-01,-7.830252e-01,-1.882086e+00,+2.925010e+00,+2.304431e+00,-6.518754e-03
4.110777024778472,-2.708156e+00,-8.533315e+00,-3.275305e-01,-7.830252e-01,-1.882086e+00,+2.925010e+00,+2.304431e+00,-6.518754e-03
4.110777024778472,-2.708156e+00,-8.533315e+00,-3.275305e-01,-7.830252e-01,-1.882086e+00,+2.925010e+00,+2.304431e+00,-6.518754e-03
4.110777024778472,-2.708156e+00,-8.533315e+00,-3.275305e-01,-7.830252e-01,-1.882086e+00,+2.925010e+00,+2.304431e+00,-6.518754e-03
4.110777024778472,-2.708156e+00,-8.533315e+00,-3.275305e-01,-7.830252e-01,-1.882086e+00,+2.925010e+00,+2.304431e+00,-6.518754e-03
4.110777024778472,-2.708156e+00,-8.533315e+00,-3.275305e-01,-7.830252e-01,-1.882086e+00,+2.925010e+00,+2.304431e+00,-6.518754e-03
4.110695786756794,-2.707707e+00,-8.533077e+00,-3.195384e-01,-7.822783e-01,-1.880048e+00,+2.925724e+00,+2.305644e+00,-6.607017e-03
4.110621248706279,-2.708220e+00,-8.534522e+00,-3.289841e-01,-7.823441e-01,-1.880501e+00,+2.925608e+00,+2.305791e+00,-6.315399e-03
4.110621248706279,-2.708220e+00,-8.534522e+00,-3.289841e-01,-7.823441e-01,-1.880501e+00,+2.925608e+00,+2.305791e+00,-6.315399e-03
4.110621248706279,-2.708220e+00,-8.534522e+00,-3.289841e-01,-7.823441e-01,-1.880501e+00,+2.925608e+00,+2.305791e+00,-6.315399e-03
4.110621248706279,-2.708220e+00,-8.534522e+00,-3.289841e-01,-7.823441e-01,-1.880501e+00,+2.925608e+00,+2.305791e+00,-6.315399e-03
4.110621248706279,-2.708220e+00,-8.534522e+00,-3.289841e-01,-7.823441e-01,-1.880501e+00,+2.925608e+00,+2.305791e+00,-6.315399e-03
4.110621248706279,-2.708220e+00,-8.534522e+00,-3.289841e-01,-7.823441e-01,-1.880501e+00,+2.925608e+00,+2.305791e+00,-6.315399e-03
4.110621248706279,-2.708220e+00,-8.534522e+00,-3.289841e-01,-7.823441e-01,-1.880501e+00,+2.925608e+00,+2.305791e+00,-6.315399e-03
4.110621248706279,-2.708220e+00,-8.534522e+00,-3.289841e-01,-7.823441e-01,-1.880501e+00,+2.925608e+00,+2.305791e+00,-6.315399e-03
4.110621248706279,-2.708220e+00,-8.534522e+00,-3.289841e-01,-7.823441e-01,-1.880501e+00,+2.925608e+00,+2.305791e+00,-6.315399e-03
4.1106040649342805,-2.708196e+00,-8.534480e+00,-3.263171e-01,-7.825304e-01,-1.878830e+00,+2.925445e+00,+2.305538e+00,-6.505081e-03
4.11058180761964,-2.708343e+00,-8.534603e+00,-3.243684e-01,-7.828378e-01,-1.880107e+00,+2.925156e+00,+2.305058e+00,-6.443980e-03
4.11058180761964,-2.708343e+00,-8.534603e+00,-3.243684e-01,-7.828378e-01,-1.880107e+00,+2.925156e+00,+2.305058e+00,-6.443980e-03
4.110567296234044,-2.708466e+00,-8.534709e+00,-3.240452e-01,-7.832442e-01,-1.881120e+00,+2.924781e+00,+2.304723e+00,-6.437063e-03
4.110567296234044,-2.708466e+00,-8.534709e+00,-3.240452e-01,-7.832442e-01,-1.881120e+00,+2.924781e+00,+2.304723e+00,-6.437063e-03
4.110567296234044,-2.708466e+00,-8.534709e+00,-3.240452e-01,-7.832442e-01,-1.881120e+00,+2.924781e+00,+2.304723e+00,-6.437063e-03
4.110567296234044,-2.708466e+00,-8.534709e+00,-3.240452e-01,-7.832442e-01,-1.881120e+00,+2.924781e+00,+2.304723e+00,-6.437063e-03
4.110567296234044,-2.708466e+00,-8.534709e+00,-3.240452e-01,-7.832442e-01,-1.881120e+00,+2.924781e+00,+2.304723e+00,-6.437063e-03
4.110567296234044,-2.708466e+00,-8.534709e+00,-3.240452e-01,-7.832442e-01,-1.881120e+00,+2.924781e+00,+2.304723e+00,-6.437063e-03
4.110494850600688,-2.708417e+00,-8.535065e+00,-3.244969e-01,-7.826252e-01,-1.880040e+00,+2.925336e+00,+2.305576e+00,-6.456237e-03
4.110494850600688,-2.708417e+00,-8.535065e+00,-3.244969e-01,-7.826252e-01,-1.880040e+00,+2.925336e+00,+2.305576e+00,-6.456237e-03
4.110494850600688,-2.708417e+00,-8.535065e+00,-3.244969e-01,-7.826252e-01,-1.880040e+00,+2.925336e+00,+2.305576e+00,-6.456237e-03
4.110494850600688,-2.708417e+00,-8.535065e+00,-3.244969e-01,-7.826252e-01,-1.880040e+00,+2.925336e+00,+2.305576e+00,-6.456237e-03
4.110494850600688,-2.708417e+00,-8.535065e+00,-3.244969e-01,-7.826252e-01,-1.880040e+00,+2.925336e+00,+2.305576e+00,-6.456237e-03
4.110494850600688,-2.708417e+00,-8.535065e+00,-3.244969e-01,-7.826252e-01,-1.880040e+00,+2.925336e+00,+2.305576e+00,-6.456237e-03
4.110494850600688,-2.708417e+00,-8.535065e+00,-3.244969e-01,-7.826252e-01,-1.880040e+00,+2.925336e+00,+2.305576e+00,-6.456237e-03
4.110494850600688,-2.708417e+00,-8.535065e+00,-3.244969e-01,-7.826252e-01,-1.880040e+00,+2.925336e+00,+2.305576e+00,-6.456237e-03
4.110494850600688,-2.708417e+00,-8.535065e+00,-3.244969e-01,-7.826252e-01,-1.880040e+00,+2.925336e+00,+2.305576e+00,-6.456237e-03
4.110494850600688,-2.708417e+00,-8.535065e+00,-3.244969e-01,-7.826252e-01,-1.880040e+00,+2.925336e+00,+2.305576e+00,-6.456237e-03
4.110494850600688,-2.708417e+00,-8.535065e+00,-3.244969e-01,-7.826252e-01,-1.880040e+00,+2.925336e+00,+2.305576e+00,-6.456237e-03
4.110494850600688,-2.708417e+00,-8.535065e+00,-3.244969e-01,-7.826252e-01,-1.880040e+00,+2.925336e+00,+2.305576e+00,-6.456237e-03
4.11043072423174,-2.708704e+00,-8.535616e+00,-3.216381e-01,-7.831501e-01,-1.880185e+00,+2.924838e+00,+2.305403e+00,-6.426675e-03
4.11043072423174,-2.708704e+00,-8.535616e+00,-3.216381e-01,-7.831501e-01,-1.880185e+00,+2.924838e+00,+2.305403e+00,-6.426675e-03
4.11043072423174,-2.708704e+00,-8.535616e+00,-3.216381e-01,-7.831501e-01,-1.880185e+00,+2.924838e+00,+2.305403e+00,-6.426675e-03
4.11043072423174,-2.708704e+00,-8.535616e+00,-3.216381e-01,-7.831501e-01,-1.880185e+00,+2.924838e+00,+2.305403e+00,-6.426675e-03
4.11043072423174,-2.708704e+00,-8.535616e+00,-3.216381e-01,-7.831501e-01,-1.880185e+00,+2.924838e+00,+2.305403e+00,-6.426675e-03
4.11043072423174,-2.708704e+00,-8.535616e+00,-3.216381e-01,-7.831501e-01,-1.880185e+00,+2.924838e+00,+2.305403e+00,-6.426675e-03
4.11043072423174,-2.708704e+00,-8.535616e+00,-3.216381e-01,-7.831501e-01,-1.880185e+00,+2.924838e+00,+2.305403e+00,-6.426675e-03
4.110417791398539,-2.708769e+00,-8.535914e+00,-3.220174e-01,-7.830222e-01,-1.880717e+00,+2.924944e+00,+2.305540e+00,-6.389424e-03
4.110417791398539,-2.708769e+00,-8.535914e+00,-3.220174e-01,-7.830222e-01,-1.880717e+00,+2.924944e+00,+2.305540e+00,-6.389424e-03
4.110417791398539,-2.708769e+00,-8.535914e+00,-3.220174e-01,-7.830222e-01,-1.880717e+00,+2.924944e+00,+2.305540e+00,-6.389424e-03
4.110417791398539,-2.708769e+00,-8.535914e+00,-3.220174e-01,-7.830222e-01,-1.880717e+00,+2.924944e+00,+2.305540e+00,-6.389424e-03
4.110417791398539,-2.708769e+00,-8.535914e+00,-3.220174e-01,-7.830222e-01,-1.880717e+00,+2.924944e+00,+2.305540e+00,-6.389424e-03
4.110417791398539,-2.708769e+00,-8.535914e+00,-3.220174e-01,-7.830222e-01,-1.880717e+00,+2.924944e+00,+2.305540e+00,-6.389424e-03
4.110417791398539,-2.708769e+00,-8.535914e+00,-3.220174e-01,-7.830222e-01,-1.880717e+00,+2.924944e+00,+2.305540e+00,-6.389424e-03
4.110417791398539,-2.708769e+00,-8.535914e+00,-3.220174e-01,-7.830222e-01,-1.880717e+00,+2.924944e+00,+2.305540e+00,-6.389424e-03
4.110375177910389,-2.708933e+00,-8.536128e+00,-3.215731e-01,-7.833307e-01,-1.881337e+00,+2.924652e+00,+2.305319e+00,-6.340356e-03
4.110375177910389,-2.708933e+00,-8.536128e+00,-3.215731e-01,-7.833307e-01,-1.881337e+00,+2.924652e+00,+2.305319e+00,-6.340356e-03
4.110375177910389,-2.708933e+00,-8.536128e+00,-3.215731e-01,-7.833307e-01,-1.881337e+00,+2.924652e+00,+2.305319e+00,-6.340356e-03
4.110375177910389,-2.708933e+00,-8.536128e+00,-3.215731e-01,-7.833307e-01,-1.881337e+00,+2.924652e+00,+2.305319e+00,-6.340356e-03
4.110375177910389,-2.708933e+00,-8.536128e+00,-3.215731e-01,-7.833307e-01,-1.881337e+00,+2.924652e+00,+2.305319e+00,-6.340356e-03
4.110375177910389,-2.708933e+00,-8.536128e+00,-3.215731e-01,-7.833307e-01,-1.881337e+00,+2.924652e+00,+2.305319e+00,-6.340356e-03
4.110375177910389,-2.708933e+00,-8.536128e+00,-3.215731e-01,-7.833307e-01,-1.881337e+00,+2.924652e+00,+2.305319e+00,-6.340356e-03
4.110375177910389,-2.708933e+00,-8.536128e+00,-3.215731e-01,-7.833307e-01,-1.881337e+00,+2.924652e+00,+2.305319e+00,-6.340356e-03
4.11037288989525,-2.708936e+00,-8.536237e+00,-3.220506e-01,-7.833250e-01,-1.880696e+00,+2.924657e+00,+2.305407e+00,-6.355959e-03
4.11037288989525,-2.708936e+00,-8.536237e+00,-3.220506e-01,-7.833250e-01,-1.880696e+00,+2.924657e+00,+2.305407e+00,-6.355959e-03
4.11037288989525,-2.708936e+00,-8.536237e+00,-3.220506e-01,-7.833250e-01,-1.880696e+00,+2.924657e+00,+2.305407e+00,-6.355959e-03
4.11037288989525,-2.708936e+00,-8.536237e+00,-3.220506e-01,-7.833250e-01,-1.880696e+00,+2.924657e+00,+2.305407e+00,-6.355959e-03
4.11037288989525,-2.708936e+00,-8.536237e+00,-3.220506e-01,-7.833250e-01,-1.880696e+00,+2.924657e+00,+2.305407e+00,-6.355959e-03
4.11037288989525,-2.708936e+00,-8.536237e+00,-3.220506e-01,-7.833250e-01,-1.880696e+00,+2.924657e+00,+2.305407e+00,-6.355959e-03
4.11037288989525,-2.708936e+00,-8.536237e+00,-3.220506e-01,-7.833250e-01,-1.880696e+00,+2.924657e+00,+2.305407e+00,-6.355959e-03
4.11037288989525,-2.708936e+00,-8.536237e+00,-3.220506e-01,-7.833250e-01,-1.880696e+00,+2.924657e+00,+2.305407e+00,-6.355959e-03
4.11037288989525,-2.708936e+00,-8.536237e+00,-3.220506e-01,-7.833250e-01,-1.880696e+00,+2.924657e+00,+2.305407e+00,-6.355959e-03
