epoch,learning_rate,validation_loss_MolarWeightMix
0.0,0.0015848932089284062,0.00012903565948363394
1.0,0.0015683840028941631,0.00016389480151701719
2.0,0.0015520467422902584,7.912606815807521e-05
3.0,0.0015358797973021865,2.0749648683704436e-05
4.0,0.0015198810724541545,3.808862675214186e-05
5.0,0.0015040490543469787,4.878842082689516e-05
6.0,0.0014883819967508316,7.778677536407486e-05
7.0,0.001472878153435886,2.3062146283336915e-05
8.0,0.0014575357781723142,1.3755626241618302e-05
9.0,0.0014423532411456108,3.581332566682249e-05
10.0,0.0014273286797106266,1.855440677900333e-05
11.0,0.0014124608132988214,1.4416086742130574e-05
12.0,0.0013977477792650461,1.2427294677763712e-05
13.0,0.0013831880642101169,1.0905428098340053e-05
14.0,0.0013687798054888844,9.952436812454835e-06
15.0,0.0013545218389481306,6.617430244659772e-06
16.0,0.001340412301942706,1.196905486722244e-05
17.0,0.001326449797488749,1.963754948519636e-05
18.0,0.0013126326957717538,2.3336498998105526e-05
19.0,0.0012989594833925366,2.4896939066820778e-05
20.0,0.0012854287633672357,2.5034245481947437e-05
21.0,0.0012720389058813453,1.3729087186220568e-05
22.0,0.0012587886303663254,6.968425168452086e-06
23.0,0.0012456763070076704,8.758327567193191e-06
24.0,0.0012327005388215184,1.0151470632990822e-05
25.0,0.0012198600452393293,8.689477908774279e-06
26.0,0.0012071531964465976,7.660390110686421e-06
27.0,0.0011945788282901049,6.909572221047711e-06
28.0,0.0011821354273706675,6.246148586797062e-06
29.0,0.0011698215967044234,5.384443284128793e-06
30.0,0.0011576359393075109,4.3186846596654505e-06
31.0,0.0011455774074420333,3.5972416299046017e-06
32.0,0.0011336442548781633,3.1312365535995923e-06
33.0,0.0011218355502933264,3.2082168672786793e-06
34.0,0.0011101498967036605,2.637589659570949e-06
35.0,0.0010985858971253037,2.8789236239390448e-06
36.0,0.0010871423874050379,2.863666395569453e-06
37.0,0.001075817970559001,3.1923598271532683e-06
38.0,0.0010646117152646184,3.637617737695109e-06
39.0,0.0010535219917073846,5.2251243687351234e-06
40.0,0.001042547868564725,6.780477633583359e-06
41.0,0.0010316881816834211,6.984414540056605e-06
42.0,0.0010209414176642895,6.581643447134411e-06
43.0,0.0010103066451847553,6.366673005686607e-06
44.0,0.0009997827000916004,5.874235284863971e-06
45.0,0.0009893683018162847,5.887275619897991e-06
46.0,0.0009790625190362334,5.6522994782426395e-06
47.0,0.0009688640129752457,5.230685928836465e-06
48.0,0.0009587717358954251,4.79021991850459e-06
49.0,0.0009487845818512142,4.423552582011325e-06
50.0,0.0009389015031047165,4.118941888009431e-06
51.0,0.0009291213355027139,3.81979634767049e-06
52.0,0.0009194430313073099,3.5475379718263866e-06
53.0,0.0009098656009882689,3.285836783106788e-06
54.0,0.0009003878221847117,2.9954983347124653e-06
55.0,0.0008910088217817247,2.6991824597644154e-06
56.0,0.0008817275520414114,2.4185194433812285e-06
57.0,0.0008725430234335363,2.1762671167380176e-06
58.0,0.0008634540718048811,1.9793692445091438e-06
59.0,0.0008544597658328712,1.8143412034987705e-06
60.0,0.0008455592324025929,1.669607740950596e-06
61.0,0.0008367513655684888,1.5474169003937277e-06
62.0,0.0008280352340079844,1.4481411199085414e-06
63.0,0.0008194099646061659,1.3757725128016318e-06
64.0,0.0008108744514174759,1.3266013638713048e-06
65.0,0.0008024278795346618,1.2947889445058536e-06
66.0,0.0007940693758428097,1.2824502846342511e-06
67.0,0.0007857978343963623,1.2763207450916525e-06
68.0,0.0007776124984957278,1.246220790562802e-06
69.0,0.0007695124368183315,1.210506979987258e-06
70.0,0.0007614967180415988,1.1742447441065451e-06
71.0,0.000753564469050616,1.1395779893064173e-06
72.0,0.0007457149331457913,1.106816512219666e-06
73.0,0.0007379470625892282,1.073477051249938e-06
74.0,0.0007302602170966566,1.0409455626358977e-06
75.0,0.000722653407137841,1.0100012559632887e-06
76.0,0.0007151258178055286,9.787984254217008e-07
77.0,0.0007076765759848058,9.460625278734369e-07
78.0,0.0007003049831837416,9.150020332526765e-07
79.0,0.0006930102244950831,8.857354032443254e-07
80.0,0.0006857913685962558,8.605356924817897e-07
81.0,0.0006786477752029896,8.381567795368028e-07
82.0,0.0006715785712003708,8.187770959011687e-07
83.0,0.0006645829998888075,8.011647310013359e-07
84.0,0.0006576603627763689,7.846860512472631e-07
85.0,0.0006508097285404801,7.696333454987325e-07
86.0,0.0006440305151045322,7.548609346486046e-07
87.0,0.0006373218493536115,7.4059681764993e-07
88.0,0.0006306831492111087,7.268681656569242e-07
89.0,0.0006241135997697711,7.132907171580882e-07
90.0,0.0006176124443300068,7.000285222602542e-07
91.0,0.0006111790426075459,6.867103365948424e-07
92.0,0.0006048126379027963,6.733259851898765e-07
93.0,0.0005985125317238271,6.606304623346659e-07
94.0,0.0005922780255787075,6.477491183431994e-07
95.0,0.0005861085373908281,6.353898243105505e-07
96.0,0.0005800032522529364,6.230885105651396e-07
97.0,0.000573961588088423,6.118409032751515e-07
98.0,0.000567982904613018,6.020039222676132e-07
99.0,0.0005620663869194686,5.935322633376927e-07
100.0,0.0005562116275541484,5.86491239573661e-07
101.0,0.0005504177534021437,5.826074129799963e-07
102.0,0.0005446842988021672,5.825245921187161e-07
103.0,0.0005390105070546269,5.868580501555698e-07
104.0,0.0005333958542905748,5.974188184154627e-07
105.0,0.0005278397002257407,6.169989319460001e-07
106.0,0.0005223413463681936,6.323020329546125e-07
107.0,0.0005169003852643073,6.280374691414181e-07
108.0,0.0005115160020068288,6.206324769664207e-07
109.0,0.0005061877309344709,6.115949418017408e-07
110.0,0.0005009149899706244,6.00209602907853e-07
111.0,0.0004956971970386803,5.887787892788765e-07
112.0,0.0004905337118543684,5.761577313023736e-07
113.0,0.0004854240105487406,5.626254733215319e-07
114.0,0.0004803675692528486,5.487794396685786e-07
115.0,0.0004753637476824224,5.343189286577399e-07
116.0,0.0004704120510723442,5.201293333811918e-07
117.0,0.00046551195555366576,5.044583417657122e-07
118.0,0.0004606629372574389,4.902430532638391e-07
119.0,0.000455864385003224,4.753223947773222e-07
120.0,0.00045111580402590334,4.610433848029061e-07
121.0,0.0004464167286641896,4.470277588097815e-07
122.0,0.0004417665477376431,4.333981280524313e-07
123.0,0.00043716488289646804,4.200154535283218e-07
124.0,0.0004326110938563943,4.066576764216734e-07
125.0,0.00042810477316379547,3.9308346799771243e-07
126.0,0.0004236453678458929,3.795456393618224e-07
127.0,0.00041923238313756883,3.668046701932326e-07
128.0,0.00041486541158519685,3.5490984373609535e-07
129.0,0.00041054398752748966,3.44083190384481e-07
130.0,0.0004062674706801772,3.3381971320523007e-07
131.0,0.000402035511797294,3.2399867677668226e-07
132.0,0.00039784767432138324,3.1446782600141887e-07
133.0,0.00039370349259115756,3.0568187980861694e-07
134.0,0.0003896024136338383,2.9772982657050306e-07
135.0,0.0003855440590996295,2.913941443694057e-07
136.0,0.0003815280506387353,2.8696510412373755e-07
137.0,0.0003775538061745465,2.8398198992363177e-07
138.0,0.0003736209764610976,2.813940227497369e-07
139.0,0.00036972909583710134,2.7919034550905053e-07
140.0,0.0003658778150565922,2.7698879989657144e-07
141.0,0.0003620665811467916,2.7499686439114157e-07
142.0,0.00035829507396556437,2.7315604711475316e-07
143.0,0.00035456291516311467,2.713312312607741e-07
144.0,0.00035086952266283333,2.6975644118465425e-07
145.0,0.0003472146636340767,2.6833731681108475e-07
146.0,0.00034359784331172705,2.6700814714786247e-07
147.0,0.00034001877065747976,2.6584513079797034e-07
148.0,0.0003364768926985562,2.6471104774827836e-07
149.0,0.00033297191839665174,2.6398328145660344e-07
150.0,0.0003295035567134619,2.6305684741601e-07
151.0,0.00032607122557237744,2.6247761297781835e-07
152.0,0.00032267466303892434,2.618693031308794e-07
153.0,0.00031931346165947616,2.6140662612306187e-07
154.0,0.00031598733039572835,2.613748506519187e-07
155.0,0.00031269583269022405,2.617354937228811e-07
156.0,0.00030943856108933687,2.624029491471447e-07
157.0,0.0003062153118662536,2.6412942588649457e-07
158.0,0.00030302556115202606,2.668916181391978e-07
159.0,0.00029986907611601055,2.71161383125218e-07
160.0,0.00029674542020075023,2.7739983465835394e-07
161.0,0.0002936543896794319,2.845428070941125e-07
162.0,0.00029059548978693783,2.914401591169735e-07
163.0,0.0002875684585887939,2.966830834338907e-07
164.0,0.00028457300504669547,3.0020180474821245e-07
165.0,0.00028160872170701623,3.0144778406793193e-07
166.0,0.0002786752884276211,3.0000953188391577e-07
167.0,0.0002757724141702056,2.9523110356421967e-07
168.0,0.0002728998370002955,2.861695236333617e-07
169.0,0.0002700571494642645,2.742295919233584e-07
170.0,0.000267244060523808,2.663944940195506e-07
171.0,0.0002644603082444519,2.7823995196740725e-07
172.0,0.0002617055142764002,3.113263744580763e-07
173.0,0.0002589794166851789,3.224811564450647e-07
174.0,0.0002562817244324833,3.0671989748043416e-07
175.0,0.0002536121755838394,2.9421076419566816e-07
176.0,0.0002509703626856208,2.8657603934334475e-07
177.0,0.0002483561111148447,2.7953771564170893e-07
178.0,0.00024576912983320653,2.7287961756883305e-07
179.0,0.00024320901138707995,2.6657542662178457e-07
180.0,0.00024067559570539743,2.6088162030646345e-07
181.0,0.00023816856264602393,2.555439664320147e-07
182.0,0.00023568769393023103,2.5099245704041095e-07
183.0,0.0002332326112082228,2.4680630872353504e-07
184.0,0.00023080311075318605,2.430186327728734e-07
185.0,0.00022839894518256187,2.3929462145133584e-07
186.0,0.00022601979435421526,2.3582354913287418e-07
187.0,0.00022366542543750256,2.3224268375088286e-07
188.0,0.00022133557649794966,2.290198892751505e-07
189.0,0.00021903004380874336,2.2562288393146446e-07
190.0,0.00021674850722774863,2.2269180988132575e-07
191.0,0.00021449069026857615,2.1965126961731585e-07
192.0,0.0002122564474120736,2.1683459294763452e-07
193.0,0.000210045458516106,2.1388309789927007e-07
194.0,0.00020785747619811445,2.110246981601449e-07
195.0,0.0002056923258351162,2.0803059896934428e-07
196.0,0.0002035497163888067,2.0499058450695884e-07
197.0,0.00020142940047662705,2.0189436611417477e-07
198.0,0.00019933120347559452,1.9861815303556796e-07
199.0,0.00019725483434740454,1.953414425770461e-07
200.0,0.0001952001330209896,1.9189560873655864e-07
201.0,0.0001931667939061299,1.8850801097869407e-07
202.0,0.0001911546423798427,1.8515865463086811e-07
203.0,0.00018916348926723003,1.8189876982432907e-07
204.0,0.00018719304352998734,1.7868984514279873e-07
205.0,0.00018524311599321663,1.756235832317543e-07
206.0,0.00018331350293010473,1.7271646868266544e-07
207.0,0.00018140401516575366,1.700644958191333e-07
208.0,0.0001795143907656893,1.675008860502203e-07
209.0,0.00017764445510692894,1.650990242296757e-07
210.0,0.0001757940190145746,1.6283662773730612e-07
211.0,0.00017396283510606736,1.6064961982920067e-07
212.0,0.00017215072875842452,1.5745631287700235e-07
213.0,0.00017035749624483287,1.5126597929793206e-07
214.0,0.00016858296294230968,1.4612334098274005e-07
215.0,0.00016682689602021128,1.490259506908842e-07
216.0,0.00016508913540747017,1.5540983611117554e-07
217.0,0.00016336947737727314,1.6461200402773102e-07
218.0,0.000161667718202807,1.7624608972255373e-07
219.0,0.0001599836687091738,1.8903682530435617e-07
220.0,0.00015831718337722123,2.0218313068198768e-07
221.0,0.00015666807303205132,2.1336471434096893e-07
222.0,0.00015503611939493567,2.211450436107043e-07
223.0,0.00015342116239480674,2.24036099893965e-07
224.0,0.00015182305651251227,2.2159521506637248e-07
225.0,0.00015024156891740859,2.1484920864622836e-07
226.0,0.00014867655409034342,2.0548071688608616e-07
227.0,0.00014712783740833402,1.9436630793734366e-07
228.0,0.00014559528790414333,1.8308939786493283e-07
229.0,0.0001440786727471277,1.7225262638476124e-07
230.0,0.0001425778609700501,1.6226323396040243e-07
231.0,0.00014109269250184298,1.5295226774014736e-07
232.0,0.00013962297816760838,1.4455635266585887e-07
233.0,0.00013816857244819403,1.3713290059058636e-07
234.0,0.00013672932982444763,1.3056421721557854e-07
235.0,0.00013530507567338645,1.248228187478162e-07
236.0,0.00013389564992394298,1.195835466205608e-07
237.0,0.00013250090705696493,1.1497436958052276e-07
238.0,0.00013112071610521525,1.1082216389013411e-07
239.0,0.00012975488789379597,1.0720773957473284e-07
240.0,0.0001284032769035548,1.038828969512906e-07
241.0,0.00012706573761533946,1.0095890701222743e-07
242.0,0.00012574216816574335,9.817377844001385e-08
243.0,0.00012443235027603805,9.563289182779044e-08
244.0,0.00012313618208281696,9.327643368806093e-08
245.0,0.00012185353261884302,9.100230613512394e-08
246.0,0.00012058422726113349,8.882690849532082e-08
247.0,0.00011932814959436655,8.687824504249875e-08
248.0,0.00011808515409938991,8.483525704150452e-08
249.0,0.00011685511708492413,8.29677802016704e-08
250.0,0.0001156378784799017,8.116481353681593e-08
251.0,0.00011443331459304318,7.940610657897196e-08
252.0,0.00011324132356094196,7.772300847364022e-08
253.0,0.0001120617234846577,7.61428537998654e-08
254.0,0.00011089441977674142,7.452641170857532e-08
255.0,0.00010973927419399843,7.305668958679234e-08
256.0,0.00010859615576919168,7.168834770254762e-08
257.0,0.00010746494808699936,7.03937743651295e-08
258.0,0.00010634556383593008,6.924804551999841e-08
259.0,0.00010523779201321304,6.835158927742668e-08
260.0,0.00010414157441118732,6.770262928057491e-08
261.0,0.00010305676551070064,6.738459745747605e-08
262.0,0.0001019832634483464,6.747746539303989e-08
263.0,0.00010092093725688756,6.7863595631934e-08
264.0,9.986967052100226e-05,6.844415878504151e-08
265.0,9.8829397757072e-05,6.87391761289291e-08
266.0,9.77999297901988e-05,6.82598511048127e-08
267.0,9.678118658484891e-05,6.715971778703533e-08
268.0,9.577304444974288e-05,6.614676806293573e-08
269.0,9.477541607338935e-05,6.547947606350135e-08
270.0,9.378817048855126e-05,6.495934457007024e-08
271.0,9.281121310777962e-05,6.447113776175684e-08
272.0,9.184446389554068e-05,6.40087947090251e-08
273.0,9.08877482288517e-05,6.351994130682215e-08
274.0,8.994100062409416e-05,6.302347799191921e-08
275.0,8.900411921786144e-05,6.246258266173754e-08
276.0,8.807699487078935e-05,6.185776868505855e-08
277.0,8.715952571947128e-05,6.119732631759689e-08
278.0,8.625161717645824e-05,6.046937528481067e-08
279.0,8.53531964821741e-05,5.970388627929424e-08
280.0,8.446409628959373e-05,5.89368234216181e-08
281.0,8.358426566701382e-05,5.8236363287278436e-08
282.0,8.271359547507018e-05,5.764452026824074e-08
283.0,8.185199840227142e-05,5.717408413374869e-08
284.0,8.099937258521095e-05,5.680664472151875e-08
285.0,8.015563798835501e-05,5.651238055293106e-08
286.0,7.932070730021223e-05,5.626693777571745e-08
287.0,7.849444955354556e-05,5.605479103110156e-08
288.0,7.767679926473647e-05,5.5866401282855804e-08
289.0,7.686766912229359e-05,5.5687351618871617e-08
290.0,7.606697181472555e-05,5.551114412583047e-08
291.0,7.527460547862574e-05,5.5348849059555505e-08
292.0,7.449049007846043e-05,5.517077639183299e-08
293.0,7.371457468252629e-05,5.500291422322334e-08
294.0,7.294672104762867e-05,5.481632925352642e-08
295.0,7.218685641419142e-05,5.462849017590088e-08
296.0,7.143491529859602e-05,5.445012973837038e-08
297.0,7.069079583743587e-05,5.42678613157932e-08
298.0,6.995443982305005e-05,5.409731329564238e-08
299.0,6.922574539203197e-05,5.395228086513271e-08
300.0,6.850466888863593e-05,5.383796874980362e-08
301.0,6.77910793456249e-05,5.377133760475772e-08
302.0,6.708492583129555e-05,5.3747598371955974e-08
303.0,6.638612831011415e-05,5.3766576968428126e-08
304.0,6.569460674654692e-05,5.385263079915603e-08
305.0,6.501028838101774e-05,5.398025493263958e-08
306.0,6.433310045395046e-05,5.416031001459487e-08
307.0,6.366297748172656e-05,5.436594463503752e-08
308.0,6.299982487689704e-05,5.4599624377260625e-08
309.0,6.234358443180099e-05,5.4829758511232285e-08
310.0,6.169416883494705e-05,5.506651135078755e-08
311.0,6.10515198786743e-05,5.527058277721153e-08
312.0,6.041557207936421e-05,5.543442327393677e-08
313.0,5.978624176350422e-05,5.552751503046238e-08
314.0,5.9163488913327456e-05,5.554402804364145e-08
315.0,5.854720075149089e-05,5.5474249194276126e-08
316.0,5.793734089820646e-05,5.528954716282897e-08
317.0,5.733382567996159e-05,5.501876643165815e-08
318.0,5.673660052707419e-05,5.466444363833034e-08
319.0,5.614559631794691e-05,5.4265679949594414e-08
320.0,5.556074756896123e-05,5.385485479791896e-08
321.0,5.498200698639266e-05,5.344337239421293e-08
322.0,5.4409276344813406e-05,5.307360950723705e-08
323.0,5.384251562645659e-05,5.2755822821382026e-08
324.0,5.328165934770368e-05,5.250032231174373e-08
325.0,5.2726642024936154e-05,5.230982580428645e-08
326.0,5.21774054504931e-05,5.217383503008932e-08
327.0,5.16338950546924e-05,5.208717368532234e-08
328.0,5.109605990583077e-05,5.205169983923952e-08
329.0,5.0563809054438025e-05,5.2063942490576665e-08
330.0,5.0037102482747287e-05,5.212315556946123e-08
331.0,4.951588198309764e-05,5.222354815259678e-08
332.0,4.900009298580699e-05,5.236359967852877e-08
333.0,4.848968092119321e-05,5.253272661320807e-08
334.0,4.798458030563779e-05,5.273152936524639e-08
335.0,4.7484754759352654e-05,5.293246019277831e-08
336.0,4.6990120608825237e-05,5.314670303846469e-08
337.0,4.6500645112246275e-05,5.335756725344254e-08
338.0,4.601626278599724e-05,5.3529010557440415e-08
339.0,4.5536926336353645e-05,5.368244160308677e-08
340.0,4.5062584831612185e-05,5.3795901067132945e-08
341.0,4.4593183702090755e-05,5.386222667880247e-08
342.0,4.4128686568001285e-05,5.391684609890035e-08
343.0,4.366901339381002e-05,5.3934396504473625e-08
344.0,4.3214127799728885e-05,5.393152946453483e-08
345.0,4.276398249203339e-05,5.389377477627022e-08
346.0,4.231852653902024e-05,5.3832536650588736e-08
347.0,4.187770537100732e-05,5.3746923356357e-08
348.0,4.144148260820657e-05,5.3665665689095476e-08
349.0,4.1009814594872296e-05,5.35445821014946e-08
350.0,4.058262857142836e-05,5.342027620258705e-08
351.0,4.01598954340443e-05,5.326504393110554e-08
352.0,3.9741564251016825e-05,5.3120871257306135e-08
353.0,3.9327591366600245e-05,5.292309168680731e-08
354.0,3.891792948707007e-05,5.273211556300339e-08
355.0,3.8512531318701804e-05,5.2495188640477863e-08
356.0,3.811137503362261e-05,5.225075483394903e-08
357.0,3.7714380596298724e-05,5.1991037253174e-08
358.0,3.732152617885731e-05,5.171028405470679e-08
359.0,3.693275721161626e-05,5.1417931246078297e-08
360.0,3.654804459074512e-05,5.1102208686870654e-08
361.0,3.616733738454059e-05,5.077794895669285e-08
362.0,3.579059193725698e-05,5.045688666882597e-08
363.0,3.5417786421021447e-05,5.014682713522234e-08
364.0,3.504885171423666e-05,4.98538952342642e-08
365.0,3.468376235105097e-05,4.960500987749583e-08
366.0,3.432247103773989e-05,4.943203535390239e-08
367.0,3.396494867047295e-05,4.936148556566877e-08
368.0,3.361114431754686e-05,4.941350795206745e-08
369.0,3.326102887513116e-05,4.9664116374970035e-08
370.0,3.2914573239395395e-05,5.009416526036148e-08
371.0,3.2571711926721036e-05,5.072894992963484e-08
372.0,3.223242674721405e-05,5.1529031708241746e-08
373.0,3.189667040714994e-05,5.250257473221609e-08
374.0,3.1564413802698255e-05,5.356811882961665e-08
375.0,3.123562055407092e-05,5.4745108002407505e-08
376.0,3.091024700552225e-05,5.5979597846089746e-08
377.0,3.058827860513702e-05,5.7279759602124614e-08
378.0,3.02696498692967e-05,5.859953233766646e-08
379.0,2.9954342608107254e-05,5.996192697921288e-08
380.0,2.9642316803801805e-05,6.128328067234179e-08
381.0,2.9333543352549896e-05,6.251830342307585e-08
382.0,2.902798769355286e-05,6.355175230510213e-08
383.0,2.8725613447022624e-05,6.436096100514987e-08
384.0,2.8426396966096945e-05,6.486994408305691e-08
385.0,2.813029095705133e-05,6.507338667915974e-08
386.0,2.783726631605532e-05,6.502967409005578e-08
387.0,2.7547295758267865e-05,6.477485214873013e-08
388.0,2.7260344722890295e-05,6.431262278283612e-08
389.0,2.697638228710275e-05,6.3647263459643e-08
390.0,2.669538116606418e-05,6.28866629881486e-08
391.0,2.6417312255944125e-05,6.200431812430907e-08
392.0,2.61421319009969e-05,6.100741956061029e-08
393.0,2.586982009233907e-05,5.998754915026439e-08
394.0,2.5600344088161364e-05,5.8927483337356534e-08
395.0,2.5333672965643927e-05,5.780833589597023e-08
396.0,2.506978125893511e-05,5.673757286217551e-08
397.0,2.4808636226225644e-05,5.568456629134744e-08
398.0,2.4550214220653288e-05,5.469064845442517e-08
399.0,2.4294491595355794e-05,5.376075051799489e-08
400.0,2.4041424694587477e-05,5.289061277835572e-08
401.0,2.3790993509464897e-05,5.206445763406009e-08
402.0,2.3543170755147003e-05,5.1332275319282417e-08
403.0,2.3297930965782143e-05,5.068262254326328e-08
404.0,2.305524321855046e-05,5.005529502000172e-08
405.0,2.2815083866589703e-05,4.9510845201439224e-08
406.0,2.257743472000584e-05,4.9012541580850666e-08
407.0,2.2342255761031993e-05,4.8561016541270874e-08
408.0,2.2109523342805915e-05,4.8167684951749834e-08
409.0,2.1879215637454763e-05,4.781979967560801e-08
410.0,2.1651308998116292e-05,4.752545379460571e-08
411.0,2.1425774320960045e-05,4.72733745482401e-08
412.0,2.120258977811318e-05,4.705899314672024e-08
413.0,2.0981735360692255e-05,4.687607457753984e-08
414.0,2.0763176507898606e-05,4.670962638897436e-08
415.0,2.0546893210848793e-05,4.6566341893594654e-08
416.0,2.0332863641669974e-05,4.6417479637739234e-08
417.0,2.01210641534999e-05,4.629644934084354e-08
418.0,1.9911469280486926e-05,4.615454329837121e-08
419.0,1.970405901374761e-05,4.6023046706977766e-08
420.0,1.9498815163387917e-05,4.588345348111034e-08
421.0,1.929570316860918e-05,4.572579115347253e-08
422.0,1.9094706658506766e-05,4.5574925167102265e-08
423.0,1.8895803805207834e-05,4.5421504779596944e-08
424.0,1.869897278083954e-05,4.527712604840417e-08
425.0,1.8504191757529043e-05,4.513182005894123e-08
426.0,1.8311440726392902e-05,4.499330330531848e-08
427.0,1.8120701497537084e-05,4.4882533245527156e-08
428.0,1.793194496713113e-05,4.4790716913212236e-08
429.0,1.774515476427041e-05,4.47214603127577e-08
430.0,1.756030906108208e-05,4.466819802928512e-08
431.0,1.7377389667672105e-05,4.465606195935834e-08
432.0,1.7196376575157046e-05,4.4643130081567506e-08
433.0,1.701724795566406e-05,4.4663185150284335e-08
434.0,1.683998925727792e-05,4.4676262689336e-08
435.0,1.6664573195157573e-05,4.472379444564467e-08
436.0,1.6490983398398384e-05,4.476702031297464e-08
437.0,1.6319205315085128e-05,4.482055970811416e-08
438.0,1.6149213479366153e-05,4.4872379589833145e-08
439.0,1.598099152033683e-05,4.491214511403996e-08
440.0,1.5814523067092523e-05,4.495007743798851e-08
441.0,1.5649793567718007e-05,4.49868480245641e-08
442.0,1.5486775737372227e-05,4.50190569267761e-08
443.0,1.532545684312936e-05,4.5056726349912424e-08
444.0,1.5165815966611262e-05,4.507685602561651e-08
445.0,1.5007838555902708e-05,4.509618634074286e-08
446.0,1.4851508240099065e-05,4.512067519613083e-08
447.0,1.4696805010316893e-05,4.513519868964977e-08
448.0,1.4543717952619772e-05,4.5158728312344465e-08
449.0,1.439222069166135e-05,4.518143725817936e-08
450.0,1.4242302313505206e-05,4.518071250458888e-08
451.0,1.4093944628257304e-05,4.520109087025048e-08
452.0,1.3947133993497118e-05,4.523115393340049e-08
453.0,1.380185130983591e-05,4.524318697463059e-08
454.0,1.3658082934853155e-05,4.5261234760118896e-08
455.0,1.3515815226128325e-05,4.526865637899391e-08
456.0,1.3375025446293876e-05,4.527727526237868e-08
457.0,1.3235702681413386e-05,4.5270482473824813e-08
458.0,1.3097831470076926e-05,4.5269768378375375e-08
459.0,1.2961396350874566e-05,4.524781260784039e-08
460.0,1.2826381862396374e-05,4.522922836258658e-08
461.0,1.2692773452727124e-05,4.517453433550145e-08
462.0,1.2560561117425095e-05,4.5125496228592965e-08
463.0,1.2429722119122744e-05,4.5064307840902984e-08
464.0,1.230024645337835e-05,4.497712424722522e-08
465.0,1.2172118658781983e-05,4.4882977334737006e-08
466.0,1.204532691190252e-05,4.478543402797186e-08
467.0,1.1919854841835331e-05,4.4677165078610415e-08
468.0,1.179568971565459e-05,4.455527147229077e-08
469.0,1.1672821528918575e-05,4.44434036239727e-08
470.0,1.1551230272743851e-05,4.4318309022628455e-08
471.0,1.1430905033193994e-05,4.420583721298499e-08
472.0,1.131183307734318e-05,4.409298526297789e-08
473.0,1.1194001672265586e-05,4.3995058263135434e-08
474.0,1.1077398085035384e-05,4.389045571429051e-08
475.0,1.0962008673232049e-05,4.380886764465686e-08
476.0,1.0847824341908563e-05,4.374283690822267e-08
477.0,1.073482690117089e-05,4.369104189549944e-08
478.0,1.0623005437082611e-05,4.364314776239553e-08
479.0,1.0512349035707302e-05,4.361539041042306e-08
480.0,1.0402845873613842e-05,4.3584986286759886e-08
481.0,1.0294483217876405e-05,4.358319927177945e-08
482.0,1.0187249245063867e-05,4.3574829078352195e-08
483.0,1.0081135769723915e-05,4.358476246579812e-08
484.0,9.976123692467809e-06,4.360127192626351e-08
485.0,9.872206646832637e-06,4.36219025345963e-08
486.0,9.769370990397874e-06,4.364089889463685e-08
487.0,9.6676067187218e-06,4.366546946243943e-08
488.0,9.566902917867992e-06,4.3688775264172364e-08
489.0,9.467247764405329e-06,4.371962347704539e-08
490.0,9.368633982376195e-06,4.373982775973673e-08
491.0,9.271044291381259e-06,4.3760561396766207e-08
492.0,9.174470505968202e-06,4.376353857082904e-08
493.0,9.078903531190008e-06,4.377138296263183e-08
494.0,8.984331543615554e-06,4.376587625642969e-08
495.0,8.890745448297821e-06,4.374887296876295e-08
496.0,8.798133421805687e-06,4.371855055751439e-08
497.0,8.70648909767624e-06,4.36808420545276e-08
498.0,8.615797014499549e-06,4.3623494150324404e-08
499.0,8.526048986823298e-06,4.3569968966039596e-08
500.0,8.437236829195172e-06,4.350370375050261e-08
501.0,8.349347808689345e-06,4.343031179132595e-08
502.0,8.262376468337607e-06,4.335004888389449e-08
503.0,8.176310075214133e-06,4.326354741124305e-08
504.0,8.09114226285601e-06,4.318097879263405e-08
505.0,8.006860298337415e-06,4.309043788452982e-08
506.0,7.923455086711328e-06,4.299584333011808e-08
507.0,7.840919352020137e-06,4.290650679195096e-08
508.0,7.759243999316823e-06,4.280737542217139e-08
509.0,7.678418114664964e-06,4.271086950780045e-08
510.0,7.5984353316016495e-06,4.261046271381019e-08
511.0,7.519287464674562e-06,4.251960561418855e-08
512.0,7.4409585977264214e-06,4.241818984951351e-08
513.0,7.3634514592413325e-06,4.2320539961338e-08
514.0,7.286746495083207e-06,4.222436089662551e-08
515.0,7.2108450694940984e-06,4.212627757738119e-08
516.0,7.135734904295532e-06,4.20290433567061e-08
517.0,7.061401902319631e-06,4.19338377355416e-08
518.0,6.987848337303149e-06,4.183867119422757e-08
519.0,6.915056474099401e-06,4.17443999367606e-08
520.0,6.84302676745574e-06,4.1651325943803386e-08
521.0,6.771743301214883e-06,4.1560252128647335e-08
522.0,6.701206075376831e-06,4.147174337276738e-08
523.0,6.631404630752513e-06,4.1387639981849134e-08
524.0,6.562325779668754e-06,4.130634323473714e-08
525.0,6.493969976872904e-06,4.1226094538160396e-08
526.0,6.426322670449736e-06,4.11491392071639e-08
527.0,6.359383860399248e-06,4.1074837753285465e-08
528.0,6.2931380853115115e-06,4.1003460182764684e-08
529.0,6.2275871641759295e-06,4.0936551926051834e-08
530.0,6.162718364066677e-06,4.0875264062378847e-08
531.0,6.098521225794684e-06,4.0816864554926724e-08
532.0,6.034997113602003e-06,4.0760241404314e-08
533.0,5.972131020826055e-06,4.070684767043531e-08
534.0,5.90992340221419e-06,4.0659326572267673e-08
535.0,5.8483597058511805e-06,4.061458724891054e-08
536.0,5.787441295979079e-06,4.057327274153977e-08
537.0,5.727157713408815e-06,4.053505620049691e-08
538.0,5.667498044203967e-06,4.049777402315158e-08
539.0,5.608463197859237e-06,4.046384916023271e-08
540.0,5.550039986701449e-06,4.0434045445181255e-08
541.0,5.492229320225306e-06,4.040737167088082e-08
542.0,5.435016646515578e-06,4.037807954659911e-08
543.0,5.3784037845616695e-06,4.035418754710918e-08
544.0,5.322380729921861e-06,4.0330998984927646e-08
545.0,5.266937478154432e-06,4.031073785881745e-08
546.0,5.212075393501436e-06,4.028824207580328e-08
547.0,5.157781288289698e-06,4.027011613061404e-08
548.0,5.104056072013918e-06,4.0250707655786755e-08
549.0,5.050887466495624e-06,4.023218735937917e-08
550.0,4.998275926482165e-06,4.021577382218311e-08
551.0,4.946211902279174e-06,4.019904409346964e-08
552.0,4.894687663181685e-06,4.018124499793885e-08
553.0,4.843703209189698e-06,4.016651899974022e-08
554.0,4.79324626212474e-06,4.0153349090132906e-08
555.0,4.743318186228862e-06,4.013790899648484e-08
556.0,4.693907158070942e-06,4.0122042577195316e-08
557.0,4.6450136323983315e-06,4.0110020194106255e-08
558.0,4.596629878506064e-06,4.009556064943354e-08
559.0,4.548746801447123e-06,4.008406762068262e-08
560.0,4.501365765463561e-06,4.0070712969964006e-08
561.0,4.454474947124254e-06,4.0057265948689746e-08
562.0,4.408075710671255e-06,4.004462894613425e-08
563.0,4.362157142168144e-06,4.003625519999332e-08
564.0,4.316719241614919e-06,4.0022531067052114e-08
565.0,4.271755187801318e-06,4.001327269520516e-08
566.0,4.227256340527674e-06,4.000594699959947e-08
567.0,4.183223609288689e-06,3.999500464146877e-08
568.0,4.1396469896426424e-06,3.998551889594637e-08
569.0,4.096527391084237e-06,3.998032838126164e-08
570.0,4.053853899677051e-06,3.997328690275026e-08
571.0,4.011627879663138e-06,3.9963619968830244e-08
572.0,3.9698411455901805e-06,3.995880604179547e-08
573.0,3.928487330995267e-06,3.995459252337241e-08
574.0,3.887566890625749e-06,3.994650654703946e-08
575.0,3.847070729534607e-06,3.99405841733369e-08
576.0,3.8069981656008167e-06,3.993416797243299e-08
577.0,3.7673407859983854e-06,3.9930618811467866e-08
578.0,3.7280990454746643e-06,3.9921083327953966e-08
579.0,3.6892656680720393e-06,3.990999175584875e-08
580.0,3.6508347420749487e-06,3.9902722903661925e-08
581.0,3.612806494857068e-06,3.9893720327199844e-08
582.0,3.5751720588450553e-06,3.9881459912294304e-08
583.0,3.537931888786261e-06,3.986746222039983e-08
584.0,3.501077571854694e-06,3.985105934134481e-08
585.0,3.4646088806766784e-06,3.983393526141299e-08
586.0,3.4285205856576795e-06,3.981492113780405e-08
587.0,3.392805865587434e-06,3.9795146733467845e-08
588.0,3.3574651752132922e-06,3.977049090053697e-08
589.0,3.3224905564566143e-06,3.974442108756193e-08
590.0,3.287882464064751e-06,3.972064277490972e-08
591.0,3.253632712585386e-06,3.9687453323722366e-08
592.0,3.219741529392195e-06,3.966134798361054e-08
593.0,3.186203912264318e-06,3.962782457733738e-08
594.0,3.1530130399914924e-06,3.959601002634372e-08
595.0,3.12017027681577e-06,3.956059302367976e-08
596.0,3.087667664658511e-06,3.952546379082378e-08
597.0,3.0555054308933904e-06,3.9493482262287216e-08
598.0,3.023676299562794e-06,3.9457621170413404e-08
599.0,2.9921809527877485e-06,3.942018622637988e-08
600.0,2.9610132514790166e-06,3.9386890193782165e-08
601.0,2.930168420789414e-06,3.935326020609864e-08
602.0,2.899646915466292e-06,3.931999970063771e-08
603.0,2.8694414595520357e-06,3.9286693009898954e-08
604.0,2.839552280420321e-06,3.9256036643564585e-08
605.0,2.80997278423456e-06,3.922477276319114e-08
606.0,2.7807031983684283e-06,3.91972783120309e-08
607.0,2.751738520601066e-06,3.917015689580694e-08
608.0,2.723073748711613e-06,3.914448143405025e-08
609.0,2.6947093374474207e-06,3.911968349257222e-08
610.0,2.6666384655982256e-06,3.909706691729298e-08
611.0,2.6388620426587295e-06,3.907609524844702e-08
612.0,2.611373247418669e-06,3.905752521404793e-08
613.0,2.5841720798780443e-06,3.9039345978153506e-08
614.0,2.5572546746843727e-06,3.902307099679092e-08
615.0,2.5306155748694437e-06,3.9009229624298314e-08
616.0,2.5042561446753098e-06,3.899516798355762e-08
617.0,2.4781693355180323e-06,3.898451694794858e-08
618.0,2.4523558295186376e-06,3.897381617434803e-08
619.0,2.426809714961564e-06,3.896365896594034e-08
620.0,2.4015312192204874e-06,3.895586075941537e-08
621.0,2.3765162495692493e-06,3.8949306002677986e-08
622.0,2.3517600311606657e-06,3.89449965609856e-08
623.0,2.3272632461157627e-06,3.893911326713351e-08
624.0,2.3030202100926545e-06,3.893481093086848e-08
625.0,2.2790311504650163e-06,3.8933020363174364e-08
626.0,2.2552906102646375e-06,3.89297127867394e-08
627.0,2.2317988168651937e-06,3.892858657650322e-08
628.0,2.2085516775405267e-06,3.892624178547521e-08
629.0,2.185545326938154e-06,3.892507294267489e-08
630.0,2.1627799924317515e-06,3.892477806743955e-08
631.0,2.1402504444267834e-06,3.8923804623891556e-08
632.0,2.11795668292325e-06,3.8924543588336746e-08
633.0,2.095894160447642e-06,3.892317934628409e-08
634.0,2.074062649626285e-06,3.892308697572844e-08
635.0,2.0524585124803707e-06,3.892266420280066e-08
636.0,2.0310781110310927e-06,3.8920813238974006e-08
637.0,2.0099216726521263e-06,3.892292355089921e-08
638.0,1.988984422496287e-06,3.89205290218797e-08
639.0,1.9682665879372507e-06,3.891901556585253e-08
640.0,1.9477631667541573e-06,3.8920283884635865e-08
641.0,1.9274746136943577e-06,3.8917470135402255e-08
642.0,1.907397290779045e-06,3.8915661804139745e-08
643.0,1.8875281284636003e-06,3.891257449595287e-08
644.0,1.8678670130611863e-06,3.8909675481590966e-08
645.0,1.8484095107851317e-06,3.890537314532594e-08
646.0,1.8291557353222743e-06,3.8902626897652226e-08
647.0,1.8101014802596183e-06,3.8896583731684586e-08
648.0,1.7912469729708391e-06,3.889079280838814e-08
649.0,1.7725886891639675e-06,3.888564492626756e-08
650.0,1.7541236729812226e-06,3.887935662305608e-08
651.0,1.7358522654831177e-06,3.887335253693891e-08
652.0,1.7177699191961437e-06,3.88644885163103e-08
653.0,1.699876975180814e-06,3.885736177267063e-08
654.0,1.6821693407109706e-06,3.884865762415757e-08
655.0,1.6646474705339642e-06,3.884125376885095e-08
656.0,1.6473079540446633e-06,3.883109656044326e-08
657.0,1.630147949072125e-06,3.882182042502791e-08
658.0,1.6131679103636998e-06,3.881257271132199e-08
659.0,1.5963634041327168e-06,3.880427712488199e-08
660.0,1.57973522618704e-06,3.879278409613107e-08
661.0,1.563279170113674e-06,3.8783714018109094e-08
662.0,1.5469955769731314e-06,3.877475762692484e-08
663.0,1.5308814909076318e-06,3.8764550680525645e-08
664.0,1.5149344108067453e-06,3.8752315134615856e-08
665.0,1.4991543366704718e-06,3.874374954193627e-08
666.0,1.4835376305200043e-06,3.87349459174402e-08
667.0,1.468084633415856e-06,3.872414211514297e-08
668.0,1.4527917073792196e-06,3.871477360917197e-08
669.0,1.4376588524100953e-06,3.8705138649675064e-08
670.0,1.4226839084585663e-06,3.8697347548577454e-08
671.0,1.4078638059800141e-06,3.8689258019530826e-08
672.0,1.3931989997217897e-06,3.868018794150885e-08
673.0,1.3786860790787614e-06,3.867218012487683e-08
674.0,1.3643251577377669e-06,3.866517062078856e-08
675.0,1.35011305246735e-06,3.865779163447769e-08
676.0,1.3360498769543483e-06,3.865121911417191e-08
677.0,1.3221331300883321e-06,3.864280628818051e-08
678.0,1.308360538132547e-06,3.863756603550428e-08
679.0,1.2947322147738305e-06,3.863214459443043e-08
680.0,1.2812450904675643e-06,3.862622577344155e-08
681.0,1.2678991652137483e-06,3.8621550402240246e-08
682.0,1.2546915968414396e-06,3.861662278836775e-08
683.0,1.2416222716638003e-06,3.8611752017914114e-08
684.0,1.2286890296309139e-06,3.860848352132962e-08
685.0,1.2158898243797012e-06,3.8603577223739194e-08
686.0,1.203224769597e-06,3.8601260854420616e-08
687.0,1.1906907957381918e-06,3.859772235159653e-08
688.0,1.1782881301769521e-06,3.859434727360167e-08
689.0,1.1660139307423378e-06,3.859226893609957e-08
690.0,1.1538684248080244e-06,3.8590368234281414e-08
691.0,1.1418493386372575e-06,3.858824015878781e-08
692.0,1.1299547395537957e-06,3.858724184624407e-08
693.0,1.1181847412444768e-06,3.8584797579233054e-08
694.0,1.1065367289120331e-06,3.8583525707736044e-08
695.0,1.095010588869627e-06,3.8582452788205046e-08
696.0,1.0836039336936665e-06,3.858128394540472e-08
697.0,1.0723167633841513e-06,3.858066932593829e-08
698.0,1.0611471452648402e-06,3.858022523672844e-08
699.0,1.050093146659492e-06,3.858060182437839e-08
700.0,1.0391549949417822e-06,3.858131591982783e-08
701.0,1.0283303026881185e-06,3.8579823780082734e-08
702.0,1.0176187288379879e-06,3.858090025232741e-08
703.0,1.0070182270283112e-06,3.8580235894869475e-08
704.0,9.965287972590886e-07,3.857905639392811e-08
705.0,9.861487342277542e-07,3.857917363347951e-08
706.0,9.75875991571229e-07,3.8579315742026665e-08
707.0,9.657110240368638e-07,3.858001917933507e-08
708.0,9.556512168273912e-07,3.8580086680894965e-08
709.0,9.456968541599053e-07,3.857876862412013e-08
710.0,9.358454917673953e-07,3.8578047423243333e-08
711.0,9.260974138669553e-07,3.857747188362737e-08
712.0,9.164509151560196e-07,3.8577155692109955e-08
713.0,9.069042903320224e-07,3.8576921213007154e-08
714.0,8.974577099252201e-07,3.8576558836211916e-08
715.0,8.881088433554396e-07,3.857441299714992e-08
716.0,8.78858031683194e-07,3.857325836520431e-08
717.0,8.697030011717288e-07,3.857236308135725e-08
718.0,8.606438655078819e-07,3.8570902916035266e-08
719.0,8.516790899193438e-07,3.85710983152876e-08
720.0,8.428072533206432e-07,3.856986197092738e-08
721.0,8.340282420249423e-07,3.8567769422570564e-08
722.0,8.253402370428375e-07,3.85663057045349e-08
723.0,8.167431815309101e-07,3.856414210190451e-08
724.0,8.082352564997564e-07,3.856233732335568e-08
725.0,7.998163482625387e-07,3.8560099113738033e-08
726.0,7.914852631074609e-07,3.8556866144290325e-08
727.0,7.832403525753762e-07,3.8553960024501066e-08
728.0,7.750819008833787e-07,3.8551888792426325e-08
729.0,7.670079185118084e-07,3.85509544287288e-08
730.0,7.590184623040841e-07,3.854699315297694e-08
731.0,7.511117701142211e-07,3.854535535197101e-08
732.0,7.432879556290573e-07,3.8542559366305795e-08
733.0,7.355456546065398e-07,3.8540179048141e-08
734.0,7.27883502804616e-07,3.8536725810445205e-08
735.0,7.203016139101237e-07,3.853437036127616e-08
736.0,7.127982257770782e-07,3.853152108490576e-08
737.0,7.05373508935736e-07,3.852791863323546e-08
738.0,6.980257012401125e-07,3.8525527656929626e-08
739.0,6.907548026902077e-07,3.8523399581436024e-08
740.0,6.835596764176444e-07,3.852101215784387e-08
741.0,6.764390718672075e-07,3.8517235623203305e-08
742.0,6.693930458823161e-07,3.851340224514388e-08
743.0,6.62419950003823e-07,3.850884411349398e-08
744.0,6.555200116054039e-07,3.8505952204559435e-08
745.0,6.486914685410738e-07,3.8503401356138056e-08
746.0,6.419344913410896e-07,3.8500090226989414e-08
747.0,6.35247886293655e-07,3.8495674203886665e-08
748.0,6.286305165303929e-07,3.849328678029451e-08
749.0,6.22082495738141e-07,3.84900538108468e-08
750.0,6.1560228914459e-07,3.848656504601422e-08
751.0,6.091900104365777e-07,3.8483531028532525e-08
752.0,6.02844067998376e-07,3.848078478085881e-08
753.0,5.965646892036602e-07,3.8477967478911523e-08
754.0,5.903506234972156e-07,3.847442187066008e-08
755.0,5.842009613843402e-07,3.8472339980444303e-08
756.0,5.78115759708453e-07,3.846900042958623e-08
757.0,5.720935405406635e-07,3.8465941543108784e-08
758.0,5.661344175678096e-07,3.8462175666609255e-08
759.0,5.602370265478385e-07,3.845979534844446e-08
760.0,5.544013674807502e-07,3.845686435965945e-08
761.0,5.486265877152618e-07,3.845396179258387e-08
762.0,5.429115503829962e-07,3.84508567208286e-08
763.0,5.372564260142099e-07,3.8447218742021505e-08
764.0,5.316598503668502e-07,3.8443367600393685e-08
765.0,5.261218802843359e-07,3.843961238203519e-08
766.0,5.206412652114523e-07,3.843684481807941e-08
767.0,5.152181188350369e-07,3.8433388027669935e-08
768.0,5.098514179735503e-07,3.843035756290192e-08
769.0,5.045403668191284e-07,3.842714946244996e-08
770.0,4.992848516849335e-07,3.842416518295977e-08
771.0,4.940838493894262e-07,3.842134788101248e-08
772.0,4.889373030891875e-07,3.841853057906519e-08
773.0,4.838440190724214e-07,3.841624618416972e-08
774.0,4.788041678693844e-07,3.8413393355085645e-08
775.0,4.7381678314195597e-07,3.840953155531679e-08
776.0,4.68881069082272e-07,3.8406824387493543e-08
777.0,4.639970256903325e-07,3.840321838310956e-08
778.0,4.59163629784598e-07,3.8401132940180105e-08
779.0,4.5438082452164963e-07,3.839866025145966e-08
780.0,4.4964755829823844e-07,3.8395739920815686e-08
781.0,4.4496385953607387e-07,3.839246076609015e-08
782.0,4.403289324272919e-07,3.8390030709933853e-08
783.0,4.357420664291567e-07,3.838770012976056e-08
784.0,4.312032331199589e-07,3.838493967123213e-08
785.0,4.2671138089644955e-07,3.838272988332392e-08
786.0,4.222666518671758e-07,3.8380189693043576e-08
787.0,4.1786788074205106e-07,3.83775038415024e-08
788.0,4.1351526647304127e-07,3.837531536987626e-08
789.0,4.0920770061347866e-07,3.837271833617706e-08
790.0,4.049452400067821e-07,3.8370163935042e-08
791.0,4.007272025319253e-07,3.836733242224e-08
792.0,3.96552849224463e-07,3.83649023660837e-08
793.0,3.924222369278141e-07,3.836226625253403e-08
794.0,3.883343708821485e-07,3.836024475845079e-08
795.0,3.8428933635259455e-07,3.8357534037913865e-08
796.0,3.8028622384445043e-07,3.8355398856992906e-08
797.0,3.7632503335771617e-07,3.835302564425547e-08
798.0,3.724050827713654e-07,3.835020834230818e-08
799.0,3.6852577522950014e-07,3.834852080331075e-08
800.0,3.646870823104109e-07,3.834724182638638e-08
801.0,3.608881513628148e-07,3.8344801112089044e-08
802.0,3.571290108084213e-07,3.8343173969224154e-08
803.0,3.5340883641765686e-07,3.8341664065910663e-08
804.0,3.4972759976881207e-07,3.834015416259717e-08
805.0,3.460847040059889e-07,3.833839201661249e-08
806.0,3.424795522732893e-07,3.833738659864139e-08
807.0,3.389121729924227e-07,3.8335198127015246e-08
808.0,3.3538174193381565e-07,3.8333865859385696e-08
809.0,3.3188828751917754e-07,3.833210726611469e-08
810.0,3.2843101394064433e-07,3.833047657053612e-08
811.0,3.250099780416349e-07,3.832964878824896e-08
812.0,3.216245829662512e-07,3.8328572316004283e-08
813.0,3.1827423185859516e-07,3.8326941620425714e-08
814.0,3.1495895314037625e-07,3.832539263726176e-08
815.0,3.1167806469056814e-07,3.832428419059397e-08
816.0,3.0843150966575195e-07,3.832319706020826e-08
817.0,3.0521860594490136e-07,3.832248296475882e-08
818.0,3.0203932510630693e-07,3.8321545048347616e-08
819.0,2.9889318398090836e-07,3.832020212257703e-08
820.0,2.9577961413451703e-07,3.831975092793982e-08
821.0,2.9269870083226124e-07,3.831833339518198e-08
822.0,2.8964967668798636e-07,3.831759443073679e-08
823.0,2.8663259854511125e-07,3.83165037476374e-08
824.0,2.8364672743919073e-07,3.831620887240206e-08
825.0,2.806921770570625e-07,3.831469186366121e-08
826.0,2.777684073862474e-07,3.831373618368161e-08
827.0,2.748749068359757e-07,3.831226536021859e-08
828.0,2.720117038279568e-07,3.8311622319042726e-08
829.0,2.6917817308458325e-07,3.830998096532312e-08
830.0,2.6637431460585503e-07,3.8308371586026624e-08
831.0,2.635995031141647e-07,3.8307810257265373e-08
832.0,2.6085376703122165e-07,3.830630390666556e-08
833.0,2.581366231879656e-07,3.830541572824586e-08
834.0,2.554476452587551e-07,3.830450268083041e-08
835.0,2.5278680482188065e-07,3.83033480488848e-08
836.0,2.501535334431537e-07,3.830220052236655e-08
837.0,2.475478595442837e-07,3.830101036328415e-08
838.0,2.4496915784766315e-07,3.8300136395719164e-08
839.0,2.424174567750015e-07,3.829920203202164e-08
840.0,2.3989235842236667e-07,3.829846306757645e-08
841.0,2.3739342225326254e-07,3.8297471860460064e-08
842.0,2.349206482676891e-07,3.829691763712617e-08
843.0,2.3247349645316717e-07,3.8295890902873e-08
844.0,2.3005198102055147e-07,3.82954716826589e-08
845.0,2.2765551932479866e-07,3.829455863524345e-08
846.0,2.2528418242018233e-07,3.82935780862681e-08
847.0,2.2293757240277046e-07,3.829312333891721e-08
848.0,2.2061522031435743e-07,3.829241279618145e-08
849.0,2.1831722563092626e-07,3.829126171694952e-08
850.0,2.1604301991828834e-07,3.829008221600816e-08
851.0,2.137926458090078e-07,3.828888850421208e-08
852.0,2.115655775014602e-07,3.828797900951031e-08
853.0,2.0936182920650026e-07,3.8287012671389675e-08
854.0,2.071810740744695e-07,3.828587580301246e-08
855.0,2.0502285735801706e-07,3.828590422472189e-08
856.0,2.0288727853312594e-07,3.8284380110553684e-08
857.0,2.0077379758731695e-07,3.8284198922156065e-08
858.0,1.9868247136400896e-07,3.828398220662166e-08
859.0,1.9661280248328694e-07,3.828305850106517e-08
860.0,1.9456483357771504e-07,3.8282454539739774e-08
861.0,1.9253818095421593e-07,3.828190386911956e-08
862.0,1.9053251776313118e-07,3.828178662956816e-08
863.0,1.885478582153155e-07,3.828071015732348e-08
864.0,1.8658377598512743e-07,3.8280500547216434e-08
865.0,1.8464024265085754e-07,3.82796514486472e-08
866.0,1.8271686030857381e-07,3.8279516445527406e-08
867.0,1.8081361474742152e-07,3.827852168569734e-08
868.0,1.7893020753945166e-07,3.827848971127423e-08
869.0,1.7706628341329633e-07,3.8277949698795055e-08
870.0,1.7522191342322913e-07,3.827804562206438e-08
871.0,1.7339662861104443e-07,3.827749495144417e-08
872.0,1.715904716093064e-07,3.8277235603345616e-08
873.0,1.6980301609237358e-07,3.827743810802531e-08
874.0,1.680343046928101e-07,3.827710770565318e-08
875.0,1.6628399635010283e-07,3.82767524342853e-08
876.0,1.6455182105801214e-07,3.8276766645140015e-08
877.0,1.6283779302739276e-07,3.82769194118282e-08
878.0,1.6114151435431268e-07,3.827630479236177e-08
879.0,1.5946302767133602e-07,3.8276553482319287e-08
880.0,1.5780189244196663e-07,3.8276176894669334e-08
881.0,1.5615817972047807e-07,3.827630479236177e-08
882.0,1.5453159107892134e-07,3.8276169789241976e-08
883.0,1.5292184230020212e-07,3.827569017289534e-08
884.0,1.5132896180602984e-07,3.8275555169775544e-08
885.0,1.497525659033272e-07,3.8274841074326105e-08
886.0,1.4819269722465833e-07,3.827517147669823e-08
887.0,1.4664897207694594e-07,3.8274958313877505e-08
888.0,1.4512143309275416e-07,3.8274723834774704e-08
889.0,1.436097960549887e-07,3.827473804562942e-08
890.0,1.4211381937911938e-07,3.8274606595223304e-08
891.0,1.4063350306514621e-07,3.8274421854112006e-08
892.0,1.3916854868512019e-07,3.827437566883418e-08
893.0,1.3771891360647714e-07,3.827438277426154e-08
894.0,1.3628429940126807e-07,3.8273828550927647e-08
895.0,1.3486472028034768e-07,3.827454975180444e-08
896.0,1.334599204483311e-07,3.8274013292038944e-08
897.0,1.320696725315429e-07,3.827394579047905e-08
898.0,1.3069399074083776e-07,3.827426198199646e-08
899.0,1.2933256243741198e-07,3.827443251225304e-08
900.0,1.2798538762126555e-07,3.8274400537829933e-08
901.0,1.2665216786444944e-07,3.8274720282061026e-08
902.0,1.2533291737781838e-07,3.8275199898407664e-08
903.0,1.2402740878769691e-07,3.8275551617061865e-08
904.0,1.227354147204096e-07,3.8275370428664246e-08
905.0,1.214569635976659e-07,3.8275906888429745e-08
906.0,1.2019175699151674e-07,3.827546990464725e-08
907.0,1.1893979490196216e-07,3.827588201943399e-08
908.0,1.1770080732276256e-07,3.827575056902788e-08
909.0,1.1647479425391793e-07,3.827595662642125e-08
910.0,1.1526155674346228e-07,3.827663874744758e-08
911.0,1.1406088162857486e-07,3.827624794894291e-08
912.0,1.128727831201104e-07,3.827626926522498e-08
913.0,1.1169699831725666e-07,3.827665295830229e-08
914.0,1.1053352722001364e-07,3.8276674274584366e-08
915.0,1.093820927167144e-07,3.8276326108643843e-08
916.0,1.0824273743992308e-07,3.827642558462685e-08
917.0,1.0711524112139159e-07,3.8276851910268306e-08
918.0,1.0599943323086336e-07,3.82766351947339e-08
919.0,1.0489529955748367e-07,3.8277242708772974e-08
920.0,1.0380261272757707e-07,3.827737060646541e-08
921.0,1.0272137274114357e-07,3.82774558715937e-08
922.0,1.0165131669737093e-07,3.827764416541868e-08
923.0,1.005924872288233e-07,3.827772943054697e-08
924.0,9.954469248896203e-08,3.8278272995739826e-08
925.0,9.85077335258211e-08,3.827851813298366e-08
926.0,9.748164586653729e-08,3.8279015512898695e-08
927.0,9.64661808211531e-08,3.8279189595868957e-08
928.0,9.54613597059506e-08,3.8278930247770404e-08
929.0,9.446694093639962e-08,3.827967987035663e-08
930.0,9.348293872335489e-08,3.827991079674575e-08
931.0,9.250919674741453e-08,3.8279967640164614e-08
932.0,9.15455231620399e-08,3.828053252163954e-08
933.0,9.059196059979513e-08,3.828050409993011e-08
934.0,8.964826037072271e-08,3.828109740311447e-08
935.0,8.871446510738679e-08,3.828163031016629e-08
936.0,8.779032611982984e-08,3.8282127690081325e-08
937.0,8.687587182976131e-08,3.828265349170579e-08
938.0,8.597093881235196e-08,3.8282809811107654e-08
939.0,8.5075392064482e-08,3.828352390655709e-08
940.0,8.418921026986936e-08,3.828388273063865e-08
941.0,8.33122157928301e-08,3.828395378491223e-08
942.0,8.244440863336422e-08,3.828430905628011e-08
943.0,8.15855898395057e-08,3.828518302384509e-08
944.0,8.07357665166819e-08,3.828563066576862e-08
945.0,7.989479655634568e-08,3.8285413950234215e-08
946.0,7.906253074452252e-08,3.8285914882862926e-08
947.0,7.823899039749449e-08,3.828625239066241e-08
948.0,7.742398366872294e-08,3.8286742665150086e-08
949.0,7.661751055820787e-08,3.828673911243641e-08
950.0,7.581938632483798e-08,3.8287780057544296e-08
951.0,7.502962517946798e-08,3.828847994213902e-08
952.0,7.424809211897809e-08,3.828830941188244e-08
953.0,7.347465214024851e-08,3.8289002191049804e-08
954.0,7.270931945413395e-08,3.828921180115685e-08
955.0,7.195190221409575e-08,3.828966654850774e-08
956.0,7.120242884184336e-08,3.828992589660629e-08
957.0,7.046071459626546e-08,3.828980865705489e-08
958.0,6.972677368821678e-08,3.829031314239728e-08
959.0,6.900047822000488e-08,3.8290629333914694e-08
960.0,6.828170029393732e-08,3.82907963114576e-08
961.0,6.757046122629617e-08,3.829099526342361e-08
962.0,6.68665833813975e-08,3.829099881613729e-08
963.0,6.617007386466867e-08,3.8291368298359885e-08
964.0,6.548078346213515e-08,3.829135053479149e-08
965.0,6.479871217379696e-08,3.8291215531671696e-08
966.0,6.412374631281637e-08,3.829220673878808e-08
967.0,6.345577219235565e-08,3.829242345432249e-08
968.0,6.279479691784218e-08,3.8293052284643636e-08
969.0,6.214066416987407e-08,3.829300254665213e-08
970.0,6.149338815930605e-08,3.8293059390070994e-08
971.0,6.085281256673625e-08,3.829363848240064e-08
972.0,6.021895160301938e-08,3.829440586855526e-08
973.0,5.959168802860404e-08,3.829467587479485e-08
974.0,5.897092592022091e-08,3.829440231584158e-08
975.0,5.835666527786998e-08,3.829472206007267e-08
976.0,5.7748763993004104e-08,3.829485706319247e-08
977.0,5.714723272376432e-08,3.8295102200436304e-08
978.0,5.655193646703083e-08,3.829541839195372e-08
979.0,5.596287522280363e-08,3.8295514315223045e-08
980.0,5.5379945962386046e-08,3.8295368653962214e-08
981.0,5.480305276250874e-08,3.8295450366376826e-08
982.0,5.4232209834026435e-08,3.829570260904802e-08
983.0,5.3667267962964615e-08,3.8295482340799936e-08
984.0,5.3108255571032714e-08,3.829600458971072e-08
985.0,5.25550269969699e-08,3.8296111171121083e-08
986.0,5.200760000434457e-08,3.8296192883535696e-08
987.0,5.146587156446003e-08,3.829672223787384e-08
988.0,5.092974930676064e-08,3.829730133020348e-08
989.0,5.039925099481479e-08,3.829742212246856e-08
990.0,4.987424517821637e-08,3.8297550020161e-08
991.0,4.935473896239273e-08,3.8297709892276544e-08
992.0,4.8840608002365116e-08,3.8298122007063284e-08
993.0,4.833187006170192e-08,3.829768502328079e-08
994.0,4.7828429217133817e-08,3.829799055665717e-08
995.0,4.733020375624619e-08,3.829783778996898e-08
996.0,4.6837193679039046e-08,3.829739014804545e-08
997.0,4.6349295956815695e-08,3.8297525151165246e-08
998.0,4.586650348414878e-08,3.8297560678302034e-08
999.0,4.5388713232341615e-08,3.8297649496144004e-08
