    "Time(sec)"   ,     "rms[P]"     ,     "rms[U]"     ,     "rms[V]"     ,"rms[ProgressVariable]","rms[EnthalpyTot]","rms[MixtureFraction]","LinSolIter",    "LinSolRes"   ,"LinSolIterSpecies","LinSolResSpecies",       "CD"       , "avg_temp_outlet","avg_temp_outlet_scaled","avg_p_center_inlet","avg_p_cocenter_inlet",   "avg_p_inlet"  ,"avg_p_inlet_scaled"
0.4498283439999999, -18.8753483971569,-17.95111749581699,-18.16883086034623,      -19.0036002747118,-12.49700363112651,    -20.18185767603503,           0,-15.65503545645293,                  7,-3.346705089714295,0.005102822183262331, 764.5112284716569,                       1,   4.349490644675879,      4.37619509257862,  4.36284286862725,                   1
0.4036356720000001,-18.87522684356795,-17.95108866983588,-18.16880101519666,     -19.00726591629951,-12.49449440125764,    -20.18823122843843,           0,-15.65500540775447,                  7,-3.375379117093995,0.005102822183262331, 764.5112284716574,       1.000000000000001,   4.349490644675879,      4.37619509257862,  4.36284286862725,                   1
        0.40415862,-18.87503027380985,-17.95106389408978,-18.16880163184313,     -19.00554857080842,-12.49712772410933,    -20.18352324340856,           0,-15.65498561303924,                  7,-3.329122751184617,0.005102822183262331, 764.5112284716575,       1.000000000000001,   4.349490644675879,      4.37619509257862,  4.36284286862725,                   1
0.4044200139999998,-18.87494494709922,-17.95106069079861,-18.16876692127589,     -19.00582795662681,-12.49591423677937,    -20.18435184084187,           0, -15.6549731953555,                  7,-3.347108794310595,0.005102822183262331,  764.511228471658,       1.000000000000002,   4.349490644675879,      4.37619509257862,  4.36284286862725,                   1
0.4042610259999999, -18.8747525575464,-17.95105026089409,-18.16877170994919,     -19.00100371082787, -12.4986153078239,    -20.18551648406322,           0,-15.65496493718877,                  7,-3.332404820133396,0.005102822183262331, 764.5112284716582,       1.000000000000002,   4.349490644675879,      4.37619509257862,  4.36284286862725,                   1
0.4052679989999999,-18.87458869895096,-17.95103951171162,-18.16870776945022,     -19.00104914959163,-12.49810704191608,    -20.18044337176158,           0,-15.65493848016612,                  7,-3.356212004050104,0.005102822183262331, 764.5112284716586,       1.000000000000002,   4.349490644675879,      4.37619509257862,  4.36284286862725,                   1
0.4040084990000001,-18.87452257899171,-17.95102956395084,-18.16867905153551,     -19.00691443759015,-12.49508438069647,    -20.18470060181658,           0,-15.65492296653439,                  7,-3.348636017530587,0.005102822183262331, 764.5112284716593,       1.000000000000003,   4.349490644675879,      4.37619509257862,  4.36284286862725,                   1
0.4043250089999999,-18.87423492645152,-17.95098715451072,-18.16864731130174,     -19.00587188493929,-12.49647450704933,    -20.18179385810345,           0,-15.65488086520003,                  7,-3.332963363865567,0.005102822183262331, 764.5112284716593,       1.000000000000003,   4.349490644675879,      4.37619509257862,  4.36284286862725,                   1
0.4052041050000001,-18.87428969331641,-17.95098661917667,-18.16861216602156,     -19.00170467260827,-12.50151906694989,    -20.18095666356365,           0,-15.65487170317292,                  7,-3.362581539624836,0.005102822183262331, 764.5112284716595,       1.000000000000003,   4.349490644675879,      4.37619509257862,  4.36284286862725,                   1
0.4048801189999995,-18.87406092084883,-17.95096840353037,-18.16856635330528,     -19.00237311006222,-12.49864210117459,    -20.18308077916513,           0, -15.6548439824695,                  7,-3.382093786398385,0.005102822183262331, 764.5112284716599,       1.000000000000004,   4.349490644675879,      4.37619509257862,  4.36284286862725,                   1
0.4034192220000001,-18.87398139278811,-17.95094833530151, -18.1685721853786,      -19.0051781596853,-12.49745947583408,    -20.18659084487702,           0,-15.65483018380827,                  7,-3.366220482874841,0.005102822183262331,   764.51122847166,       1.000000000000004,   4.349490644675879,      4.37619509257862,  4.36284286862725,                   1
0.4039801330000001,-18.87392683167424,-17.95095335707043,-18.16853704640531,     -19.00356266549553,-12.49592202470126,    -20.18484361845837,           0,-15.65482391767424,                  7,-3.392946420332016,0.005102822183262331, 764.5112284716606,       1.000000000000005,   4.349490644675879,      4.37619509257862,  4.36284286862725,                   1
0.4034676050000003,-18.87345578205942,-17.95092489642176,-18.16852109530602,     -19.00375004023329,-12.50095333112108,    -20.18499411756772,           0,-15.65479420890672,                  7,-3.377579623890064,0.005102822183262331, 764.5112284716611,       1.000000000000006,   4.349490644675879,      4.37619509257862,  4.36284286862725,                   1
0.4036352269999997,-18.87324303887901,-17.95091290876503, -18.1685142559534,     -19.00597183244492,-12.49873921294972,    -20.18319063184425,           0,-15.65478151220518,                  7,-3.341827915274258,0.005102822183262331, 764.5112284716612,       1.000000000000006,   4.349490644675879,      4.37619509257862,  4.36284286862725,                   1
0.4041892860000003,-18.87300967696612,-17.95090055550124, -18.1684866153118,     -19.00763492805905,-12.49592263079448,    -20.18265330302613,           0,-15.65476280725329,                  7,-3.350425533613232,0.005102822183262331, 764.5112284716616,       1.000000000000006,   4.349490644675879,      4.37619509257862,  4.36284286862725,                   1
0.4041289590000003,-18.87269922533153,-17.95088383944047,-18.16845707670954,     -19.00753935606387,-12.50060670272962,    -20.18300142099122,           0, -15.6547396376831,                  7,-3.365131314695857,0.005102822183262331, 764.5112284716619,       1.000000000000006,   4.349490644675879,      4.37619509257862,  4.36284286862725,                   1
0.4042979950000003,-18.87241183590189,-17.95086197020376,-18.16841650650833,     -19.01067871939597,-12.50209128498444,    -20.18554454204454,           0, -15.6547100415618,                  7,-3.380726432163103,0.005102822183262331, 764.5112284716622,       1.000000000000007,   4.349490644675879,      4.37619509257862,  4.36284286862725,                   1
0.4035655420000008,-18.87227115883635,-17.95085868626907,-18.16837761343006,     -19.00909160117398,-12.49954204767428,    -20.18605750077111,           0,-15.65469586511919,                  7, -3.36417777831421,0.005102822183262331, 764.5112284716624,       1.000000000000007,   4.349490644675879,      4.37619509257862,  4.36284286862725,                   1
0.4042101840000001,-18.87204984009731,-17.95084143657923,-18.16839618097002,     -19.00809640112347, -12.5047688532353,    -20.18048523904095,           0,-15.65468601333615,                  7,-3.401370717092975,0.005102822183262331, 764.5112284716629,       1.000000000000008,   4.349490644675879,      4.37619509257862,  4.36284286862725,                   1
 0.404291842000001,-18.87188652568788,-17.95080845477568,-18.16836255060871,     -19.00756026146081,-12.50080743889454,    -20.17892088672645,           0,-15.65465150274061,                  7,-3.328850708388516,0.005102822183262331,  764.511228471663,       1.000000000000008,   4.349490644675879,      4.37619509257862,  4.36284286862725,                   1
0.4059081189999993,-18.87151242803184,-17.95078129529479,-18.16832448705723,     -19.00866814245223,-12.49951536667042,    -20.18175485196296,           0, -15.6546178305589,                  7,-3.354014478241435,0.005102822183262331, 764.5112284716631,       1.000000000000008,   4.349490644675879,      4.37619509257862,  4.36284286862725,                   1
0.4043348739999999,-18.87124277884482,-17.95076213907763,-18.16829816424847,     -19.00848148790444,-12.49863521406625,    -20.17515194528153,           0,  -15.654594156257,                  7,-3.349180251170878,0.005102822183262331, 764.5112284716635,       1.000000000000009,   4.349490644675879,      4.37619509257862,  4.36284286862725,                   1
0.4039932850000003,-18.87115203301119,-17.95075803798347,-18.16827749647723,     -19.00556874846941,-12.49592970761272,    -20.18098698398337,           0,-15.65458474724041,                  7,-3.390201729447721,0.005102822183262331, 764.5112284716639,       1.000000000000009,   4.349490644675879,      4.37619509257862,  4.36284286862725,                   1
0.4040244340000001, -18.8706390838549,-17.95076982497756,-18.16825308250641,      -19.0044838568421,-12.50168082339471,    -20.18240393550048,           0,-15.65458142556143,                  7,-3.335742107481819,0.005102822183262331, 764.5112284716644,        1.00000000000001,   4.349490644675879,      4.37619509257862,  4.36284286862725,                   1
0.4045555490000012,-18.87052020049826,-17.95073720539072,-18.16821672273404,      -19.0078365131583,-12.50212404083713,    -20.17762113139427,           0,-15.65454690863073,                  7,-3.346604832168593,0.005102822183262331, 764.5112284716646,        1.00000000000001,   4.349490644675879,      4.37619509257862,  4.36284286862725,                   1
0.4037763759999997,-18.87033871480671,-17.95072573210722,-18.16819645796348,     -19.00360381034097,-12.50255106671051,    -20.18037683807519,           0,-15.65453131740012,                  7,-3.344286586164702,0.005102822183262331, 764.5112284716649,       1.000000000000011,   4.349490644675879,      4.37619509257862,  4.36284286862725,                   1
0.4041409579999993,-18.86992715443826, -17.9506963219077,-18.16818692563759,     -19.00324838740345,-12.49953502796169,    -20.18707268834764,           0,-15.65450318304001,                  7,-3.342039746314738,0.005102822183262331, 764.5112284716652,       1.000000000000011,   4.349490644675879,      4.37619509257862,  4.36284286862725,                   1
0.4068027819999998,-18.86988194254885,-17.95066405449533,-18.16812834498248,     -19.00669926342565,-12.50113479268282,    -20.18526380846997,           0,-15.65446378509007,                  7,-3.349865965642578,0.005102822183262331, 764.5112284716654,       1.000000000000011,   4.349490644675879,      4.37619509257862,  4.36284286862725,                   1
0.4045396769999989,-18.86962630684021,-17.95064804561143,-18.16812637479369,     -19.00950958058126,-12.50561928474872,    -20.18758858686136,           0,-15.65444899107986,                  7,-3.326408841566733,0.005102822183262332, 764.5112284716656,       1.000000000000012,   4.349490644675879,      4.37619509257862,  4.36284286862725,                   1
0.4046866299999987,-18.86942392203721,-17.95062547834197,-18.16809316317677,     -19.00902917052534,-12.50236360272545,    -20.18197089775392,           0,-15.65442170373964,                  7,-3.374771626195076,0.005102822183262331, 764.5112284716658,       1.000000000000012,   4.349490644675879,      4.37619509257862,  4.36284286862725,                   1
       0.402116844,-18.86915359973679,-17.95060942845443,-18.16806456341211,     -19.00612611419823,-12.50211661777181,    -20.18288401401596,           0,-15.65439964174151,                  6,-3.004367601802134,0.005102822183262332, 764.5112284716663,       1.000000000000012,   4.349490644675879,      4.37619509257862,  4.36284286862725,                   1
       0.403928617,-18.86892750285465,-17.95059275607356,-18.16803628914854,     -19.00429937661234,-12.50271797705333,    -20.18688010007599,           0,-15.65437767884942,                  7,-3.359824563082791,0.005102822183262332, 764.5112284716663,       1.000000000000012,   4.349490644675879,      4.37619509257862,  4.36284286862725,                   1
0.4036830340000002,-18.86848958278625,-17.95057435581075,-18.16801345825536,      -19.0084064120181,-12.50467642067785,    -20.18651569920089,           0,-15.65435367479299,                  7,-3.359019217317817,0.005102822183262331, 764.5112284716666,       1.000000000000013,   4.349490644675879,      4.37619509257862,  4.36284286862725,                   1
0.4048756030000007,-18.86822589075371,-17.95053201722035,-18.16798467957644,     -19.00758217793013,-12.50369075479011,    -20.18721486526881,           0,-15.65431260215397,                  7,-3.369377857397579,0.005102822183262332, 764.5112284716668,       1.000000000000013,   4.349490644675879,      4.37619509257862,  4.36284286862725,                   1
0.4035077450000024,-18.86812619345111,-17.95051293523317,-18.16794826176045,      -19.0112040675935,-12.50371937891536,    -20.18510425141306,           0,-15.65428805941871,                  7,-3.358034641539513,0.005102822183262332, 764.5112284716673,       1.000000000000014,   4.349490644675879,      4.37619509257862,  4.36284286862725,                   1
 0.404196792999997,-18.86764379174742,-17.95048739180642,-18.16791894791567,     -19.01037500355475,-12.50586109722189,    -20.18605048043528,           0,-15.65425667756048,                  7,-3.356570916960453,0.005102822183262332, 764.5112284716677,       1.000000000000014,   4.349490644675879,      4.37619509257862,  4.36284286862725,                   1
0.4040343499999999,-18.86746086527035,-17.95048931358635, -18.1679036498781,      -19.0073526721169,-12.50877204255228,    -20.18834890226609,           0, -15.6542520620008,                  7,-3.377593307138629,0.005102822183262332, 764.5112284716679,       1.000000000000014,   4.349490644675879,      4.37619509257862,  4.36284286862725,                   1
0.4051304729999998,-18.86702038646785,-17.95044194315771,-18.16787984500557,     -19.00952438896433,-12.50290144975611,    -20.18408581052755,           0,-15.65420678334432,                  7,-3.330352804871034,0.005102822183262331, 764.5112284716681,       1.000000000000015,   4.349490644675879,      4.37619509257862,  4.36284286862725,                   1
0.4036485760000019,-18.86674340559977,-17.95042485753087,-18.16783565195264,     -19.00858883524607,-12.50817847447666,    -20.18518541709623,           0,-15.65417972876289,                  7,-3.326503150454057,0.005102822183262332, 764.5112284716686,       1.000000000000015,   4.349490644675879,      4.37619509257862,  4.36284286862725,                   1
0.4040356110000012,-18.86632154134258,-17.95037896364686,-18.16780884772965,     -19.00671429211438,-12.50556504485979,    -20.18666753456338,           0,-15.65413490694412,                  7,-3.347090251654715,0.005102822183262332, 764.5112284716683,       1.000000000000015,   4.349490644675879,      4.37619509257862,  4.36284286862725,                   1
 0.403988089000002,-18.86601804731684, -17.9503532145559,-18.16776941417836,     -19.01230912200895,-12.50886156335943,    -20.18226153008723,           0,-15.65410255884391,                  7,-3.341581331434095,0.005102822183262332, 764.5112284716689,       1.000000000000016,   4.349490644675879,      4.37619509257862,  4.36284286862725,                   1
0.4037832640000012,-18.86551144103202, -17.9502995005229,-18.16776069431552,      -19.0079379006686,-12.51076366702981,    -20.17921664895285,           0,-15.65405596776391,                  7,-3.332623249087471,0.005102822183262332, 764.5112284716691,       1.000000000000016,   4.349490644675879,      4.37619509257862,  4.36284286862725,                   1
0.4036738729999989,-18.86523200796693, -17.9502470856091,-18.16773123688973,     -19.00632882626746,-12.50391253517607,    -20.18232370206819,           0,-15.65400722593446,                  7,-3.347709320650243,0.005102822183262332, 764.5112284716696,       1.000000000000017,   4.349490644675879,      4.37619509257862,  4.36284286862725,                   1
0.4036682519999992,-18.86486303147076,-17.95025124767549,-18.16769428845767,      -19.0074670706884,-12.50650477357345,    -20.18278898792255,           0,-15.65399646490188,                  7,-3.356106368422616,0.005102822183262332, 764.5112284716699,       1.000000000000017,   4.349490644675879,      4.37619509257862,  4.36284286862725,                   1
0.4043045989999996,-18.86446345828155,-17.95021608725937,-18.16766082704026,     -19.01249698288582,-12.50744305921119,    -20.18309299892147,           0,-15.65395784620195,                  7,-3.393894817448836,0.005102822183262332, 764.5112284716701,       1.000000000000017,   4.349490644675879,      4.37619509257862,  4.36284286862725,                   1
0.4042018110000001, -18.8640718876374,-17.95019403387013,-18.16764083790651,     -19.01559618700616, -12.5071420167128,     -20.1798347898596,           0,-15.65393237018735,                  7,-3.353980786994307,0.005102822183262332, 764.5112284716705,       1.000000000000018,   4.349490644675879,      4.37619509257862,  4.36284286862725,                   1
0.4044131470000032,-18.86388446283994,-17.95017692106433,-18.16759638512966,     -19.01116643581759,-12.50670275997352,    -20.19041792495037,           0,-15.65390615804985,                  7,-3.319422007439942,0.005102822183262332, 764.5112284716705,       1.000000000000018,   4.349490644675879,      4.37619509257862,  4.36284286862725,                   1
0.4039216400000001,-18.86351694043894,-17.95011749217267,-18.16755227736962,     -19.01110286399912,-12.50641147776524,    -20.18715766577762,           0,-15.65384748266882,                  7,-3.356779896364077,0.005102822183262333, 764.5112284716707,       1.000000000000018,   4.349490644675879,      4.37619509257862,  4.36284286862725,                   1
0.4042068589999985,-18.86337776483023,-17.95008473985047,-18.16753668071535,     -19.01886532159927,-12.50798649835246,    -20.19156081834079,           0, -15.6538181424334,                  7,-3.346142459822644,0.005102822183262333, 764.5112284716713,       1.000000000000019,   4.349490644675879,      4.37619509257862,  4.36284286862725,                   1
0.4044178360000004,-18.86276990937592,-17.95004397665723,-18.16750222833496,     -19.01506277423393,-12.51016736758419,    -20.18817887203594,           0,-15.65377293238388,                  7,-3.351955521918911,0.005102822183262332, 764.5112284716713,       1.000000000000019,   4.349490644675879,      4.37619509257862,  4.36284286862725,                   1
0.4047757149999995,-18.86238155451827,-17.95002352689188,-18.16745959436999,     -19.01319591412901,-12.50951809345924,    -20.18656798298811,           0,-15.65374260545525,                  7,-3.356920962049209,0.005102822183262332, 764.5112284716719,        1.00000000000002,   4.349490644675879,      4.37619509257862,  4.36284286862725,                   1
0.4043671169999996,-18.86211476178315,-17.94997475744655,-18.16743286593684,     -19.01094306634045, -12.5105234444112,       -20.18737637132,           0,-15.65369733101939,                  7,-3.358839220477588,0.005102822183262332, 764.5112284716718,        1.00000000000002,   4.349490644675879,      4.37619509257862,  4.36284286862725,                   1
0.4042065179999987, -18.8616245437948,-17.94993801406128,-18.16742000087746,     -19.01579168420517,-12.51076269397217,    -20.18993981722534,           0,-15.65366201123054,                  7,-3.333359182476088,0.005102822183262332, 764.5112284716726,        1.00000000000002,   4.349490644675879,      4.37619509257862,  4.36284286862725,                   1
0.4038565919999968,-18.86131538242256,-17.94989677727936,-18.16738736672087,     -19.01347769585708,-12.50695478045386,     -20.1871684441977,           0,-15.65362014759482,                  7,-3.353612632576101,0.005102822183262332, 764.5112284716726,        1.00000000000002,   4.349490644675879,      4.37619509257862,  4.36284286862725,                   1
0.4037592750000023,-18.86086670603333,-17.94983721621183,-18.16735340629549,     -19.01397739089571,-12.50703254825208,    -20.18537082419706,           0,-15.65356315185488,                  7,-3.350016012086155,0.005102822183262333, 764.5112284716726,        1.00000000000002,   4.349490644675879,      4.37619509257862,  4.36284286862725,                   1
0.4583052840000015,-18.86044941078089,-17.94979266018949,-18.16733499682841,     -19.01221997059692,-12.50742803797803,    -20.18612106326525,           9,-3.266436065770715,                  7,-3.370282740762614,0.005102822183262396, 764.5112284716729,       1.000000000000021,   4.349490644676113,      4.37619509257885, 4.362842868627482,   1.000000000000053
0.4040172520000027,-18.90238011443475,-17.96158040465693,-18.16842572567114,     -19.01360999133293,-12.50689698368395,    -20.18182903787293,           0,-15.66271912979399,                  7,-3.402360004477199,0.005102822183262396,  764.511228471673,       1.000000000000021,   4.349490644676113,      4.37619509257885, 4.362842868627482,   1.000000000000053
0.4039035109999993, -18.9019244874851,-17.96148506724552,-18.16837898193304,     -19.01295826215748,-12.50705583299608,    -20.18941004374431,           0,-15.66263380560871,                  7,-3.338461530507779,0.005102822183262396, 764.5112284716733,       1.000000000000022,   4.349490644676113,      4.37619509257885, 4.362842868627482,   1.000000000000053
0.4041553179999973,-18.90111839594311,-17.96139700937977, -18.1683451492717,     -19.01303353201582,-12.51065423622809,    -20.18704739931341,           0,-15.66255393207887,                  7,-3.353495933497013,0.005102822183262396, 764.5112284716732,       1.000000000000021,   4.349490644676113,      4.37619509257885, 4.362842868627482,   1.000000000000053
0.4041289260000021,-18.90059678653626, -17.9613252503296,-18.16832828145712,     -19.01627198848094,-12.51164877162635,    -20.18363014779688,           0,-15.66249305272556,                  7,-3.330422250226714,0.005102822183262396, 764.5112284716736,       1.000000000000022,   4.349490644676113,      4.37619509257885, 4.362842868627482,   1.000000000000053
0.4037266300000013, -18.9001039898929,-17.96124668528661,-18.16828779255309,     -19.01023278160624, -12.5088657260069,    -20.18441290191625,           0,-15.66242105947157,                  7,-3.360595193886206,0.005102822183262396, 764.5112284716736,       1.000000000000022,   4.349490644676113,      4.37619509257885, 4.362842868627482,   1.000000000000053
0.4051081429999996,-18.89989613124632,-17.96117231043296,-18.16826597224436,     -19.01097963319131,-12.51187206242077,    -20.18418864721516,           0,-15.66235989973968,                  7,-3.355298427716278,0.005102822183262395, 764.5112284716739,       1.000000000000022,   4.349490644676113,      4.37619509257885, 4.362842868627482,   1.000000000000053
0.4039920310000014,-18.89949981030236,-17.96111077050893,-18.16825074843702,     -19.01106263698968,-12.51296282240036,     -20.1849299088926,           0,-15.66230794233248,                  7,-3.339215469934547,0.005102822183262396,  764.511228471674,       1.000000000000022,   4.349490644676113,      4.37619509257885, 4.362842868627482,   1.000000000000053
0.4041765370000014,-18.89912032666969, -17.9610579379178,-18.16823768524256,     -19.01286226060267,-12.51115332819462,     -20.1840681898526,           0,-15.66226295932724,                  7,-3.351906971530109,0.005102822183262396, 764.5112284716745,       1.000000000000023,   4.349490644676113,      4.37619509257885, 4.362842868627482,   1.000000000000053
0.4039713499999991,-18.89901413932285,-17.96099801362645,-18.16821571553142,     -19.01208690556842,-12.51012590528335,    -20.18859881078157,           0,-15.66221304762827,                  7, -3.34166940882843,0.005102822183262396, 764.5112284716751,       1.000000000000024,   4.349490644676113,      4.37619509257885, 4.362842868627482,   1.000000000000053
0.4043646890000012,-18.89867963307687,-17.96096902855456,-18.16818400499845,       -19.015676445523,-12.50979217947834,    -20.18860272964941,           0,-15.66218040343759,                  7,-3.359698072717003,0.005102822183262396, 764.5112284716749,       1.000000000000024,   4.349490644676113,      4.37619509257885, 4.362842868627482,   1.000000000000053
0.4038429820000005,-18.89841771188354,-17.96094432391064,-18.16816680564891,     -19.01794655529297,-12.51051554657896,    -20.18117691210868,           0,-15.66215550444718,                  7,-3.361928988720501,0.005102822183262396, 764.5112284716752,       1.000000000000024,   4.349490644676113,      4.37619509257885, 4.362842868627482,   1.000000000000053
0.4035799349999998,   -18.89829261814,-17.96090841452191,-18.16815924564934,     -19.01216913803104,-12.50823223863834,    -20.18078434828639,           0,-15.66212655051005,                  7,-3.355157852914727,0.005102822183262396, 764.5112284716756,       1.000000000000025,   4.349490644676113,      4.37619509257885, 4.362842868627482,   1.000000000000053
0.4038002689999978,-18.89791719021506,-17.96085885809599,-18.16815245244065,     -19.01312992192505,-12.50940241294988,    -20.18170664997684,           0,-15.66208565608878,                  7,-3.372414265926491,0.005102822183262396, 764.5112284716756,       1.000000000000025,   4.349490644676113,      4.37619509257885, 4.362842868627482,   1.000000000000053
0.4037309260000015,-18.89773837905835,-17.96082742699393,-18.16815113095138,     -19.01541516601158,-12.51042367144868,    -20.18598970144592,           0, -15.6620611048547,                  7,-3.384302447309466,0.005102822183262396, 764.5112284716758,       1.000000000000025,   4.349490644676113,      4.37619509257885, 4.362842868627482,   1.000000000000053
0.4039282049999997,-18.89764575510397, -17.9607948875625,-18.16811685241106,     -19.01855679079478,-12.51353572251539,    -20.18772717946404,           0,-15.66202751204228,                  7,-3.367862681543544,0.005102822183262396, 764.5112284716763,       1.000000000000026,   4.349490644676113,      4.37619509257885, 4.362842868627482,   1.000000000000053
0.4038827680000026,-18.89736747557895,-17.96075133224905,-18.16811663785868,     -19.01756439010934,-12.51220355756598,     -20.1818942651155,           0,-15.66199363978265,                  7,-3.355872936801422,0.005102822183262396, 764.5112284716762,       1.000000000000025,   4.349490644676113,      4.37619509257885, 4.362842868627482,   1.000000000000053
0.4036006130000018,-18.89716879438587,-17.96071674712524,-18.16810235794265,     -19.02072694286933,-12.51354648849223,    -20.18372888698045,           0,-15.66196307100561,                  7,   -3.340592903918,0.005102822183262396, 764.5112284716763,       1.000000000000026,   4.349490644676113,      4.37619509257885, 4.362842868627482,   1.000000000000053
0.4037769119999979,-18.89709049685906,-17.96068737902177,-18.16809208951683,     -19.01918400272731,-12.51495748240426,    -20.18441323254832,           0,-15.66193849013817,                  7,-3.370289292135848,0.005102822183262396, 764.5112284716764,       1.000000000000026,   4.349490644676113,      4.37619509257885, 4.362842868627482,   1.000000000000053
0.4036186980000025,-18.89694132154489,-17.96065415398077, -18.1680865017638,     -19.01425000849173,-12.51145841385982,    -20.18321259547612,           0,-15.66191175842384,                  7,-3.402808902786366,0.005102822183262395, 764.5112284716768,       1.000000000000026,   4.349490644676113,      4.37619509257885, 4.362842868627482,   1.000000000000053
0.4034608230000032,-18.89689579950557,-17.96063515608573,-18.16805524156365,     -19.01765186387814,-12.51247391763525,     -20.1845079492215,           0,-15.66188913191001,                  7,-3.370488487515514,0.005102822183262395, 764.5112284716769,       1.000000000000026,   4.349490644676113,      4.37619509257885, 4.362842868627482,   1.000000000000053
0.4041187910000019,-18.89674366129265,-17.96062881780449,-18.16806813893274,     -19.01644707659393,-12.51265752363362,    -20.18741610420944,           0,-15.66188668754469,                  7,-3.328281521618679,0.005102822183262396, 764.5112284716773,       1.000000000000027,   4.349490644676113,      4.37619509257885, 4.362842868627482,   1.000000000000053
0.4036052610000027, -18.8966216511987,-17.96060525101552,-18.16806326298338,     -19.01894194763823,-12.51444795675472,    -20.18783648983526,           0,-15.66186731827633,                  7,-3.348696449251635,0.005102822183262396, 764.5112284716774,       1.000000000000027,   4.349490644676113,      4.37619509257885, 4.362842868627482,   1.000000000000053
0.4043180650000053,-18.89644529850445, -17.9605955728428,-18.16805553525418,     -19.01340132818943,-12.51453784475511,    -20.18834293541229,           0,-15.66185657546237,                  7, -3.37825654224018,0.005102822183262396, 764.5112284716776,       1.000000000000027,   4.349490644676113,      4.37619509257885, 4.362842868627482,   1.000000000000053
0.4052290220000003, -18.8963208179964,-17.96057736312563,-18.16803321542716,     -19.01766727394049,-12.51559642425156,    -20.18671944023851,           0,-15.66183621331616,                  7,-3.371187890533592,0.005102822183262396, 764.5112284716777,       1.000000000000027,   4.349490644676113,      4.37619509257885, 4.362842868627482,   1.000000000000053
0.4037746670000004,-18.89629438348982,-17.96057481252931,-18.16804130902029,     -19.01713308822316,-12.51083477164799,    -20.18216399370018,           0,-15.66183636158634,                  7,-3.353077741934349,0.005102822183262396,  764.511228471678,       1.000000000000028,   4.349490644676113,      4.37619509257885, 4.362842868627482,   1.000000000000053
0.4041158140000007,-18.89624283591814,-17.96054887357099, -18.1680244685263,     -19.01786790911673,-12.51306466845562,    -20.18872247678515,           0,-15.66181267951823,                  7,-3.400313824870373,0.005102822183262396, 764.5112284716778,       1.000000000000027,   4.349490644676113,      4.37619509257885, 4.362842868627482,   1.000000000000053
0.4040214320000004,-18.89628627173008,-17.96054577497977,-18.16800876644492,     -19.02129986136529,-12.51486611183285,    -20.18482520198495,           0,-15.66180656093661,                  7,-3.364588848733635,0.005102822183262396, 764.5112284716781,       1.000000000000028,   4.349490644676113,      4.37619509257885, 4.362842868627482,   1.000000000000053
 0.403882252999999,-18.89603303503761,-17.96053381193668,-18.16800472141062,     -19.02222149645785, -12.5150129018457,    -20.18745864255373,           0,-15.66179445502117,                  7,-3.355127720739536,0.005102822183262396, 764.5112284716782,       1.000000000000028,   4.349490644676113,      4.37619509257885, 4.362842868627482,   1.000000000000053
0.4039306259999975,-18.89593510043724,-17.96051701569303,  -18.167975053008,     -19.01894739934692,-12.51477685712848,    -20.18831848991121,           0,-15.66177333613618,                  7,-3.363879009843933,0.005102822183262396, 764.5112284716788,       1.000000000000029,   4.349490644676113,      4.37619509257885, 4.362842868627482,   1.000000000000053
0.4040883300000004, -18.8957432132325,-17.96051215219392,-18.16798837761451,     -19.02143332811943, -12.5176448352301,    -20.18699734421337,           0,-15.66177167475434,                  7,-3.362312019792155,0.005102822183262396, 764.5112284716789,       1.000000000000029,   4.349490644676113,      4.37619509257885, 4.362842868627482,   1.000000000000053
0.4042210060000002,-18.89583853761942,-17.96050663192788,-18.16798904723275,     -19.02071391351421,-12.51777658820688,    -20.18919484400176,           0,-15.66176882911711,                  7,-3.343163664387551,0.005102822183262396, 764.5112284716789,       1.000000000000029,   4.349490644676113,      4.37619509257885, 4.362842868627482,   1.000000000000053
0.4038177279999999,-18.89560034842384,-17.96051141140877,-18.16797425500136,      -19.0208354307196, -12.5204541380566,    -20.19125848148041,           0,-15.66176588216824,                  7,-3.352964574161663,0.005102822183262396,  764.511228471679,       1.000000000000029,   4.349490644676113,      4.37619509257885, 4.362842868627482,   1.000000000000053
0.4038898360000047,-18.89562271247928,-17.96048084415164,-18.16798468103745,     -19.01275647545989,-12.52187977682281,    -20.18964883808329,           0,-15.66174710268986,                  7,-3.359485522698667,0.005102822183262396, 764.5112284716794,        1.00000000000003,   4.349490644676113,      4.37619509257885, 4.362842868627482,   1.000000000000053
0.4038099119999998,-18.89550486153793,-17.96050572506811,-18.16798360799747,     -19.01855965986598,-12.52148439060869,    -20.18476271896745,           0,-15.66176346709747,                  7,-3.351811076373415,0.005102822183262396, 764.5112284716794,        1.00000000000003,   4.349490644676113,      4.37619509257885, 4.362842868627482,   1.000000000000053
0.4038164540000011,-18.89553305556641, -17.9605030923075,-18.16797080245482,     -19.02142216391696, -12.5203853055934,     -20.1843573099556,           0,-15.66175833310469,                  7, -3.33638985021667,0.005102822183262396, 764.5112284716798,        1.00000000000003,   4.349490644676113,      4.37619509257885, 4.362842868627482,   1.000000000000053
0.4038050919999989,-18.89557170360501,-17.96049903784319,-18.16795557925499,     -19.02138151713166,-12.51831905705869,    -20.18747228187976,           0, -15.6617516177951,                  7,-3.357082294761545,0.005102822183262396, 764.5112284716796,        1.00000000000003,   4.349490644676113,      4.37619509257885, 4.362842868627482,   1.000000000000053
0.4039283090000012, -18.8955487031963,-17.96049389898202,-18.16795205974647,     -19.01553457954444,-12.51590216607946,    -20.19109131323608,           0,-15.66174675217807,                  7,-3.358202261306106,0.005102822183262396, 764.5112284716798,        1.00000000000003,   4.349490644676113,      4.37619509257885, 4.362842868627482,   1.000000000000053
0.4039411939999979,-18.89556870354243,-17.96049953187758,-18.16795776806892,     -19.01903851738446,  -12.519414692211,    -20.18578256837669,           0,-15.66175254440572,                  7,-3.372317423247771,0.005102822183262396, 764.5112284716801,        1.00000000000003,   4.349490644676113,      4.37619509257885, 4.362842868627482,   1.000000000000053
0.4042194000000023,-18.89552205853632,-17.96049501869609,-18.16795342709663,     -19.02134520421508,-12.51391960394388,    -20.18516013665019,           0,-15.66174767219764,                  7,-3.367670252917601,0.005102822183262396, 764.5112284716803,       1.000000000000031,   4.349490644676113,      4.37619509257885, 4.362842868627482,   1.000000000000053
0.4036569249999999,-18.89565934617716,-17.96052141702373,-18.16795345435447,     -19.02096918958872,-12.51600530790409,    -20.18874551943278,           0,-15.66176788433378,                  7,-3.337133933898766,0.005102822183262396, 764.5112284716806,       1.000000000000031,   4.349490644676113,      4.37619509257885, 4.362842868627482,   1.000000000000053
0.4035624929999955,-18.89552797280496,-17.96052077035041,-18.16794299456428,     -19.01917542289277,-12.51714312981386,    -20.19385163770728,           0,-15.66176327674461,                  7,-3.375042495886278,0.005102822183262396, 764.5112284716805,       1.000000000000031,   4.349490644676113,      4.37619509257885, 4.362842868627482,   1.000000000000053
0.4044184529999981,-18.89537335351688,-17.96052572574324,-18.16794603144582,     -19.02134898312342,-12.52353304756183,    -20.18902100019483,           0,-15.66176616420605,                  7,-3.363467836607303,0.005102822183262396, 764.5112284716807,       1.000000000000031,   4.349490644676113,      4.37619509257885, 4.362842868627482,   1.000000000000053
0.4039432769999962,-18.89528464941042,-17.96053586889573,-18.16794019896156,     -19.02656379248067,-12.51802888866402,    -20.18890720076162,           0,-15.66177095693017,                  7,-3.364734775778399,0.005102822183262396, 764.5112284716812,       1.000000000000032,   4.349490644676113,      4.37619509257885, 4.362842868627482,   1.000000000000053
0.4040622070000026,-18.89545077491287,-17.96054485370665, -18.1679511960959,      -19.0227136734483,-12.52028536009401,    -20.19305403587373,           0,-15.66178201268393,                  7,-3.366202021140805,0.005102822183262396, 764.5112284716814,       1.000000000000032,   4.349490644676113,      4.37619509257885, 4.362842868627482,   1.000000000000053
0.4039863789999956,-18.89551964873107,-17.96055704821433,-18.16796831302639,     -19.02554436452444,-12.51723660339583,    -20.18729261358452,           0,-15.66179610866744,                  7,-3.364681063493292,0.005102822183262396, 764.5112284716819,       1.000000000000033,   4.349490644676113,      4.37619509257885, 4.362842868627482,   1.000000000000053
0.4040519549999999,-18.89540807821763,-17.96055203210775,-18.16795912390339,     -19.02391202282681,-12.52026208086759,    -20.18755986725843,           0,-15.66178891586608,                  7,-3.341428605733394,0.005102822183262396, 764.5112284716821,       1.000000000000033,   4.349490644676113,      4.37619509257885, 4.362842868627482,   1.000000000000053
0.4036657299999931,-18.89534728302776,-17.96056261260214,-18.16796596421271,     -19.02610000757218,-12.51972127812729,    -20.18829752760874,           0,-15.66179777801056,                  7,-3.364006472519977,0.005102822183262396, 764.5112284716823,       1.000000000000033,   4.349490644676113,      4.37619509257885, 4.362842868627482,   1.000000000000053
0.4007756270000016, -18.8953035084861, -17.9605730617317,  -18.167983355099,     -19.02257620043034,-12.52049928063431,    -20.18668593145052,           0,-15.66180961358611,                  6,-3.003408708340769,0.005102822183262396, 764.5112284716824,       1.000000000000034,   4.349490644676113,      4.37619509257885, 4.362842868627482,   1.000000000000053
       0.400703858,-18.89517793238811,-17.96055973509063,-18.16797363999122,     -19.02157791513236,-12.51743599396583,    -20.18708536970116,           0,-15.66179619615499,                  6,-3.005384999631403,0.005102822183262396, 764.5112284716826,       1.000000000000034,   4.349490644676113,      4.37619509257885, 4.362842868627482,   1.000000000000053
0.4038383219999986,-18.89538845534003,-17.96057932765864,-18.16798363689959,     -19.02390483420577,-12.52084418864292,    -20.18695765049386,           0,-15.66181499274934,                  7,-3.370443515361959,0.005102822183262396, 764.5112284716828,       1.000000000000034,   4.349490644676113,      4.37619509257885, 4.362842868627482,   1.000000000000053
0.4040081800000053,-18.89530142600857, -17.9606037927838,-18.16798233887588,     -19.02741824039357,-12.52225916042008,    -20.18834996988628,           0,-15.66183129148117,                  7,-3.355110477118523,0.005102822183262396,  764.511228471683,       1.000000000000034,   4.349490644676113,      4.37619509257885, 4.362842868627482,   1.000000000000053
0.4036128669999997,-18.89528146405631,-17.96059675914259,-18.16797818483814,     -19.02148687459857,-12.52257430578379,    -20.18653730662805,           0, -15.6618249253855,                  7, -3.35122351651971,0.005102822183262396, 764.5112284716832,       1.000000000000034,   4.349490644676113,      4.37619509257885, 4.362842868627482,   1.000000000000053
0.4012434769999942,-18.89541850862036,-17.96061159390024,-18.16800381855717,     -19.02311482810267,-12.52049718599231,    -20.19244828317964,           0, -15.6618439122295,                  6,-3.003850861889467,0.005102822183262396, 764.5112284716832,       1.000000000000034,   4.349490644676113,      4.37619509257885, 4.362842868627482,   1.000000000000053
0.4007587229999956,-18.89533195715148,-17.96058624081037,-18.16799071818863,     -19.02246112303686,-12.52209740791722,    -20.19135253884235,           0,-15.66182133978507,                  6,-3.000658822936014,0.005102822183262396, 764.5112284716834,       1.000000000000035,   4.349490644676113,      4.37619509257885, 4.362842868627482,   1.000000000000053
0.4007377619999986,-18.89537281008829,-17.96060929182097, -18.1679968354563,     -19.02241606682487,-12.52781516229558,    -20.19017680411854,           0, -15.6618399029384,                  6,-3.006032905797991,0.005102822183262396, 764.5112284716838,       1.000000000000035,   4.349490644676113,      4.37619509257885, 4.362842868627482,   1.000000000000053
0.4033837939999998,-18.89544428575215,-17.96063725675283,-18.16798340332484,     -19.02710416594347,-12.52324239786709,    -20.18910524480545,           0, -15.6618568953498,                  7,-3.381027166117635,0.005102822183262396, 764.5112284716838,       1.000000000000035,   4.349490644676113,      4.37619509257885, 4.362842868627482,   1.000000000000053
0.4039634419999985,-18.89513476902745,-17.96062185124419,-18.16798131250929,     -19.02228856905771,-12.52316720406927,    -20.19112713541132,           0,-15.66184231260658,                  7,-3.352190578673049,0.005102822183262397, 764.5112284716844,       1.000000000000036,   4.349490644676113,      4.37619509257885, 4.362842868627482,   1.000000000000053
       0.404259433,-18.89528968885406,-17.96064219051728,-18.16800110397423,     -19.02472163361296,-12.52234260399046,    -20.18997276617408,           0,-15.66186380189759,                  7,-3.353636351528141,0.005102822183262396, 764.5112284716846,       1.000000000000036,   4.349490644676113,      4.37619509257885, 4.362842868627482,   1.000000000000053
 0.405000961000006,-18.89527644314261,-17.96065304848561,-18.16799215039328,     -19.01967913931243,-12.52191409112385,    -20.18894073091855,           0,-15.66186897442792,                  7,-3.358422888478062,0.005102822183262397, 764.5112284716847,       1.000000000000036,   4.349490644676113,      4.37619509257885, 4.362842868627482,   1.000000000000053
0.4009492980000005,-18.89532051038493,-17.96066351481252,-18.16799606880008,     -19.02591201752911,-12.51990654641137,    -20.19027856710548,           0,-15.66187796322819,                  6,-3.009946443652043,0.005102822183262396, 764.5112284716849,       1.000000000000037,   4.349490644676113,      4.37619509257885, 4.362842868627482,   1.000000000000053
0.4037203410000032,-18.89535680681143,-17.96066845457348,-18.16799126378094,     -19.02628924910896,-12.52201598754404,    -20.19024114029711,           0,-15.66188052377514,                  7,-3.357720375239661,0.005102822183262397, 764.5112284716851,       1.000000000000037,   4.349490644676113,      4.37619509257885, 4.362842868627482,   1.000000000000053
0.4037799159999977,-18.89530715347396,-17.96067544348203,-18.16801596263424,     -19.02801181841382,-12.52274309769491,    -20.18658923285071,           0,-15.66189183984171,                  7,-3.356446484629021,0.005102822183262396, 764.5112284716855,       1.000000000000038,   4.349490644676113,      4.37619509257885, 4.362842868627482,   1.000000000000053
0.4009388869999952,-18.89529802211018,-17.96066860270645,-18.16799791013769,     -19.02544826991502,-12.52484409324445,    -20.18734075237847,           0,-15.66188189110227,                  6,-3.000795255156926,0.005102822183262397, 764.5112284716855,       1.000000000000038,   4.349490644676113,      4.37619509257885, 4.362842868627482,   1.000000000000053
0.4042231199999975,-18.89526178976202,-17.96068206446636,-18.16802357491004,     -19.02631917927508,-12.52422956942561,    -20.18967546912321,           0,-15.66189823127099,                  7,-3.365921166232638,0.005102822183262396, 764.5112284716856,       1.000000000000038,   4.349490644676113,      4.37619509257885, 4.362842868627482,   1.000000000000053
0.4010561730000006,-18.89511933792635,-17.96069616838835,-18.16800963954289,      -19.0238920707925,-12.52569253594672,    -20.19334611964432,           0, -15.6619031040595,                  6,-3.004360682076458,0.005102822183262397,  764.511228471686,       1.000000000000038,   4.349490644676113,      4.37619509257885, 4.362842868627482,   1.000000000000053
0.4008945810000029,-18.89528988904356,-17.96068127516082, -18.1680130570087,     -19.02444776142509,-12.52460391460134,    -20.19202104657763,           0,-15.66189504355454,                  6,-3.007758581218996,0.005102822183262397, 764.5112284716863,       1.000000000000038,   4.349490644676113,      4.37619509257885, 4.362842868627482,   1.000000000000053
0.4008499850000007,-18.89522901473181,-17.96069941255142, -18.1680187370848,     -19.02937749682987,-12.52717976671575,    -20.19296923090031,           0, -15.6619089885007,                  6,-3.001551883797038,0.005102822183262397, 764.5112284716864,       1.000000000000039,   4.349490644676113,      4.37619509257885, 4.362842868627482,   1.000000000000053
0.4037969869999998, -18.8952285279819, -17.9606763294099,-18.16801666114518,     -19.02860427077307,-12.52833005491203,    -20.19133839849074,           0,-15.66189190573414,                  7,-3.378219970651736,0.005102822183262396, 764.5112284716869,       1.000000000000039,   4.349490644676113,      4.37619509257885, 4.362842868627482,   1.000000000000053
0.4036910440000057,-18.89508073502167,-17.96067581056499,-18.16802902614346,     -19.02557938534095,-12.53104695905778,    -20.18877633492164,           0, -15.6618935086709,                  7, -3.35938333857389,0.005102822183262397,  764.511228471687,       1.000000000000039,   4.349490644676113,      4.37619509257885, 4.362842868627482,   1.000000000000053
0.4039391399999985,-18.89500377320909,-17.96069999943672,-18.16804351846327,     -19.01905064486063,-12.52849304377997,     -20.1885144807498,           0,-15.66191405022918,                  7,-3.380937967259785,0.005102822183262398, 764.5112284716872,        1.00000000000004,   4.349490644676113,      4.37619509257885, 4.362842868627482,   1.000000000000053
0.4009037980000016,-18.89483833346697,-17.96068669672999,-18.16803144291626,     -19.02920453942269, -12.5286078530922,    -20.19347594312155,           0,-15.66189961245141,                  6,-3.004458184481412,0.005102822183262396, 764.5112284716872,        1.00000000000004,   4.349490644676113,      4.37619509257885, 4.362842868627482,   1.000000000000053
0.4008925160000061,-18.89492389012931,-17.96072056276509, -18.1680377253094,     -19.03387107054935,-12.52892888922743,       -20.19212369421,           0,-15.66192638713756,                  6,-3.005761408912064,0.005102822183262397, 764.5112284716877,        1.00000000000004,   4.349490644676113,      4.37619509257885, 4.362842868627482,   1.000000000000053
