epoch,learning_rate,validation_loss_Beta_MixFrac
0.0,0.0015848932089284062,0.00028043900965712965
1.0,0.0015683840028941631,0.00011022362014045939
2.0,0.0015520467422902584,0.0001642504648771137
3.0,0.0015358797973021865,4.511758015723899e-05
4.0,0.0015198810724541545,2.9414861273835413e-05
5.0,0.0015040490543469787,2.8579672289197333e-05
6.0,0.0014883819967508316,1.6530273569514975e-05
7.0,0.001472878153435886,2.773041524051223e-05
8.0,0.0014575357781723142,4.1991796024376526e-05
9.0,0.0014423532411456108,0.00019605844863690436
10.0,0.0014273286797106266,0.0004512932791840285
11.0,0.0014124608132988214,2.8647460567299277e-05
12.0,0.0013977477792650461,2.0548175598378293e-05
13.0,0.0013831880642101169,1.2510948181443382e-05
14.0,0.0013687798054888844,9.191107892547734e-06
15.0,0.0013545218389481306,1.2950566997460555e-05
16.0,0.001340412301942706,9.434342246095184e-06
17.0,0.001326449797488749,1.122275716625154e-05
18.0,0.0013126326957717538,7.341788659687154e-06
19.0,0.0012989594833925366,7.89313799032243e-06
20.0,0.0012854287633672357,1.1474642633402254e-05
21.0,0.0012720389058813453,3.633648520917632e-05
22.0,0.0012587886303663254,6.9244483711372595e-06
23.0,0.0012456763070076704,6.343422683130484e-06
24.0,0.0012327005388215184,5.984317795082461e-06
25.0,0.0012198600452393293,6.705194664391456e-06
26.0,0.0012071531964465976,8.334036465384997e-06
27.0,0.0011945788282901049,6.0499592109408695e-06
28.0,0.0011821354273706675,6.296760602708673e-06
29.0,0.0011698215967044234,1.3534287973016035e-05
30.0,0.0011576359393075109,1.3671816304849926e-05
31.0,0.0011455774074420333,5.6348440011788625e-06
32.0,0.0011336442548781633,1.0683472282835282e-05
33.0,0.0011218355502933264,5.7957659009844065e-06
34.0,0.0011101498967036605,6.1109640228096396e-06
35.0,0.0010985858971253037,6.326777565845987e-06
36.0,0.0010871423874050379,1.0889083569054492e-05
37.0,0.001075817970559001,6.338344064715784e-06
38.0,0.0010646117152646184,5.136087111168308e-06
39.0,0.0010535219917073846,1.0022875358117744e-05
40.0,0.001042547868564725,5.1819229156535584e-06
41.0,0.0010316881816834211,7.004968210821971e-06
42.0,0.0010209414176642895,8.102609172055963e-06
43.0,0.0010103066451847553,2.338011108804494e-05
44.0,0.0009997827000916004,8.533320396963973e-06
45.0,0.0009893683018162847,7.100962193362648e-06
46.0,0.0009790625190362334,5.791001058241818e-06
47.0,0.0009688640129752457,4.9481204769108444e-06
48.0,0.0009587717358954251,7.636951522727031e-06
49.0,0.0009487845818512142,6.501409643533407e-06
50.0,0.0009389015031047165,7.3239630182797555e-06
51.0,0.0009291213355027139,5.895119556953432e-06
52.0,0.0009194430313073099,5.2010564104421064e-06
53.0,0.0009098656009882689,7.936561814858578e-06
54.0,0.0009003878221847117,5.206172318139579e-06
55.0,0.0008910088217817247,6.149236924102297e-06
56.0,0.0008817275520414114,5.085006705485284e-06
57.0,0.0008725430234335363,5.273511760606198e-06
58.0,0.0008634540718048811,5.812675226479769e-06
59.0,0.0008544597658328712,5.1834726946253795e-06
60.0,0.0008455592324025929,5.293155936669791e-06
61.0,0.0008367513655684888,5.1109004743921105e-06
62.0,0.0008280352340079844,5.05186517330003e-06
63.0,0.0008194099646061659,5.369593964132946e-06
64.0,0.0008108744514174759,5.050032541475957e-06
65.0,0.0008024278795346618,4.93169227411272e-06
66.0,0.0007940693758428097,5.597495601250557e-06
67.0,0.0007857978343963623,5.629711722576758e-06
68.0,0.0007776124984957278,4.844240720558446e-06
69.0,0.0007695124368183315,5.2340119509608485e-06
70.0,0.0007614967180415988,5.1315519158379175e-06
71.0,0.000753564469050616,4.844828254135791e-06
72.0,0.0007457149331457913,5.582301128015388e-06
73.0,0.0007379470625892282,4.803853244084166e-06
74.0,0.0007302602170966566,5.114267423778074e-06
75.0,0.000722653407137841,5.3787202887178864e-06
76.0,0.0007151258178055286,4.97834344059811e-06
77.0,0.0007076765759848058,4.83076155433082e-06
78.0,0.0007003049831837416,4.7065755097719375e-06
79.0,0.0006930102244950831,5.16927320859395e-06
80.0,0.0006857913685962558,5.847593001817586e-06
81.0,0.0006786477752029896,6.431053861888358e-06
82.0,0.0006715785712003708,4.736129085358698e-06
83.0,0.0006645829998888075,4.730418822873617e-06
84.0,0.0006576603627763689,4.562064077617833e-06
85.0,0.0006508097285404801,4.503035597736016e-06
86.0,0.0006440305151045322,5.7377769735467155e-06
87.0,0.0006373218493536115,4.7126318349910434e-06
88.0,0.0006306831492111087,5.5790178521419875e-06
89.0,0.0006241135997697711,4.665944743464934e-06
90.0,0.0006176124443300068,4.6702634790563025e-06
91.0,0.0006111790426075459,8.120262464217376e-06
92.0,0.0006048126379027963,4.86964609081042e-06
93.0,0.0005985125317238271,7.557445314887445e-06
94.0,0.0005922780255787075,6.297010713751661e-06
95.0,0.0005861085373908281,4.284558144718176e-06
96.0,0.0005800032522529364,6.580540684808511e-06
97.0,0.000573961588088423,4.735048150905641e-06
98.0,0.000567982904613018,4.568094027490588e-06
99.0,0.0005620663869194686,5.587860869127326e-06
100.0,0.0005562116275541484,5.446968771138927e-06
101.0,0.0005504177534021437,6.899157597217709e-06
102.0,0.0005446842988021672,5.088033503852785e-06
103.0,0.0005390105070546269,5.610418156720698e-06
104.0,0.0005333958542905748,5.863632395630702e-06
105.0,0.0005278397002257407,5.65082245884696e-06
106.0,0.0005223413463681936,7.886398634582292e-06
107.0,0.0005169003852643073,4.110265763301868e-06
108.0,0.0005115160020068288,4.559945409710053e-06
109.0,0.0005061877309344709,5.064450306235813e-06
110.0,0.0005009149899706244,4.226119472150458e-06
111.0,0.0004956971970386803,4.131209607294295e-06
112.0,0.0004905337118543684,6.1475607253669295e-06
113.0,0.0004854240105487406,5.663684987666784e-06
114.0,0.0004803675692528486,4.870044904237147e-06
115.0,0.0004753637476824224,4.4116641220171005e-06
116.0,0.0004704120510723442,7.01873614161741e-06
117.0,0.00046551195555366576,4.582327619573334e-06
118.0,0.0004606629372574389,5.8850364439422265e-06
119.0,0.000455864385003224,5.976411102892598e-06
120.0,0.00045111580402590334,4.53420716439723e-06
121.0,0.0004464167286641896,5.0667340474319644e-06
122.0,0.0004417665477376431,6.597515493922401e-06
123.0,0.00043716488289646804,5.974463419988751e-06
124.0,0.0004326110938563943,7.015107257757336e-06
125.0,0.00042810477316379547,6.116301847214345e-06
126.0,0.0004236453678458929,6.464256784965983e-06
127.0,0.00041923238313756883,5.172261353436625e-06
128.0,0.00041486541158519685,6.383148047461873e-06
129.0,0.00041054398752748966,3.846802428597584e-06
130.0,0.0004062674706801772,3.611398142311373e-06
131.0,0.000402035511797294,5.370805865823058e-06
132.0,0.00039784767432138324,3.762670758078457e-06
133.0,0.00039370349259115756,3.859689968521707e-06
134.0,0.0003896024136338383,5.515864359040279e-06
135.0,0.0003855440590996295,4.344845820014598e-06
136.0,0.0003815280506387353,3.8792086343164556e-06
137.0,0.0003775538061745465,4.616528713086154e-06
138.0,0.0003736209764610976,3.5267848943476565e-06
139.0,0.00036972909583710134,3.4529389267845545e-06
140.0,0.0003658778150565922,3.488502215986955e-06
141.0,0.0003620665811467916,5.107929155201418e-06
142.0,0.00035829507396556437,5.024019628763199e-06
143.0,0.00035456291516311467,3.638289626906044e-06
144.0,0.00035086952266283333,4.183344117336674e-06
145.0,0.0003472146636340767,4.194358098175144e-06
146.0,0.00034359784331172705,4.491215349844424e-06
147.0,0.00034001877065747976,3.7093950595590286e-06
148.0,0.0003364768926985562,3.431315690249903e-06
149.0,0.00033297191839665174,3.500797674860223e-06
150.0,0.0003295035567134619,3.619405106292106e-06
151.0,0.00032607122557237744,3.3528626772749703e-06
152.0,0.00032267466303892434,3.7061520288261818e-06
153.0,0.00031931346165947616,3.968189503211761e-06
154.0,0.00031598733039572835,3.7503193652810296e-06
155.0,0.00031269583269022405,3.857554929709295e-06
156.0,0.00030943856108933687,3.8079019759607036e-06
157.0,0.0003062153118662536,3.293731651865528e-06
158.0,0.00030302556115202606,3.5675341223395662e-06
159.0,0.00029986907611601055,3.5673538150149398e-06
160.0,0.00029674542020075023,3.4844370020437054e-06
161.0,0.0002936543896794319,3.5070013382210163e-06
162.0,0.00029059548978693783,3.768232090806123e-06
163.0,0.0002875684585887939,2.9438228921208065e-06
164.0,0.00028457300504669547,3.304060783193563e-06
165.0,0.00028160872170701623,3.2633131468173815e-06
166.0,0.0002786752884276211,3.2663576803315664e-06
167.0,0.0002757724141702056,3.303332277937443e-06
168.0,0.0002728998370002955,2.780363047349965e-06
169.0,0.0002700571494642645,3.0458597848337376e-06
170.0,0.000267244060523808,2.70451982942177e-06
171.0,0.0002644603082444519,2.747708094830159e-06
172.0,0.0002617055142764002,3.1203078378894133e-06
173.0,0.0002589794166851789,3.011522949236678e-06
174.0,0.0002562817244324833,2.9430693757603876e-06
175.0,0.0002536121755838394,2.6371790227130987e-06
176.0,0.0002509703626856208,2.611688159959158e-06
177.0,0.0002483561111148447,2.6695502128859516e-06
178.0,0.00024576912983320653,2.564714122854639e-06
179.0,0.00024320901138707995,2.509709929654491e-06
180.0,0.00024067559570539743,2.4153598587872693e-06
181.0,0.00023816856264602393,2.41814313994837e-06
182.0,0.00023568769393023103,2.4108378511300543e-06
183.0,0.0002332326112082228,2.4801065592328086e-06
184.0,0.00023080311075318605,2.393953536738991e-06
185.0,0.00022839894518256187,2.5684146294224774e-06
186.0,0.00022601979435421526,2.3111167593015125e-06
187.0,0.00022366542543750256,2.331961240997771e-06
188.0,0.00022133557649794966,2.2916185571375536e-06
189.0,0.00021903004380874336,2.2909937342774356e-06
190.0,0.00021674850722774863,2.2257675027503865e-06
191.0,0.00021449069026857615,2.21780510401004e-06
192.0,0.0002122564474120736,2.2260173864196986e-06
193.0,0.000210045458516106,2.2050171537557617e-06
194.0,0.00020785747619811445,2.1916289369983133e-06
195.0,0.0002056923258351162,2.2588205865758937e-06
196.0,0.0002035497163888067,2.2487570277007762e-06
197.0,0.00020142940047662705,2.4232949726865627e-06
198.0,0.00019933120347559452,2.1993689642840764e-06
199.0,0.00019725483434740454,2.266980345666525e-06
200.0,0.0001952001330209896,2.230345671705436e-06
201.0,0.0001931667939061299,2.1665957774530398e-06
202.0,0.0001911546423798427,2.2123465441836743e-06
203.0,0.00018916348926723003,2.181165427828091e-06
204.0,0.00018719304352998734,2.1605192159768194e-06
205.0,0.00018524311599321663,2.1987714262650115e-06
206.0,0.00018331350293010473,2.1525895590457367e-06
207.0,0.00018140401516575366,2.1112223294039723e-06
208.0,0.0001795143907656893,2.0267000309104333e-06
209.0,0.00017764445510692894,2.10704547498608e-06
210.0,0.0001757940190145746,2.0463103282963857e-06
211.0,0.00017396283510606736,2.0112488527956884e-06
212.0,0.00017215072875842452,1.9903691281797364e-06
213.0,0.00017035749624483287,2.047007228611619e-06
214.0,0.00016858296294230968,2.038723778241547e-06
215.0,0.00016682689602021128,1.961814405149198e-06
216.0,0.00016508913540747017,2.0274146663723513e-06
217.0,0.00016336947737727314,1.9358531062607653e-06
218.0,0.000161667718202807,1.980379011001787e-06
219.0,0.0001599836687091738,1.902599592540355e-06
220.0,0.00015831718337722123,1.935915406647837e-06
221.0,0.00015666807303205132,1.9598335256887367e-06
222.0,0.00015503611939493567,1.8892841353590484e-06
223.0,0.00015342116239480674,1.9241929294366855e-06
224.0,0.00015182305651251227,1.887679786705121e-06
225.0,0.00015024156891740859,1.9545193481462775e-06
226.0,0.00014867655409034342,2.0737545582960593e-06
227.0,0.00014712783740833402,1.8378922277406673e-06
228.0,0.00014559528790414333,1.9473750398901757e-06
229.0,0.0001440786727471277,1.867262767518696e-06
230.0,0.0001425778609700501,1.8162691048928536e-06
231.0,0.00014109269250184298,1.7575317770024412e-06
232.0,0.00013962297816760838,1.7708061932353303e-06
233.0,0.00013816857244819403,1.7736308564053616e-06
234.0,0.00013672932982444763,1.7545741002322757e-06
235.0,0.00013530507567338645,1.7123655879913713e-06
236.0,0.00013389564992394298,1.7121393511843053e-06
237.0,0.00013250090705696493,1.6597604144408251e-06
238.0,0.00013112071610521525,1.658973474150116e-06
239.0,0.00012975488789379597,1.6370512412322569e-06
240.0,0.0001284032769035548,1.6197390095840092e-06
241.0,0.00012706573761533946,1.6501293202964007e-06
242.0,0.00012574216816574335,1.6533027746845619e-06
243.0,0.00012443235027603805,1.6323757563441177e-06
244.0,0.00012313618208281696,1.6009950059014955e-06
245.0,0.00012185353261884302,1.6189138705158257e-06
246.0,0.00012058422726113349,1.6152137050085003e-06
247.0,0.00011932814959436655,1.592081048329419e-06
248.0,0.00011808515409938991,1.7232774780495674e-06
249.0,0.00011685511708492413,1.5465437854800257e-06
250.0,0.0001156378784799017,1.566958644616534e-06
251.0,0.00011443331459304318,1.5356260973931057e-06
252.0,0.00011324132356094196,1.5613525192748057e-06
253.0,0.0001120617234846577,1.550492697788286e-06
254.0,0.00011089441977674142,1.5225299421217642e-06
255.0,0.00010973927419399843,1.531266548226995e-06
256.0,0.00010859615576919168,1.5309755099224276e-06
257.0,0.00010746494808699936,1.5332351495089824e-06
258.0,0.00010634556383593008,1.51652841395844e-06
259.0,0.00010523779201321304,1.4912367305441876e-06
260.0,0.00010414157441118732,1.5024301092125825e-06
261.0,0.00010305676551070064,1.491299030931259e-06
262.0,0.0001019832634483464,1.4771542282687733e-06
263.0,0.00010092093725688756,1.475232920711278e-06
264.0,9.986967052100226e-05,1.4541692507918924e-06
265.0,9.8829397757072e-05,1.4583188203687314e-06
266.0,9.77999297901988e-05,1.4554927929566475e-06
267.0,9.678118658484891e-05,1.461447141082317e-06
268.0,9.577304444974288e-05,1.4509757875202922e-06
269.0,9.477541607338935e-05,1.4318831063064863e-06
270.0,9.378817048855126e-05,1.4381726032297593e-06
271.0,9.281121310777962e-05,1.427348138349771e-06
272.0,9.184446389554068e-05,1.4274691011451068e-06
273.0,9.08877482288517e-05,1.4212449741535238e-06
274.0,8.994100062409416e-05,1.4159564898363897e-06
275.0,8.900411921786144e-05,1.4163972537062364e-06
276.0,8.807699487078935e-05,1.4158569001665455e-06
277.0,8.715952571947128e-05,1.4082589814279345e-06
278.0,8.625161717645824e-05,1.4026359167473856e-06
279.0,8.53531964821741e-05,1.4008686548550031e-06
280.0,8.446409628959373e-05,1.4008807056598016e-06
281.0,8.358426566701382e-05,1.3969031442684354e-06
282.0,8.271359547507018e-05,1.3913842167312396e-06
283.0,8.185199840227142e-05,1.3861550769433961e-06
284.0,8.099937258521095e-05,1.3808770518153324e-06
285.0,8.015563798835501e-05,1.378049205413845e-06
286.0,7.932070730021223e-05,1.3732933439314365e-06
287.0,7.849444955354556e-05,1.3678987897947081e-06
288.0,7.767679926473647e-05,1.362400780635653e-06
289.0,7.686766912229359e-05,1.356814550490526e-06
290.0,7.606697181472555e-05,1.353338802800863e-06
291.0,7.527460547862574e-05,1.3465876236296026e-06
292.0,7.449049007846043e-05,1.3404722949417192e-06
293.0,7.371457468252629e-05,1.3356287809074274e-06
294.0,7.294672104762867e-05,1.330421241618751e-06
295.0,7.218685641419142e-05,1.3156056866137078e-06
296.0,7.143491529859602e-05,1.3014443993597524e-06
297.0,7.069079583743587e-05,1.2921611869387561e-06
298.0,6.995443982305005e-05,1.2896214229840552e-06
299.0,6.922574539203197e-05,1.2867717487097252e-06
300.0,6.850466888863593e-05,1.2875233323939028e-06
301.0,6.77910793456249e-05,1.3026295846430003e-06
302.0,6.708492583129555e-05,1.3254793884698302e-06
303.0,6.638612831011415e-05,1.3246469734440325e-06
304.0,6.569460674654692e-05,1.316040538767993e-06
305.0,6.501028838101774e-05,1.3035119081905577e-06
306.0,6.433310045395046e-05,1.2919488199258922e-06
307.0,6.366297748172656e-05,1.276033003705379e-06
308.0,6.299982487689704e-05,1.2634876611627988e-06
309.0,6.234358443180099e-05,1.2631360277737258e-06
310.0,6.169416883494705e-05,1.2487334970501252e-06
311.0,6.10515198786743e-05,1.2428243962858687e-06
312.0,6.041557207936421e-05,1.236865159626177e-06
313.0,5.978624176350422e-05,1.2323062037467025e-06
314.0,5.9163488913327456e-05,1.2278245549168787e-06
315.0,5.854720075149089e-05,1.2234283985890215e-06
316.0,5.793734089820646e-05,1.2194883538541035e-06
317.0,5.733382567996159e-05,1.2151917871960904e-06
318.0,5.673660052707419e-05,1.21250729989697e-06
319.0,5.614559631794691e-05,1.205322178066126e-06
320.0,5.556074756896123e-05,1.2050805935359676e-06
321.0,5.498200698639266e-05,1.1988387313977e-06
322.0,5.4409276344813406e-05,1.1936509736187872e-06
323.0,5.384251562645659e-05,1.1921860050279065e-06
324.0,5.328165934770368e-05,1.185906967293704e-06
325.0,5.2726642024936154e-05,1.1872465393025777e-06
326.0,5.21774054504931e-05,1.1775060784202651e-06
327.0,5.16338950546924e-05,1.1750645398933557e-06
328.0,5.109605990583077e-05,1.1754251545426087e-06
329.0,5.0563809054438025e-05,1.1694505701598246e-06
330.0,5.0037102482747287e-05,1.1706297300406732e-06
331.0,4.951588198309764e-05,1.1581057606235845e-06
332.0,4.900009298580699e-05,1.1586320169953979e-06
333.0,4.848968092119321e-05,1.1607708074734546e-06
334.0,4.798458030563779e-05,1.1546439964149613e-06
335.0,4.7484754759352654e-05,1.1535797739270492e-06
336.0,4.6990120608825237e-05,1.1419792826927733e-06
337.0,4.6500645112246275e-05,1.1442244840509375e-06
338.0,4.601626278599724e-05,1.148069600276358e-06
339.0,4.5536926336353645e-05,1.1413568472562474e-06
340.0,4.5062584831612185e-05,1.136550736191566e-06
341.0,4.4593183702090755e-05,1.1279064437985653e-06
342.0,4.4128686568001285e-05,1.1320911426082603e-06
343.0,4.366901339381002e-05,1.1348381576681277e-06
344.0,4.3214127799728885e-05,1.1283898402325576e-06
345.0,4.276398249203339e-05,1.1217548490094487e-06
346.0,4.231852653902024e-05,1.1139323987663374e-06
347.0,4.187770537100732e-05,1.1178539125467069e-06
348.0,4.144148260820657e-05,1.12046541289601e-06
349.0,4.1009814594872296e-05,1.114904080168344e-06
350.0,4.058262857142836e-05,1.1089206282122177e-06
351.0,4.01598954340443e-05,1.1014000165232574e-06
352.0,3.9741564251016825e-05,1.1034660474251723e-06
353.0,3.9327591366600245e-05,1.1062032854169956e-06
354.0,3.891792948707007e-05,1.1010099569830345e-06
355.0,3.8512531318701804e-05,1.0962041869788663e-06
356.0,3.811137503362261e-05,1.090453906726907e-06
357.0,3.7714380596298724e-05,1.0904711871262407e-06
358.0,3.732152617885731e-05,1.0918025736827985e-06
359.0,3.693275721161626e-05,1.0886021755140973e-06
360.0,3.654804459074512e-05,1.085285475710407e-06
361.0,3.616733738454059e-05,1.0784995083668036e-06
362.0,3.579059193725698e-05,1.0777910119941225e-06
363.0,3.5417786421021447e-05,1.0749618013505824e-06
364.0,3.504885171423666e-05,1.0686718496799585e-06
365.0,3.468376235105097e-05,1.0662146223694435e-06
366.0,3.432247103773989e-05,1.0641815606504679e-06
367.0,3.396494867047295e-05,1.0647428325682995e-06
368.0,3.361114431754686e-05,1.061512307387602e-06
369.0,3.326102887513116e-05,1.0663211469363887e-06
370.0,3.2914573239395395e-05,1.0684133258109796e-06
371.0,3.2571711926721036e-05,1.0655096502887318e-06
372.0,3.223242674721405e-05,1.0682716720111785e-06
373.0,3.189667040714994e-05,1.0662018894436187e-06
374.0,3.1564413802698255e-05,1.068697429218446e-06
375.0,3.123562055407092e-05,1.0626530411173007e-06
376.0,3.091024700552225e-05,1.0542864856688539e-06
377.0,3.058827860513702e-05,1.0519154329813318e-06
378.0,3.02696498692967e-05,1.0492771025383263e-06
379.0,2.9954342608107254e-05,1.0487098052180954e-06
380.0,2.9642316803801805e-05,1.0479652701178566e-06
381.0,2.9333543352549896e-05,1.0427722827444086e-06
382.0,2.902798769355286e-05,1.040633833326865e-06
383.0,2.8725613447022624e-05,1.038562118083064e-06
384.0,2.8426396966096945e-05,1.0366612741563586e-06
385.0,2.813029095705133e-05,1.0370481504651252e-06
386.0,2.783726631605532e-05,1.0337698768125847e-06
387.0,2.7547295758267865e-05,1.0311722462574835e-06
388.0,2.7260344722890295e-05,1.0293132390870596e-06
389.0,2.697638228710275e-05,1.0277519777446287e-06
390.0,2.669538116606418e-05,1.0260998806188582e-06
391.0,2.6417312255944125e-05,1.0240344181511318e-06
392.0,2.61421319009969e-05,1.021776370180305e-06
393.0,2.586982009233907e-05,1.020594140754838e-06
394.0,2.5600344088161364e-05,1.019663841361762e-06
395.0,2.5333672965643927e-05,1.0159789098906913e-06
396.0,2.506978125893511e-05,1.0143788813365973e-06
397.0,2.4808636226225644e-05,1.012737698147248e-06
398.0,2.4550214220653288e-05,1.0121448212885298e-06
399.0,2.4294491595355794e-05,1.011681661111652e-06
400.0,2.4041424694587477e-05,1.0070259577332763e-06
401.0,2.3790993509464897e-05,1.0055028951683198e-06
402.0,2.3543170755147003e-05,1.0043178235719097e-06
403.0,2.3297930965782143e-05,1.0042165285994997e-06
404.0,2.305524321855046e-05,1.0039185553978314e-06
405.0,2.2815083866589703e-05,9.988317515308154e-07
406.0,2.257743472000584e-05,9.974289696401684e-07
407.0,2.2342255761031993e-05,9.965509661924443e-07
408.0,2.2109523342805915e-05,9.96515950646426e-07
409.0,2.1879215637454763e-05,9.961494242816116e-07
410.0,2.1651308998116292e-05,9.9141368536948e-07
411.0,2.1425774320960045e-05,9.900898021442117e-07
412.0,2.120258977811318e-05,9.892893331198138e-07
413.0,2.0981735360692255e-05,9.89145064522745e-07
414.0,2.0763176507898606e-05,9.88468400464626e-07
415.0,2.0546893210848793e-05,9.847053661360405e-07
416.0,2.0332863641669974e-05,9.834878937908798e-07
417.0,2.01210641534999e-05,9.826835594139993e-07
418.0,1.9911469280486926e-05,9.822881565924035e-07
419.0,1.970405901374761e-05,9.813010137804667e-07
420.0,1.9498815163387917e-05,9.785549082153011e-07
421.0,1.929570316860918e-05,9.775141052159597e-07
422.0,1.9094706658506766e-05,9.767516075953608e-07
423.0,1.8895803805207834e-05,9.7601764537103e-07
424.0,1.869897278083954e-05,9.749184073370998e-07
425.0,1.8504191757529043e-05,9.729493513077614e-07
426.0,1.8311440726392902e-05,9.720985190142528e-07
427.0,1.8120701497537084e-05,9.71285771811381e-07
428.0,1.793194496713113e-05,9.703009027361986e-07
429.0,1.774515476427041e-05,9.690990054878057e-07
430.0,1.756030906108208e-05,9.676966783445096e-07
431.0,1.7377389667672105e-05,9.670584404375404e-07
432.0,1.7196376575157046e-05,9.661239346314687e-07
433.0,1.701724795566406e-05,9.64972173278511e-07
434.0,1.683998925727792e-05,9.637567472964292e-07
435.0,1.6664573195157573e-05,9.624970971344737e-07
436.0,1.6490983398398384e-05,9.622804100217763e-07
437.0,1.6319205315085128e-05,9.612361964173033e-07
438.0,1.6149213479366153e-05,9.600337307347218e-07
439.0,1.598099152033683e-05,9.586868827682338e-07
440.0,1.5814523067092523e-05,9.577153150530648e-07
441.0,1.5649793567718007e-05,9.57813654167694e-07
442.0,1.5486775737372227e-05,9.567011147737503e-07
443.0,1.532545684312936e-05,9.555188853482832e-07
444.0,1.5165815966611262e-05,9.541448662275798e-07
445.0,1.5007838555902708e-05,9.534618925499672e-07
446.0,1.4851508240099065e-05,9.535422123008175e-07
447.0,1.4696805010316893e-05,9.525099358143052e-07
448.0,1.4543717952619772e-05,9.514158705314912e-07
449.0,1.439222069166135e-05,9.501403610556736e-07
450.0,1.4242302313505206e-05,9.496064876657329e-07
451.0,1.4093944628257304e-05,9.496787356511049e-07
452.0,1.3947133993497118e-05,9.488101682109118e-07
453.0,1.380185130983591e-05,9.478737297285988e-07
454.0,1.3658082934853155e-05,9.468108714827395e-07
455.0,1.3515815226128325e-05,9.462441994401161e-07
456.0,1.3375025446293876e-05,9.463058177061612e-07
457.0,1.3235702681413386e-05,9.45658996442944e-07
458.0,1.3097831470076926e-05,9.449662456972874e-07
459.0,1.2961396350874566e-05,9.443662634112115e-07
460.0,1.2826381862396374e-05,9.435361221221683e-07
461.0,1.2692773452727124e-05,9.435291303816484e-07
462.0,1.2560561117425095e-05,9.429919032299949e-07
463.0,1.2429722119122744e-05,9.428214866602502e-07
464.0,1.230024645337835e-05,9.428866292182647e-07
465.0,1.2172118658781983e-05,9.414374630978273e-07
466.0,1.204532691190252e-05,9.415987847205542e-07
467.0,1.1919854841835331e-05,9.414928285877977e-07
468.0,1.179568971565459e-05,9.419401862942323e-07
469.0,1.1672821528918575e-05,9.421710842616449e-07
470.0,1.1551230272743851e-05,9.410798043063551e-07
471.0,1.1430905033193994e-05,9.414496844328823e-07
472.0,1.131183307734318e-05,9.412066219738335e-07
473.0,1.1194001672265586e-05,9.410694019607035e-07
474.0,1.1077398085035384e-05,9.401346119375376e-07
475.0,1.0962008673232049e-05,9.399118994224409e-07
476.0,1.0847824341908563e-05,9.394970561515947e-07
477.0,1.073482690117089e-05,9.388994044456922e-07
478.0,1.0623005437082611e-05,9.387707677888102e-07
479.0,1.0512349035707302e-05,9.373554803460138e-07
480.0,1.0402845873613842e-05,9.377627634421515e-07
481.0,1.0294483217876405e-05,9.371598252982949e-07
482.0,1.0187249245063867e-05,9.363897675029875e-07
483.0,1.0081135769723915e-05,9.363661206407414e-07
484.0,9.976123692467809e-06,9.34540025809838e-07
485.0,9.872206646832637e-06,9.370016300636053e-07
486.0,9.769370990397874e-06,9.362696005155158e-07
487.0,9.6676067187218e-06,9.354132544103777e-07
488.0,9.566902917867992e-06,9.351754783892829e-07
489.0,9.467247764405329e-06,9.332126182926004e-07
490.0,9.368633982376195e-06,9.357521548736258e-07
491.0,9.271044291381259e-06,9.348274261355982e-07
492.0,9.174470505968202e-06,9.33330795760412e-07
493.0,9.078903531190008e-06,9.332608215117943e-07
494.0,8.984331543615554e-06,9.313993132309406e-07
495.0,8.890745448297821e-06,9.314028943663288e-07
496.0,8.798133421805687e-06,9.323639460490085e-07
497.0,8.70648909767624e-06,9.307925097346015e-07
498.0,8.615797014499549e-06,9.30084581796109e-07
499.0,8.526048986823298e-06,9.288716569244571e-07
500.0,8.437236829195172e-06,9.287040825256554e-07
501.0,8.349347808689345e-06,9.282622386308503e-07
502.0,8.262376468337607e-06,9.277158596887602e-07
503.0,8.176310075214133e-06,9.274797889702313e-07
504.0,8.09114226285601e-06,9.269964493796579e-07
505.0,8.006860298337415e-06,9.269288057112135e-07
506.0,7.923455086711328e-06,9.267624250242079e-07
507.0,7.840919352020137e-06,9.266698270948837e-07
508.0,7.759243999316823e-06,9.265900757782219e-07
509.0,7.678418114664964e-06,9.268006238016824e-07
510.0,7.5984353316016495e-06,9.262757885153405e-07
511.0,7.519287464674562e-06,9.265624498766556e-07
512.0,7.4409585977264214e-06,9.266482265957166e-07
513.0,7.3634514592413325e-06,9.266461233892187e-07
514.0,7.286746495083207e-06,9.265784797207743e-07
515.0,7.2108450694940984e-06,9.260979823011439e-07
516.0,7.135734904295532e-06,9.263555966754211e-07
517.0,7.061401902319631e-06,9.260766091756523e-07
518.0,6.987848337303149e-06,9.257535111828474e-07
519.0,6.915056474099401e-06,9.247068533113634e-07
520.0,6.84302676745574e-06,9.252629524780787e-07
521.0,6.771743301214883e-06,9.242476721738058e-07
522.0,6.701206075376831e-06,9.234555591319804e-07
523.0,6.631404630752513e-06,9.227642294717953e-07
524.0,6.562325779668754e-06,9.210481834998063e-07
525.0,6.493969976872904e-06,9.225034318660619e-07
526.0,6.426322670449736e-06,9.205911624121654e-07
527.0,6.359383860399248e-06,9.197048598252877e-07
528.0,6.2931380853115115e-06,9.190234777634032e-07
529.0,6.2275871641759295e-06,9.175014952234051e-07
530.0,6.162718364066677e-06,9.193506116389472e-07
531.0,6.098521225794684e-06,9.173886610369664e-07
532.0,6.034997113602003e-06,9.166955692307965e-07
533.0,5.972131020826055e-06,9.160987701761769e-07
534.0,5.90992340221419e-06,9.150254527412471e-07
535.0,5.8483597058511805e-06,9.162880587609834e-07
536.0,5.787441295979079e-06,9.147524338004587e-07
537.0,5.727157713408815e-06,9.143005286205153e-07
538.0,5.667498044203967e-06,9.137861525232438e-07
539.0,5.608463197859237e-06,9.130807825386e-07
540.0,5.550039986701449e-06,9.136693961409037e-07
541.0,5.492229320225306e-06,9.126583222496265e-07
542.0,5.435016646515578e-06,9.123801874011406e-07
543.0,5.3784037845616695e-06,9.120030313169991e-07
544.0,5.322380729921861e-06,9.115091188505176e-07
545.0,5.266937478154432e-06,9.117403010350245e-07
546.0,5.212075393501436e-06,9.111449799092952e-07
547.0,5.157781288289698e-06,9.108440508498461e-07
548.0,5.104056072013918e-06,9.105843901124899e-07
549.0,5.050887466495624e-06,9.102725471166195e-07
550.0,4.998275926482165e-06,9.103649176722683e-07
551.0,4.946211902279174e-06,9.100279498852615e-07
552.0,4.894687663181685e-06,9.096622761717299e-07
553.0,4.843703209189698e-06,9.094595156966534e-07
554.0,4.79324626212474e-06,9.092461823456688e-07
555.0,4.743318186228862e-06,9.092550499190111e-07
556.0,4.693907158070942e-06,9.090638855013822e-07
557.0,4.6450136323983315e-06,9.086537602343014e-07
558.0,4.596629878506064e-06,9.084895964406314e-07
559.0,4.548746801447123e-06,9.082755241252016e-07
560.0,4.501365765463561e-06,9.082535257221025e-07
561.0,4.454474947124254e-06,9.08124661691545e-07
562.0,4.408075710671255e-06,9.076795208784461e-07
563.0,4.362157142168144e-06,9.075603202290949e-07
564.0,4.316719241614919e-06,9.074024092114996e-07
565.0,4.271755187801318e-06,9.073748401533521e-07
566.0,4.227256340527674e-06,9.073012847693462e-07
567.0,4.183223609288689e-06,9.068242547982663e-07
568.0,4.1396469896426424e-06,9.067129553841369e-07
569.0,4.096527391084237e-06,9.065790891327197e-07
570.0,4.053853899677051e-06,9.06634909370041e-07
571.0,4.011627879663138e-06,9.065803396879346e-07
572.0,3.9698411455901805e-06,9.058903174263833e-07
573.0,3.928487330995267e-06,9.058587693289155e-07
574.0,3.887566890625749e-06,9.057194461092877e-07
575.0,3.847070729534607e-06,9.058030627784319e-07
576.0,3.8069981656008167e-06,9.057723673322471e-07
577.0,3.7673407859983854e-06,9.04907039966929e-07
578.0,3.7280990454746643e-06,9.049103937286418e-07
579.0,3.6892656680720393e-06,9.047157618624624e-07
580.0,3.6508347420749487e-06,9.048027891367383e-07
581.0,3.612806494857068e-06,9.048156925928197e-07
582.0,3.5751720588450553e-06,9.038522534865479e-07
583.0,3.537931888786261e-06,9.038565167429624e-07
584.0,3.501077571854694e-06,9.035976518134703e-07
585.0,3.4646088806766784e-06,9.036484698299319e-07
586.0,3.4285205856576795e-06,9.037191261995758e-07
587.0,3.392805865587434e-06,9.027073701872723e-07
588.0,3.3574651752132922e-06,9.027427267938037e-07
589.0,3.3224905564566143e-06,9.024623182085634e-07
590.0,3.287882464064751e-06,9.024399219015322e-07
591.0,3.253632712585386e-06,9.024794849210593e-07
592.0,3.219741529392195e-06,9.015141131385462e-07
593.0,3.186203912264318e-06,9.01566068023385e-07
594.0,3.1530130399914924e-06,9.012813393383112e-07
595.0,3.12017027681577e-06,9.012216537485074e-07
596.0,3.087667664658511e-06,9.01071132375364e-07
597.0,3.0555054308933904e-06,9.002581009553978e-07
598.0,3.023676299562794e-06,9.003267678053817e-07
599.0,2.9921809527877485e-06,9.000738714348699e-07
600.0,2.9610132514790166e-06,9.000748946164094e-07
601.0,2.930168420789414e-06,8.998118801173405e-07
602.0,2.899646915466292e-06,8.99128849596309e-07
603.0,2.8694414595520357e-06,8.991605682240333e-07
604.0,2.839552280420321e-06,8.989735533759813e-07
605.0,2.80997278423456e-06,8.990634796646191e-07
606.0,2.7807031983684283e-06,8.987581736619177e-07
607.0,2.751738520601066e-06,8.98204291388538e-07
608.0,2.723073748711613e-06,8.982118515632465e-07
609.0,2.6947093374474207e-06,8.980766779131955e-07
610.0,2.6666384655982256e-06,8.982680697044998e-07
611.0,2.6388620426587295e-06,8.979525887298223e-07
612.0,2.611373247418669e-06,8.97485108453111e-07
613.0,2.5841720798780443e-06,8.974967045105586e-07
614.0,2.5572546746843727e-06,8.973690341917973e-07
615.0,2.5306155748694437e-06,8.976448953035288e-07
616.0,2.5042561446753098e-06,8.973264016276516e-07
617.0,2.4781693355180323e-06,8.969028613137198e-07
618.0,2.4523558295186376e-06,8.969720397544734e-07
619.0,2.426809714961564e-06,8.96826804819284e-07
620.0,2.4015312192204874e-06,8.971418878900295e-07
621.0,2.3765162495692493e-06,8.968257816377445e-07
622.0,2.3517600311606657e-06,8.964048561210802e-07
623.0,2.3272632461157627e-06,8.965584470388421e-07
624.0,2.3030202100926545e-06,8.963786513049854e-07
625.0,2.2790311504650163e-06,8.966923132902593e-07
626.0,2.2552906102646375e-06,8.963834261521697e-07
627.0,2.2317988168651937e-06,8.959435149336059e-07
628.0,2.2085516775405267e-06,8.961634989645972e-07
629.0,2.185545326938154e-06,8.959690944720933e-07
630.0,2.1627799924317515e-06,8.962763331510359e-07
631.0,2.1402504444267834e-06,8.960128639046161e-07
632.0,2.11795668292325e-06,8.955377666097775e-07
633.0,2.095894160447642e-06,8.958355692811892e-07
634.0,2.074062649626285e-06,8.955822181633266e-07
635.0,2.0524585124803707e-06,8.959254387264082e-07
636.0,2.0310781110310927e-06,8.957091495176428e-07
637.0,2.0099216726521263e-06,8.952556527219713e-07
638.0,1.988984422496287e-06,8.955684052125434e-07
639.0,1.9682665879372507e-06,8.952865755418316e-07
640.0,1.9477631667541573e-06,8.957271688814217e-07
641.0,1.9274746136943577e-06,8.955341286309704e-07
642.0,1.907397290779045e-06,8.950821097641892e-07
643.0,1.8875281284636003e-06,8.954206691669242e-07
644.0,1.8678670130611863e-06,8.951293466452626e-07
645.0,1.8484095107851317e-06,8.956472470345034e-07
646.0,1.8291557353222743e-06,8.954727945820196e-07
647.0,1.8101014802596183e-06,8.950306096267013e-07
648.0,1.7912469729708391e-06,8.953664973887498e-07
649.0,1.7725886891639675e-06,8.950285064202035e-07
650.0,1.7541236729812226e-06,8.956762371781224e-07
651.0,1.7358522654831177e-06,8.954740451372345e-07
652.0,1.7177699191961437e-06,8.950598271439958e-07
653.0,1.699876975180814e-06,8.95337848305644e-07
654.0,1.6821693407109706e-06,8.94979677923402e-07
655.0,1.6646474705339642e-06,8.957718478086463e-07
656.0,1.6473079540446633e-06,8.95541234058328e-07
657.0,1.630147949072125e-06,8.951331551543262e-07
658.0,1.6131679103636998e-06,8.953241490416985e-07
659.0,1.5963634041327168e-06,8.94967854492279e-07
660.0,1.57973522618704e-06,8.958352282206761e-07
661.0,1.563279170113674e-06,8.955901193985483e-07
662.0,1.5469955769731314e-06,8.951831773629237e-07
663.0,1.5308814909076318e-06,8.953159635893826e-07
664.0,1.5149344108067453e-06,8.949483571996097e-07
665.0,1.4991543366704718e-06,8.958597277342051e-07
666.0,1.4835376305200043e-06,8.956013175520638e-07
667.0,1.468084633415856e-06,8.952273446993786e-07
668.0,1.4527917073792196e-06,8.952700341069431e-07
669.0,1.4376588524100953e-06,8.948936169872468e-07
670.0,1.4226839084585663e-06,8.957445629675931e-07
671.0,1.4078638059800141e-06,8.954980899034126e-07
672.0,1.3931989997217897e-06,8.951677727964125e-07
673.0,1.3786860790787614e-06,8.951516861088749e-07
674.0,1.3643251577377669e-06,8.947673109105381e-07
675.0,1.35011305246735e-06,8.955811949817871e-07
676.0,1.3360498769543483e-06,8.953415999712888e-07
677.0,1.3221331300883321e-06,8.950228789217363e-07
678.0,1.308360538132547e-06,8.949611469688534e-07
679.0,1.2947322147738305e-06,8.945489184952748e-07
680.0,1.2812450904675643e-06,8.952085863711545e-07
681.0,1.2678991652137483e-06,8.949573384597898e-07
682.0,1.2546915968414396e-06,8.946821594690846e-07
683.0,1.2416222716638003e-06,8.945981448960083e-07
684.0,1.2286890296309139e-06,8.941583473642822e-07
685.0,1.2158898243797012e-06,8.94746108315303e-07
686.0,1.203224769597e-06,8.944681439970736e-07
687.0,1.1906907957381918e-06,8.942361091612838e-07
688.0,1.1782881301769521e-06,8.941578926169313e-07
689.0,1.1660139307423378e-06,8.937042252910032e-07
690.0,1.1538684248080244e-06,8.942055842453556e-07
691.0,1.1418493386372575e-06,8.939454119172296e-07
692.0,1.1299547395537957e-06,8.937694246924366e-07
693.0,1.1181847412444768e-06,8.936944482229592e-07
694.0,1.1065367289120331e-06,8.932359492064279e-07
695.0,1.095010588869627e-06,8.936970630202268e-07
696.0,1.0836039336936665e-06,8.934695756579458e-07
697.0,1.0723167633841513e-06,8.933228627938661e-07
698.0,1.0611471452648402e-06,8.932225910029956e-07
699.0,1.050093146659492e-06,8.927612498155213e-07
700.0,1.0391549949417822e-06,8.932545938478142e-07
701.0,1.0283303026881185e-06,8.930663852879661e-07
702.0,1.0176187288379879e-06,8.929200134843995e-07
703.0,1.0070182270283112e-06,8.928056445256516e-07
704.0,9.965287972590886e-07,8.923459517973242e-07
705.0,9.861487342277542e-07,8.928611805458786e-07
706.0,9.75875991571229e-07,8.927016210691363e-07
707.0,9.657110240368638e-07,8.925275096771657e-07
708.0,9.556512168273912e-07,8.924096164264483e-07
709.0,9.456968541599053e-07,8.919946026253456e-07
710.0,9.358454917673953e-07,8.924635608309472e-07
711.0,9.260974138669553e-07,8.923586278797302e-07
712.0,9.164509151560196e-07,8.921726362132176e-07
713.0,9.069042903320224e-07,8.920220011532365e-07
714.0,8.974577099252201e-07,8.916148317439365e-07
715.0,8.881088433554396e-07,8.920249001675984e-07
716.0,8.78858031683194e-07,8.919348601921229e-07
717.0,8.697030011717288e-07,8.917222658055834e-07
718.0,8.606438655078819e-07,8.91589309048868e-07
719.0,8.516790899193438e-07,8.91207889708312e-07
720.0,8.428072533206432e-07,8.915114335650287e-07
721.0,8.340282420249423e-07,8.914593081499333e-07
722.0,8.253402370428375e-07,8.912319344744901e-07
723.0,8.167431815309101e-07,8.911272857403674e-07
724.0,8.082352564997564e-07,8.907812798497616e-07
725.0,7.998163482625387e-07,8.909661914913158e-07
726.0,7.914852631074609e-07,8.909122470868169e-07
727.0,7.832403525753762e-07,8.907194342100411e-07
728.0,7.750819008833787e-07,8.906514494810835e-07
729.0,7.670079185118084e-07,8.903287493922107e-07
730.0,7.590184623040841e-07,8.904381729735178e-07
731.0,7.511117701142211e-07,8.903870138965431e-07
732.0,7.432879556290573e-07,8.902208605832129e-07
733.0,7.355456546065398e-07,8.902139825295308e-07
734.0,7.27883502804616e-07,8.898586543182319e-07
735.0,7.203016139101237e-07,8.899445447241305e-07
736.0,7.127982257770782e-07,8.899161230147001e-07
737.0,7.05373508935736e-07,8.897901579985046e-07
738.0,6.980257012401125e-07,8.897885095393576e-07
739.0,6.907548026902077e-07,8.894635357137304e-07
740.0,6.835596764176444e-07,8.895387964003021e-07
741.0,6.764390718672075e-07,8.895283372112317e-07
742.0,6.693930458823161e-07,8.894475058696116e-07
743.0,6.62419950003823e-07,8.894421625882387e-07
744.0,6.555200116054039e-07,8.891142329048307e-07
745.0,6.486914685410738e-07,8.892111509339884e-07
746.0,6.419344913410896e-07,8.892135383575805e-07
747.0,6.35247886293655e-07,8.891578886505158e-07
748.0,6.286305165303929e-07,8.891371976460505e-07
749.0,6.22082495738141e-07,8.888212619240221e-07
750.0,6.1560228914459e-07,8.889030596037628e-07
751.0,6.091900104365777e-07,8.889463174455159e-07
752.0,6.02844067998376e-07,8.889099945008638e-07
753.0,5.965646892036602e-07,8.888916340765718e-07
754.0,5.903506234972156e-07,8.885639886102581e-07
755.0,5.842009613843402e-07,8.886641467142908e-07
756.0,5.78115759708453e-07,8.887327567208558e-07
757.0,5.720935405406635e-07,8.88686543021322e-07
758.0,5.661344175678096e-07,8.88671422671905e-07
759.0,5.602370265478385e-07,8.883648092705698e-07
760.0,5.544013674807502e-07,8.884715043677716e-07
761.0,5.486265877152618e-07,8.885535862646066e-07
762.0,5.429115503829962e-07,8.885119768820005e-07
763.0,5.372564260142099e-07,8.884836688594078e-07
764.0,5.316598503668502e-07,8.881863777787657e-07
765.0,5.261218802843359e-07,8.883109217094898e-07
766.0,5.206412652114523e-07,8.884026101441123e-07
767.0,5.152181188350369e-07,8.883420150596066e-07
768.0,5.098514179735503e-07,8.88309216406924e-07
769.0,5.045403668191284e-07,8.880091399987577e-07
770.0,4.992848516849335e-07,8.881341955202515e-07
771.0,4.940838493894262e-07,8.882444717528415e-07
772.0,4.889373030891875e-07,8.881546023076226e-07
773.0,4.838440190724214e-07,8.88123395270668e-07
774.0,4.788041678693844e-07,8.878365633790963e-07
775.0,4.7381678314195597e-07,8.879639494807634e-07
776.0,4.68881069082272e-07,8.880792279342131e-07
777.0,4.639970256903325e-07,8.879998176780646e-07
778.0,4.59163629784598e-07,8.879692927621363e-07
779.0,4.5438082452164963e-07,8.876954211700649e-07
780.0,4.4964755829823844e-07,8.878294579517387e-07
781.0,4.4496385953607387e-07,8.879300139597035e-07
782.0,4.403289324272919e-07,8.87847704689193e-07
783.0,4.357420664291567e-07,8.878159860614687e-07
784.0,4.312032331199589e-07,8.875643970895908e-07
785.0,4.2671138089644955e-07,8.8768069872458e-07
786.0,4.222666518671758e-07,8.877883601599024e-07
787.0,4.1786788074205106e-07,8.877234449755633e-07
788.0,4.1351526647304127e-07,8.876941137714311e-07
789.0,4.0920770061347866e-07,8.87440990027244e-07
790.0,4.049452400067821e-07,8.875669550434395e-07
791.0,4.007272025319253e-07,8.87673763827479e-07
792.0,3.96552849224463e-07,8.875948083186813e-07
793.0,3.924222369278141e-07,8.875572916622332e-07
794.0,3.883343708821485e-07,8.873169576872897e-07
795.0,3.8428933635259455e-07,8.874641821421392e-07
796.0,3.8028622384445043e-07,8.875725825419067e-07
797.0,3.7632503335771617e-07,8.874768582245451e-07
798.0,3.724050827713654e-07,8.8744667436913e-07
799.0,3.6852577522950014e-07,8.87220039658132e-07
800.0,3.646870823104109e-07,8.87368287294521e-07
801.0,3.608881513628148e-07,8.874698664840253e-07
802.0,3.571290108084213e-07,8.873734032022185e-07
803.0,3.5340883641765686e-07,8.873378192220116e-07
804.0,3.4972759976881207e-07,8.871215300132462e-07
805.0,3.460847040059889e-07,8.872874559529009e-07
806.0,3.424795522732893e-07,8.873819865584665e-07
807.0,3.389121729924227e-07,8.872737566889555e-07
808.0,3.3538174193381565e-07,8.872619332578324e-07
809.0,3.3188828751917754e-07,8.870441092767578e-07
810.0,3.2843101394064433e-07,8.872299304130138e-07
811.0,3.250099780416349e-07,8.873303727341408e-07
812.0,3.216245829662512e-07,8.872191301634302e-07
813.0,3.1827423185859516e-07,8.87188605247502e-07
814.0,3.1495895314037625e-07,8.869824341672938e-07
815.0,3.1167806469056814e-07,8.871962222656293e-07
816.0,3.0843150966575195e-07,8.872939929460699e-07
817.0,3.0521860594490136e-07,8.871740533322736e-07
818.0,3.0203932510630693e-07,8.871429031387379e-07
819.0,2.9889318398090836e-07,8.869467365002492e-07
820.0,2.9577961413451703e-07,8.871785439623636e-07
821.0,2.9269870083226124e-07,8.872688681549334e-07
822.0,2.8964967668798636e-07,8.871490990713937e-07
823.0,2.8663259854511125e-07,8.871168120094808e-07
824.0,2.8364672743919073e-07,8.869221232998825e-07
825.0,2.806921770570625e-07,8.871817840372387e-07
826.0,2.777684073862474e-07,8.872697208062164e-07
827.0,2.748749068359757e-07,8.871493264450692e-07
828.0,2.720117038279568e-07,8.871116961017833e-07
829.0,2.6917817308458325e-07,8.869264433997159e-07
830.0,2.6637431460585503e-07,8.871871841620305e-07
831.0,2.635995031141647e-07,8.872702323969861e-07
832.0,2.6085376703122165e-07,8.871306818036828e-07
833.0,2.581366231879656e-07,8.870844112607301e-07
834.0,2.554476452587551e-07,8.869052408044809e-07
835.0,2.5278680482188065e-07,8.871743943927868e-07
836.0,2.501535334431537e-07,8.872547141436371e-07
837.0,2.475478595442837e-07,8.871156182976847e-07
838.0,2.4496915784766315e-07,8.870817396200437e-07
839.0,2.424174567750015e-07,8.869002385836211e-07
840.0,2.3989235842236667e-07,8.871696763890213e-07
841.0,2.3739342225326254e-07,8.872472108123475e-07
842.0,2.349206482676891e-07,8.871156751411036e-07
843.0,2.3247349645316717e-07,8.870736110111466e-07
844.0,2.3005198102055147e-07,8.868930194694258e-07
845.0,2.2765551932479866e-07,8.871774639374053e-07
846.0,2.2528418242018233e-07,8.872487455846567e-07
847.0,2.2293757240277046e-07,8.871135150911869e-07
848.0,2.2061522031435743e-07,8.870582064446353e-07
849.0,2.1831722563092626e-07,8.868777854331711e-07
850.0,2.1604301991828834e-07,8.871690511114139e-07
851.0,2.137926458090078e-07,8.872401053849899e-07
852.0,2.115655775014602e-07,8.87095097823476e-07
853.0,2.0936182920650026e-07,8.870343890521326e-07
854.0,2.071810740744695e-07,8.868689178598288e-07
855.0,2.0502285735801706e-07,8.871540444488346e-07
856.0,2.0288727853312594e-07,8.872213470567658e-07
857.0,2.0077379758731695e-07,8.870796932569647e-07
858.0,1.9868247136400896e-07,8.870266015037487e-07
859.0,1.9661280248328694e-07,8.868697705111117e-07
860.0,1.9456483357771504e-07,8.87152680206782e-07
861.0,1.9253818095421593e-07,8.872091825651296e-07
862.0,1.9053251776313118e-07,8.870722467690939e-07
863.0,1.885478582153155e-07,8.870192118592968e-07
864.0,1.8658377598512743e-07,8.868661325323046e-07
865.0,1.8464024265085754e-07,8.871429031387379e-07
866.0,1.8271686030857381e-07,8.872121384229104e-07
867.0,1.8081361474742152e-07,8.870736110111466e-07
868.0,1.7893020753945166e-07,8.870307510733255e-07
869.0,1.7706628341329633e-07,8.868960890140443e-07
870.0,1.7522191342322913e-07,8.871578529578983e-07
871.0,1.7339662861104443e-07,8.872232228895882e-07
872.0,1.715904716093064e-07,8.870916872183443e-07
873.0,1.6980301609237358e-07,8.870433134688938e-07
874.0,1.680343046928101e-07,8.869046723702922e-07
875.0,1.6628399635010283e-07,8.871816135069821e-07
876.0,1.6455182105801214e-07,8.872418106875557e-07
877.0,1.6283779302739276e-07,8.871140835253755e-07
878.0,1.6114151435431268e-07,8.870516694514663e-07
879.0,1.5946302767133602e-07,8.869224643603957e-07
880.0,1.5780189244196663e-07,8.871998602444364e-07
881.0,1.5615817972047807e-07,8.872576700014179e-07
882.0,1.5453159107892134e-07,8.871380714481347e-07
883.0,1.5292184230020212e-07,8.87078329014912e-07
884.0,1.5132896180602984e-07,8.869624821272737e-07
885.0,1.497525659033272e-07,8.872186185726605e-07
886.0,1.4819269722465833e-07,8.872776788848569e-07
887.0,1.4664897207694594e-07,8.871500654095144e-07
888.0,1.4512143309275416e-07,8.870866281540657e-07
889.0,1.436097960549887e-07,8.869735665939515e-07
890.0,1.4211381937911938e-07,8.872169132700947e-07
891.0,1.4063350306514621e-07,8.872738135323743e-07
892.0,1.3916854868512019e-07,8.871629688655958e-07
893.0,1.3771891360647714e-07,8.871026579981844e-07
894.0,1.3628429940126807e-07,8.870101737556979e-07
895.0,1.3486472028034768e-07,8.872283387972857e-07
896.0,1.334599204483311e-07,8.873028605194122e-07
897.0,1.320696725315429e-07,8.871875820659625e-07
898.0,1.3069399074083776e-07,8.871294880918867e-07
899.0,1.2933256243741198e-07,8.870350711731589e-07
900.0,1.2798538762126555e-07,8.872711418916879e-07
901.0,1.2665216786444944e-07,8.87324176801485e-07
902.0,1.2533291737781838e-07,8.872091825651296e-07
903.0,1.2402740878769691e-07,8.871395493770251e-07
904.0,1.227354147204096e-07,8.870609917721595e-07
905.0,1.214569635976659e-07,8.872765988598985e-07
906.0,1.2019175699151674e-07,8.873367960404721e-07
907.0,1.1893979490196216e-07,8.87226974555233e-07
908.0,1.1770080732276256e-07,8.871680847732932e-07
909.0,1.1647479425391793e-07,8.870936198945856e-07
910.0,1.1526155674346228e-07,8.872997341313749e-07
911.0,1.1406088162857486e-07,8.873644787854573e-07
912.0,1.128727831201104e-07,8.872701187101484e-07
913.0,1.1169699831725666e-07,8.872047487784585e-07
914.0,1.1053352722001364e-07,8.871327281667618e-07
915.0,1.093820927167144e-07,8.873455499269767e-07
916.0,1.0824273743992308e-07,8.873918204699294e-07
917.0,1.0711524112139159e-07,8.872908665580326e-07
918.0,1.0599943323086336e-07,8.872265198078821e-07
919.0,1.0489529955748367e-07,8.871623435879883e-07
920.0,1.0380261272757707e-07,8.873522006069834e-07
921.0,1.0272137274114357e-07,8.874069408193463e-07
922.0,1.0165131669737093e-07,8.873101933204453e-07
923.0,1.005924872288233e-07,8.872398780113144e-07
924.0,9.954469248896203e-08,8.871773502505675e-07
925.0,9.85077335258211e-08,8.873595902514353e-07
926.0,9.748164586653729e-08,8.874120567270438e-07
927.0,9.64661808211531e-08,8.873039405443706e-07
928.0,9.54613597059506e-08,8.872413559402048e-07
929.0,9.446694093639962e-08,8.87182466158265e-07
930.0,9.348293872335489e-08,8.873516321727948e-07
931.0,9.250919674741453e-08,8.87402165972162e-07
932.0,9.15455231620399e-08,8.872916055224778e-07
933.0,9.059196059979513e-08,8.872172543306078e-07
934.0,8.964826037072271e-08,8.871483032635297e-07
935.0,8.871446510738679e-08,8.873191745806253e-07
936.0,8.779032611982984e-08,8.873472552295425e-07
937.0,8.687587182976131e-08,8.872310104379721e-07
938.0,8.597093881235196e-08,8.871588192960189e-07
939.0,8.5075392064482e-08,8.870961778484343e-07
940.0,8.418921026986936e-08,8.872411285665294e-07
941.0,8.33122157928301e-08,8.872721082298085e-07
942.0,8.244440863336422e-08,8.871697900758591e-07
943.0,8.15855898395057e-08,8.870970304997172e-07
944.0,8.07357665166819e-08,8.870389933690603e-07
945.0,7.989479655634568e-08,8.87175929165096e-07
946.0,7.906253074452252e-08,8.872057719599979e-07
947.0,7.823899039749449e-08,8.870970304997172e-07
948.0,7.742398366872294e-08,8.870280225892202e-07
949.0,7.661751055820787e-08,8.869609473549644e-07
950.0,7.581938632483798e-08,8.870952115103137e-07
951.0,7.502962517946798e-08,8.871165277923865e-07
952.0,7.424809211897809e-08,8.870165970620292e-07
953.0,7.347465214024851e-08,8.869420753399027e-07
954.0,7.270931945413395e-08,8.868813665685593e-07
955.0,7.195190221409575e-08,8.870030683283403e-07
956.0,7.120242884184336e-08,8.870152328199765e-07
957.0,7.046071459626546e-08,8.869064345162769e-07
958.0,6.972677368821678e-08,8.868379950399685e-07
959.0,6.900047822000488e-08,8.867843348525639e-07
960.0,6.828170029393732e-08,8.868954637364368e-07
961.0,6.757046122629617e-08,8.869222369867202e-07
962.0,6.68665833813975e-08,8.868136092132772e-07
963.0,6.617007386466867e-08,8.867457950145763e-07
964.0,6.548078346213515e-08,8.866957728059788e-07
965.0,6.479871217379696e-08,8.867929182088119e-07
966.0,6.412374631281637e-08,8.868180998433672e-07
967.0,6.345577219235565e-08,8.867280030244729e-07
968.0,6.279479691784218e-08,8.866617804415e-07
969.0,6.214066416987407e-08,8.866117013894836e-07
970.0,6.149338815930605e-08,8.866983876032464e-07
971.0,6.085281256673625e-08,8.867241376719903e-07
972.0,6.021895160301938e-08,8.866395546647254e-07
973.0,5.959168802860404e-08,8.865771405908163e-07
974.0,5.897092592022091e-08,8.865223435350345e-07
975.0,5.835666527786998e-08,8.866061307344353e-07
976.0,5.7748763993004104e-08,8.866402936291706e-07
977.0,5.714723272376432e-08,8.86557245394215e-07
978.0,5.655193646703083e-08,8.864857363732881e-07
979.0,5.596287522280363e-08,8.864388405527279e-07
980.0,5.5379945962386046e-08,8.865183076522953e-07
981.0,5.480305276250874e-08,8.865506515576271e-07
982.0,5.4232209834026435e-08,8.864659548635245e-07
983.0,5.3667267962964615e-08,8.864077472026111e-07
984.0,5.3108255571032714e-08,8.863601124176057e-07
985.0,5.25550269969699e-08,8.864337246450305e-07
986.0,5.200760000434457e-08,8.864686833476298e-07
987.0,5.146587156446003e-08,8.86397970134567e-07
988.0,5.092974930676064e-08,8.863411267157062e-07
989.0,5.039925099481479e-08,8.862995741765189e-07
990.0,4.987424517821637e-08,8.863718790053099e-07
991.0,4.935473896239273e-08,8.864125220497954e-07
992.0,4.8840608002365116e-08,8.863549965099082e-07
993.0,4.833187006170192e-08,8.863029847816506e-07
994.0,4.7828429217133817e-08,8.862627396410971e-07
995.0,4.733020375624619e-08,8.863323159857828e-07
996.0,4.6837193679039046e-08,8.86374266428902e-07
997.0,4.6349295956815695e-08,8.863171956363658e-07
998.0,4.586650348414878e-08,8.862546110322e-07
999.0,4.5388713232341615e-08,8.862277809384977e-07
