epoch,learning_rate,validation_loss_ProdRateTot_PV
0.0,0.0015848932089284062,0.16890685260295868
1.0,0.0015683840028941631,5.0112690925598145
2.0,0.0015520467422902584,0.2164592146873474
3.0,0.0015358797973021865,0.09476237744092941
4.0,0.0015198810724541545,0.06582705676555634
5.0,0.0015040490543469787,8.190322875976562
6.0,0.0014883819967508316,0.43969786167144775
7.0,0.001472878153435886,0.05684787034988403
8.0,0.0014575357781723142,0.03643631562590599
9.0,0.0014423532411456108,0.03685268759727478
10.0,0.0014273286797106266,7.469935894012451
11.0,0.0014124608132988214,8.481779098510742
12.0,0.0013977477792650461,7.983880043029785
13.0,0.0013831880642101169,6.852077960968018
14.0,0.0013687798054888844,0.21598990261554718
15.0,0.0013545218389481306,0.05626947060227394
16.0,0.001340412301942706,0.03046881966292858
17.0,0.001326449797488749,0.030063191428780556
18.0,0.0013126326957717538,0.013783857226371765
19.0,0.0012989594833925366,1.6365422010421753
20.0,0.0012854287633672357,0.11189901828765869
21.0,0.0012720389058813453,0.04119608551263809
22.0,0.0012587886303663254,0.016633952036499977
23.0,0.0012456763070076704,0.010553781874477863
24.0,0.0012327005388215184,0.012524135410785675
25.0,0.0012198600452393293,0.1572989523410797
26.0,0.0012071531964465976,0.0367223285138607
27.0,0.0011945788282901049,0.016974151134490967
28.0,0.0011821354273706675,0.011792504228651524
29.0,0.0011698215967044234,0.0092431316152215
30.0,0.0011576359393075109,0.009031690657138824
31.0,0.0011455774074420333,2.9199366569519043
32.0,0.0011336442548781633,0.21027937531471252
33.0,0.0011218355502933264,0.17552469670772552
34.0,0.0011101498967036605,0.061306074261665344
35.0,0.0010985858971253037,0.13979767262935638
36.0,0.0010871423874050379,0.03297337144613266
37.0,0.001075817970559001,0.026635073125362396
38.0,0.0010646117152646184,0.016396092250943184
39.0,0.0010535219917073846,0.012603774666786194
40.0,0.001042547868564725,0.011381059885025024
41.0,0.0010316881816834211,0.008064073510468006
42.0,0.0010209414176642895,0.043523743748664856
43.0,0.0010103066451847553,0.02240900695323944
44.0,0.0009997827000916004,0.013602325692772865
45.0,0.0009893683018162847,0.010422196239233017
46.0,0.0009790625190362334,0.01242593303322792
47.0,0.0009688640129752457,0.006883263122290373
48.0,0.0009587717358954251,1.5151081085205078
49.0,0.0009487845818512142,0.23947466909885406
50.0,0.0009389015031047165,0.05460534617304802
51.0,0.0009291213355027139,0.028672169893980026
52.0,0.0009194430313073099,0.0232145506888628
53.0,0.0009098656009882689,0.017435669898986816
54.0,0.0009003878221847117,0.1619417518377304
55.0,0.0008910088217817247,0.030582837760448456
56.0,0.0008817275520414114,0.015199773013591766
57.0,0.0008725430234335363,0.011751758866012096
58.0,0.0008634540718048811,0.09760119020938873
59.0,0.0008544597658328712,0.010930499993264675
60.0,0.0008455592324025929,0.02230418287217617
61.0,0.0008367513655684888,0.011242834851145744
62.0,0.0008280352340079844,4.055346488952637
63.0,0.0008194099646061659,3.5264992713928223
64.0,0.0008108744514174759,2.437560796737671
65.0,0.0008024278795346618,2.049264430999756
66.0,0.0007940693758428097,1.763513207435608
67.0,0.0007857978343963623,1.3435907363891602
68.0,0.0007776124984957278,0.9749454855918884
69.0,0.0007695124368183315,0.6586953997612
70.0,0.0007614967180415988,0.42416974902153015
71.0,0.000753564469050616,0.27254518866539
72.0,0.0007457149331457913,0.17624971270561218
73.0,0.0007379470625892282,0.11440244317054749
74.0,0.0007302602170966566,0.07135818153619766
75.0,0.000722653407137841,0.058551181107759476
76.0,0.0007151258178055286,0.04663434624671936
77.0,0.0007076765759848058,0.037323277443647385
78.0,0.0007003049831837416,0.03292666748166084
79.0,0.0006930102244950831,0.056300967931747437
80.0,0.0006857913685962558,0.01853189431130886
81.0,0.0006786477752029896,0.014938977546989918
82.0,0.0006715785712003708,0.012056241743266582
83.0,0.0006645829998888075,0.018228860571980476
84.0,0.0006576603627763689,0.01109082531183958
85.0,0.0006508097285404801,0.012478028424084187
86.0,0.0006440305151045322,0.008420167490839958
87.0,0.0006373218493536115,0.0077928537502884865
88.0,0.0006306831492111087,0.006649544462561607
89.0,0.0006241135997697711,0.005040121730417013
90.0,0.0006176124443300068,0.005118194036185741
91.0,0.0006111790426075459,0.5042862892150879
92.0,0.0006048126379027963,0.3236560821533203
93.0,0.0005985125317238271,0.1779228299856186
94.0,0.0005922780255787075,0.10816025733947754
95.0,0.0005861085373908281,0.09304854273796082
96.0,0.0005800032522529364,0.039551105350255966
97.0,0.000573961588088423,0.025645282119512558
98.0,0.000567982904613018,0.01646382175385952
99.0,0.0005620663869194686,0.012275011278688908
100.0,0.0005562116275541484,0.009763851761817932
101.0,0.0005504177534021437,0.007771350909024477
102.0,0.0005446842988021672,0.013600624166429043
103.0,0.0005390105070546269,0.012980884872376919
104.0,0.0005333958542905748,0.005333413369953632
105.0,0.0005278397002257407,0.0038350443355739117
106.0,0.0005223413463681936,0.0068575795739889145
107.0,0.0005169003852643073,0.0029676053673028946
108.0,0.0005115160020068288,0.00647307001054287
109.0,0.0005061877309344709,0.002624393440783024
110.0,0.0005009149899706244,0.0025928423274308443
111.0,0.0004956971970386803,0.0030855699442327023
112.0,0.0004905337118543684,0.002987335668876767
113.0,0.0004854240105487406,0.0021579558961093426
114.0,0.0004803675692528486,0.0024239246267825365
115.0,0.0004753637476824224,0.002017486607655883
116.0,0.0004704120510723442,0.008997699245810509
117.0,0.00046551195555366576,0.0031779080163687468
118.0,0.0004606629372574389,0.001915647299028933
119.0,0.000455864385003224,0.0035095694474875927
120.0,0.00045111580402590334,0.0020251148380339146
121.0,0.0004464167286641896,0.002635649871081114
122.0,0.0004417665477376431,0.002850391436368227
123.0,0.00043716488289646804,0.0556195005774498
124.0,0.0004326110938563943,0.007884855382144451
125.0,0.00042810477316379547,0.003373288083821535
126.0,0.0004236453678458929,0.0021730088628828526
127.0,0.00041923238313756883,0.007851740345358849
128.0,0.00041486541158519685,0.004075794480741024
129.0,0.00041054398752748966,0.0029868718702346087
130.0,0.0004062674706801772,0.0041908277198672295
131.0,0.000402035511797294,0.0022865377832204103
132.0,0.00039784767432138324,0.047354597598314285
133.0,0.00039370349259115756,0.01532669086009264
134.0,0.0003896024136338383,0.007002454716712236
135.0,0.0003855440590996295,0.0036563160829246044
136.0,0.0003815280506387353,0.0027459438424557447
137.0,0.0003775538061745465,0.002604785142466426
138.0,0.0003736209764610976,0.002192617394030094
139.0,0.00036972909583710134,0.0018012630753219128
140.0,0.0003658778150565922,0.0020752165000885725
141.0,0.0003620665811467916,0.017656056210398674
142.0,0.00035829507396556437,0.004380007740110159
143.0,0.00035456291516311467,0.002718358999118209
144.0,0.00035086952266283333,0.0018838249379768968
145.0,0.0003472146636340767,0.0033548716455698013
146.0,0.00034359784331172705,0.002004374284297228
147.0,0.00034001877065747976,0.0018504838226363063
148.0,0.0003364768926985562,0.0015419512055814266
149.0,0.00033297191839665174,0.0015556614380329847
150.0,0.0003295035567134619,0.0015125599456951022
151.0,0.00032607122557237744,0.001271981978788972
152.0,0.00032267466303892434,0.0016807472566142678
153.0,0.00031931346165947616,0.0013101501390337944
154.0,0.00031598733039572835,0.0013762228190898895
155.0,0.00031269583269022405,0.0015280696097761393
156.0,0.00030943856108933687,0.0012359335087239742
157.0,0.0003062153118662536,0.001217262470163405
158.0,0.00030302556115202606,0.0011298161698505282
159.0,0.00029986907611601055,0.0011269885580986738
160.0,0.00029674542020075023,0.0011288683163002133
161.0,0.0002936543896794319,0.001073596184141934
162.0,0.00029059548978693783,0.028698891401290894
163.0,0.0002875684585887939,0.0016794188413769007
164.0,0.00028457300504669547,0.0012619339395314455
165.0,0.00028160872170701623,0.0012241830118000507
166.0,0.0002786752884276211,0.0010981851955875754
167.0,0.0002757724141702056,0.0011651661479845643
168.0,0.0002728998370002955,0.0011220034211874008
169.0,0.0002700571494642645,0.0011488791787996888
170.0,0.000267244060523808,0.0010402656625956297
171.0,0.0002644603082444519,0.0013838226441293955
172.0,0.0002617055142764002,0.0010477964533492923
173.0,0.0002589794166851789,0.0009969332022592425
174.0,0.0002562817244324833,0.0026329399552196264
175.0,0.0002536121755838394,0.0011865085689350963
176.0,0.0002509703626856208,0.0010515828616917133
177.0,0.0002483561111148447,0.0010635084472596645
178.0,0.00024576912983320653,0.001021118019707501
179.0,0.00024320901138707995,0.018526017665863037
180.0,0.00024067559570539743,0.008650749921798706
181.0,0.00023816856264602393,0.004244837444275618
182.0,0.00023568769393023103,0.0026988466270267963
183.0,0.0002332326112082228,0.0016508636763319373
184.0,0.00023080311075318605,0.0013648633612319827
185.0,0.00022839894518256187,0.0010977820493280888
186.0,0.00022601979435421526,0.03221508860588074
187.0,0.00022366542543750256,0.020373113453388214
188.0,0.00022133557649794966,0.013757437467575073
189.0,0.00021903004380874336,0.008650436997413635
190.0,0.00021674850722774863,0.005819033831357956
191.0,0.00021449069026857615,0.0046432106755673885
192.0,0.0002122564474120736,0.0031198901124298573
193.0,0.000210045458516106,0.002135176444426179
194.0,0.00020785747619811445,0.001606081030331552
195.0,0.0002056923258351162,0.0012784333666786551
196.0,0.0002035497163888067,0.0015942915342748165
197.0,0.00020142940047662705,0.0010772806126624346
198.0,0.00019933120347559452,0.0013515888713300228
199.0,0.00019725483434740454,0.0010621851542964578
200.0,0.0001952001330209896,0.0010559161892160773
201.0,0.0001931667939061299,0.0011297134915366769
202.0,0.0001911546423798427,0.0009628930711187422
203.0,0.00018916348926723003,0.0011136942775920033
204.0,0.00018719304352998734,0.0010747532360255718
205.0,0.00018524311599321663,0.0010174914496019483
206.0,0.00018331350293010473,0.0009940055897459388
207.0,0.00018140401516575366,0.001434449339285493
208.0,0.0001795143907656893,0.0010043929796665907
209.0,0.00017764445510692894,0.0010168410371989012
210.0,0.0001757940190145746,0.000995495356619358
211.0,0.00017396283510606736,0.0010374211706221104
212.0,0.00017215072875842452,0.0029189540073275566
213.0,0.00017035749624483287,0.0009716071072034538
214.0,0.00016858296294230968,0.000898093800060451
215.0,0.00016682689602021128,0.0009470388758927584
216.0,0.00016508913540747017,0.0009632128640078008
217.0,0.00016336947737727314,0.0009335059439763427
218.0,0.000161667718202807,0.0009414125815965235
219.0,0.0001599836687091738,0.0008964923908933997
220.0,0.00015831718337722123,0.0009717104258015752
221.0,0.00015666807303205132,0.007768860086798668
222.0,0.00015503611939493567,0.002255517290905118
223.0,0.00015342116239480674,0.0010806630598381162
224.0,0.00015182305651251227,0.0009298544027842581
225.0,0.00015024156891740859,0.0008942604763433337
226.0,0.00014867655409034342,0.0009296034695580602
227.0,0.00014712783740833402,0.0009568860987201333
228.0,0.00014559528790414333,0.000886036257725209
229.0,0.0001440786727471277,0.0009124371572397649
230.0,0.0001425778609700501,0.0009017822449095547
231.0,0.00014109269250184298,0.0009023944148793817
232.0,0.00013962297816760838,0.0011175906984135509
233.0,0.00013816857244819403,0.0008449070155620575
234.0,0.00013672932982444763,0.0008711423142813146
235.0,0.00013530507567338645,0.0008792415610514581
236.0,0.00013389564992394298,0.0009111961117014289
237.0,0.00013250090705696493,0.0009029577486217022
238.0,0.00013112071610521525,0.0008532727952115238
239.0,0.00012975488789379597,0.0008485226426273584
240.0,0.0001284032769035548,0.000865637615788728
241.0,0.00012706573761533946,0.0008725434890948236
242.0,0.00012574216816574335,0.0008510746993124485
243.0,0.00012443235027603805,0.0008671769173815846
244.0,0.00012313618208281696,0.001195605960674584
245.0,0.00012185353261884302,0.0008469710010103881
246.0,0.00012058422726113349,0.0008545293821953237
247.0,0.00011932814959436655,0.0008467389852739871
248.0,0.00011808515409938991,0.0008586918702349067
249.0,0.00011685511708492413,0.005221879575401545
250.0,0.0001156378784799017,0.0022540041245520115
251.0,0.00011443331459304318,0.0012546009384095669
252.0,0.00011324132356094196,0.0009606219246052206
253.0,0.0001120617234846577,0.0008992726216092706
254.0,0.00011089441977674142,0.0008721447084099054
255.0,0.00010973927419399843,0.0008898985688574612
256.0,0.00010859615576919168,0.000893769902177155
257.0,0.00010746494808699936,0.0008845384581945837
258.0,0.00010634556383593008,0.0029955802019685507
259.0,0.00010523779201321304,0.0012734535848721862
260.0,0.00010414157441118732,0.0009721415699459612
261.0,0.00010305676551070064,0.0009422643925063312
262.0,0.0001019832634483464,0.0008709923131391406
263.0,0.00010092093725688756,0.0008467661100439727
264.0,9.986967052100226e-05,0.0008449869346804917
265.0,9.8829397757072e-05,0.0008308170363306999
266.0,9.77999297901988e-05,0.0008228386868722737
267.0,9.678118658484891e-05,0.0008261941256932914
268.0,9.577304444974288e-05,0.0008216685964725912
269.0,9.477541607338935e-05,0.003531303722411394
270.0,9.378817048855126e-05,0.0022457127925008535
271.0,9.281121310777962e-05,0.0017986791208386421
272.0,9.184446389554068e-05,0.0012989522656425834
273.0,9.08877482288517e-05,0.0010953877354040742
274.0,8.994100062409416e-05,0.0010147119173780084
275.0,8.900411921786144e-05,0.0009107106598094106
276.0,8.807699487078935e-05,0.0008704963838681579
277.0,8.715952571947128e-05,0.0008492900524288416
278.0,8.625161717645824e-05,0.0008239341550506651
279.0,8.53531964821741e-05,0.0008199896547012031
280.0,8.446409628959373e-05,0.0008200124721042812
281.0,8.358426566701382e-05,0.0008252067491412163
282.0,8.271359547507018e-05,0.0008162292651832104
283.0,8.185199840227142e-05,0.0008190199732780457
284.0,8.099937258521095e-05,0.0008129687630571425
285.0,8.015563798835501e-05,0.0008081059204414487
286.0,7.932070730021223e-05,0.0008062340202741325
287.0,7.849444955354556e-05,0.0008168916683644056
288.0,7.767679926473647e-05,0.0008108763140626252
289.0,7.686766912229359e-05,0.000809352844953537
290.0,7.606697181472555e-05,0.0020508719608187675
291.0,7.527460547862574e-05,0.0011199833825230598
292.0,7.449049007846043e-05,0.0008346485556103289
293.0,7.371457468252629e-05,0.0007877380703575909
294.0,7.294672104762867e-05,0.0007823159103281796
295.0,7.218685641419142e-05,0.0007873938302509487
296.0,7.143491529859602e-05,0.0008030162425711751
297.0,7.069079583743587e-05,0.0008075698278844357
298.0,6.995443982305005e-05,0.0008029649616219103
299.0,6.922574539203197e-05,0.0008519515977241099
300.0,6.850466888863593e-05,0.000823982700239867
301.0,6.77910793456249e-05,0.0008137008408084512
302.0,6.708492583129555e-05,0.0008024685666896403
303.0,6.638612831011415e-05,0.0008013661135919392
304.0,6.569460674654692e-05,0.000795718573499471
305.0,6.501028838101774e-05,0.0007909087580628693
306.0,6.433310045395046e-05,0.0007918364717625082
307.0,6.366297748172656e-05,0.0008098518010228872
308.0,6.299982487689704e-05,0.0007939065108075738
309.0,6.234358443180099e-05,0.0007916191243566573
310.0,6.169416883494705e-05,0.0007868621032685041
311.0,6.10515198786743e-05,0.0012994844000786543
312.0,6.041557207936421e-05,0.0009351783664897084
313.0,5.978624176350422e-05,0.0008626437047496438
314.0,5.9163488913327456e-05,0.0008162235608324409
315.0,5.854720075149089e-05,0.0008138935663737357
316.0,5.793734089820646e-05,0.0007947736303322017
317.0,5.733382567996159e-05,0.0007910571875981987
318.0,5.673660052707419e-05,0.0007854581344872713
319.0,5.614559631794691e-05,0.0007878634496591985
320.0,5.556074756896123e-05,0.0007791358511894941
321.0,5.498200698639266e-05,0.0007761504384689033
322.0,5.4409276344813406e-05,0.000773380568716675
323.0,5.384251562645659e-05,0.0007811982650309801
324.0,5.328165934770368e-05,0.0007729423232376575
325.0,5.2726642024936154e-05,0.0007769976509734988
326.0,5.21774054504931e-05,0.0007813337142579257
327.0,5.16338950546924e-05,0.0007709093624725938
328.0,5.109605990583077e-05,0.0007725382456555963
329.0,5.0563809054438025e-05,0.0007745245238766074
330.0,5.0037102482747287e-05,0.0007683082367293537
331.0,4.951588198309764e-05,0.0008372814627364278
332.0,4.900009298580699e-05,0.0007833879208192229
333.0,4.848968092119321e-05,0.000770090613514185
334.0,4.798458030563779e-05,0.0007696113316342235
335.0,4.7484754759352654e-05,0.0007711390499025583
336.0,4.6990120608825237e-05,0.0007616092334501445
337.0,4.6500645112246275e-05,0.0007617967785336077
338.0,4.601626278599724e-05,0.0007603219710290432
339.0,4.5536926336353645e-05,0.0007604994461871684
340.0,4.5062584831612185e-05,0.0007601027609780431
341.0,4.4593183702090755e-05,0.0007578856311738491
342.0,4.4128686568001285e-05,0.0007584342965856194
343.0,4.366901339381002e-05,0.0007951846928335726
344.0,4.3214127799728885e-05,0.0007552433526143432
345.0,4.276398249203339e-05,0.0007565242704004049
346.0,4.231852653902024e-05,0.0007552197785116732
347.0,4.187770537100732e-05,0.0007519792998209596
348.0,4.144148260820657e-05,0.0007511742296628654
349.0,4.1009814594872296e-05,0.000750275794416666
350.0,4.058262857142836e-05,0.0007502681692130864
351.0,4.01598954340443e-05,0.0007483585504814982
352.0,3.9741564251016825e-05,0.0007506759138777852
353.0,3.9327591366600245e-05,0.0007489488925784826
354.0,3.891792948707007e-05,0.0007496314938180149
355.0,3.8512531318701804e-05,0.0007443279027938843
356.0,3.811137503362261e-05,0.0007428052485920489
357.0,3.7714380596298724e-05,0.0007425893563777208
358.0,3.732152617885731e-05,0.0007419096073135734
359.0,3.693275721161626e-05,0.000741626659873873
360.0,3.654804459074512e-05,0.0007401712355203927
361.0,3.616733738454059e-05,0.0007399015594273806
362.0,3.579059193725698e-05,0.0007437983877025545
363.0,3.5417786421021447e-05,0.0007392700063064694
364.0,3.504885171423666e-05,0.0007365268538706005
365.0,3.468376235105097e-05,0.0007357836002483964
366.0,3.432247103773989e-05,0.0007358223665505648
367.0,3.396494867047295e-05,0.0007351372041739523
368.0,3.361114431754686e-05,0.0007345661288127303
369.0,3.326102887513116e-05,0.0007338642026297748
370.0,3.2914573239395395e-05,0.000733310473151505
371.0,3.2571711926721036e-05,0.0007324350881390274
372.0,3.223242674721405e-05,0.0007313420064747334
373.0,3.189667040714994e-05,0.000730237748939544
374.0,3.1564413802698255e-05,0.0007305297185666859
375.0,3.123562055407092e-05,0.0007303348393179476
376.0,3.091024700552225e-05,0.0007295880350284278
377.0,3.058827860513702e-05,0.000728422193787992
378.0,3.02696498692967e-05,0.0007275897660292685
379.0,2.9954342608107254e-05,0.0007273924420587718
380.0,2.9642316803801805e-05,0.0007269970374181867
381.0,2.9333543352549896e-05,0.00072602613363415
382.0,2.902798769355286e-05,0.0007251584902405739
383.0,2.8725613447022624e-05,0.0007245271699503064
384.0,2.8426396966096945e-05,0.0007239425322040915
385.0,2.813029095705133e-05,0.0007240997510962188
386.0,2.783726631605532e-05,0.0007233883370645344
387.0,2.7547295758267865e-05,0.0007223277352750301
388.0,2.7260344722890295e-05,0.0007218145183287561
389.0,2.697638228710275e-05,0.0007212503114715219
390.0,2.669538116606418e-05,0.0007207317976281047
391.0,2.6417312255944125e-05,0.0007203502464108169
392.0,2.61421319009969e-05,0.0007195010548457503
393.0,2.586982009233907e-05,0.0007196383667178452
394.0,2.5600344088161364e-05,0.000719238247256726
395.0,2.5333672965643927e-05,0.000718739174772054
396.0,2.506978125893511e-05,0.000718076596967876
397.0,2.4808636226225644e-05,0.0007174269994720817
398.0,2.4550214220653288e-05,0.000717773218639195
399.0,2.4294491595355794e-05,0.0007164753624238074
400.0,2.4041424694587477e-05,0.0007161304238252342
401.0,2.3790993509464897e-05,0.0007160831592045724
402.0,2.3543170755147003e-05,0.0007154634222388268
403.0,2.3297930965782143e-05,0.0007150414166972041
404.0,2.305524321855046e-05,0.0007145071285776794
405.0,2.2815083866589703e-05,0.0007143092225305736
406.0,2.257743472000584e-05,0.0007148505537770689
407.0,2.2342255761031993e-05,0.0007136614294722676
408.0,2.2109523342805915e-05,0.0007135679479688406
409.0,2.1879215637454763e-05,0.0007131101447157562
410.0,2.1651308998116292e-05,0.0007129591540433466
411.0,2.1425774320960045e-05,0.0007131274905987084
412.0,2.120258977811318e-05,0.0007123850518837571
413.0,2.0981735360692255e-05,0.0007124104304239154
414.0,2.0763176507898606e-05,0.0007119482615962625
415.0,2.0546893210848793e-05,0.0007121994276531041
416.0,2.0332863641669974e-05,0.0007118008215911686
417.0,2.01210641534999e-05,0.000711796514224261
418.0,1.9911469280486926e-05,0.0007120991940610111
419.0,1.970405901374761e-05,0.0007117637433111668
420.0,1.9498815163387917e-05,0.0007121794624254107
421.0,1.929570316860918e-05,0.0007116897613741457
422.0,1.9094706658506766e-05,0.0007121316739358008
423.0,1.8895803805207834e-05,0.0007115787011571229
424.0,1.869897278083954e-05,0.0007119836518540978
425.0,1.8504191757529043e-05,0.0007117822533473372
426.0,1.8311440726392902e-05,0.0007120699156075716
427.0,1.8120701497537084e-05,0.0007115686894394457
428.0,1.793194496713113e-05,0.0007120599038898945
429.0,1.774515476427041e-05,0.0007114505278877914
430.0,1.756030906108208e-05,0.0007121757953427732
431.0,1.7377389667672105e-05,0.0007115733460523188
432.0,1.7196376575157046e-05,0.0007119587389752269
433.0,1.701724795566406e-05,0.0007114000618457794
434.0,1.683998925727792e-05,0.0007118842331692576
435.0,1.6664573195157573e-05,0.0007115413318388164
436.0,1.6490983398398384e-05,0.0007119204383343458
437.0,1.6319205315085128e-05,0.0007113423198461533
438.0,1.6149213479366153e-05,0.0007116827764548361
439.0,1.598099152033683e-05,0.0007111926097422838
440.0,1.5814523067092523e-05,0.0007119838264770806
441.0,1.5649793567718007e-05,0.0007113223546184599
442.0,1.5486775737372227e-05,0.0007113582105375826
443.0,1.532545684312936e-05,0.0007110947626642883
444.0,1.5165815966611262e-05,0.0007111477316357195
445.0,1.5007838555902708e-05,0.0007110381266102195
446.0,1.4851508240099065e-05,0.000711302098352462
447.0,1.4696805010316893e-05,0.0007108484278433025
448.0,1.4543717952619772e-05,0.0007109064026735723
449.0,1.439222069166135e-05,0.0007104797987267375
450.0,1.4242302313505206e-05,0.0007105763652361929
451.0,1.4093944628257304e-05,0.0007103903335519135
452.0,1.3947133993497118e-05,0.0007101824157871306
453.0,1.380185130983591e-05,0.0007101350929588079
454.0,1.3658082934853155e-05,0.0007098718197084963
455.0,1.3515815226128325e-05,0.0007098675705492496
456.0,1.3375025446293876e-05,0.00070967833744362
457.0,1.3235702681413386e-05,0.0007094985339790583
458.0,1.3097831470076926e-05,0.0007095327018760145
459.0,1.2961396350874566e-05,0.0007092287996783853
460.0,1.2826381862396374e-05,0.0007092083105817437
461.0,1.2692773452727124e-05,0.0007091108127497137
462.0,1.2560561117425095e-05,0.0007088579586707056
463.0,1.2429722119122744e-05,0.0007088255370035768
464.0,1.230024645337835e-05,0.0007085485267452896
465.0,1.2172118658781983e-05,0.0007086260593496263
466.0,1.204532691190252e-05,0.000708362553268671
467.0,1.1919854841835331e-05,0.0007082530064508319
468.0,1.179568971565459e-05,0.000708088802639395
469.0,1.1672821528918575e-05,0.0007079078932292759
470.0,1.1551230272743851e-05,0.0007079412462189794
471.0,1.1430905033193994e-05,0.0007078125490806997
472.0,1.131183307734318e-05,0.0007076329202391207
473.0,1.1194001672265586e-05,0.000707519066054374
474.0,1.1077398085035384e-05,0.0007073388551361859
475.0,1.0962008673232049e-05,0.0007073630695231259
476.0,1.0847824341908563e-05,0.000707165221683681
477.0,1.073482690117089e-05,0.0007070043357089162
478.0,1.0623005437082611e-05,0.0007068850682117045
479.0,1.0512349035707302e-05,0.0007067162077873945
480.0,1.0402845873613842e-05,0.0007067394908517599
481.0,1.0294483217876405e-05,0.0007065626559779048
482.0,1.0187249245063867e-05,0.0007063871598802507
483.0,1.0081135769723915e-05,0.0007062699878588319
484.0,9.976123692467809e-06,0.0007060951902531087
485.0,9.872206646832637e-06,0.0007061261567287147
486.0,9.769370990397874e-06,0.0007059807539917529
487.0,9.6676067187218e-06,0.000705799728166312
488.0,9.566902917867992e-06,0.0007056748145259917
489.0,9.467247764405329e-06,0.000705506419762969
490.0,9.368633982376195e-06,0.000705538725014776
491.0,9.271044291381259e-06,0.0007053985027596354
492.0,9.174470505968202e-06,0.0007052337168715894
493.0,9.078903531190008e-06,0.0007051033317111433
494.0,8.984331543615554e-06,0.0007049572304822505
495.0,8.890745448297821e-06,0.0007049865671433508
496.0,8.798133421805687e-06,0.0007048633997328579
497.0,8.70648909767624e-06,0.0007046951213851571
498.0,8.615797014499549e-06,0.0007045756792649627
499.0,8.526048986823298e-06,0.0007044255034998059
500.0,8.437236829195172e-06,0.0007044666563160717
501.0,8.349347808689345e-06,0.0007043518708087504
502.0,8.262376468337607e-06,0.0007041943608783185
503.0,8.176310075214133e-06,0.000704075675457716
504.0,8.09114226285601e-06,0.0007039424381218851
505.0,8.006860298337415e-06,0.0007039649644866586
506.0,7.923455086711328e-06,0.0007038688636384904
507.0,7.840919352020137e-06,0.0007037131581455469
508.0,7.759243999316823e-06,0.000703606172464788
509.0,7.678418114664964e-06,0.0007034606533125043
510.0,7.5984353316016495e-06,0.0007034888840280473
511.0,7.519287464674562e-06,0.000703394936863333
512.0,7.4409585977264214e-06,0.0007032561115920544
513.0,7.3634514592413325e-06,0.0007031336426734924
514.0,7.286746495083207e-06,0.0007030026754364371
515.0,7.2108450694940984e-06,0.0007030374254100025
516.0,7.135734904295532e-06,0.0007029527332633734
517.0,7.061401902319631e-06,0.0007028182153590024
518.0,6.987848337303149e-06,0.0007026970270089805
519.0,6.915056474099401e-06,0.000702572928275913
520.0,6.84302676745574e-06,0.0007026074454188347
521.0,6.771743301214883e-06,0.0007025182712823153
522.0,6.701206075376831e-06,0.0007023892248980701
523.0,6.631404630752513e-06,0.0007022712961770594
524.0,6.562325779668754e-06,0.0007021494675427675
525.0,6.493969976872904e-06,0.0007021842175163329
526.0,6.426322670449736e-06,0.0007021041237749159
527.0,6.359383860399248e-06,0.0007019793265499175
528.0,6.2931380853115115e-06,0.0007018613396212459
529.0,6.2275871641759295e-06,0.0007017393363639712
530.0,6.162718364066677e-06,0.0007017753669060767
531.0,6.098521225794684e-06,0.0007016946328803897
532.0,6.034997113602003e-06,0.0007015705341473222
533.0,5.972131020826055e-06,0.0007014528382569551
534.0,5.90992340221419e-06,0.0007013320573605597
535.0,5.8483597058511805e-06,0.000701366865541786
536.0,5.787441295979079e-06,0.0007012912537902594
537.0,5.727157713408815e-06,0.0007011732668615878
538.0,5.667498044203967e-06,0.0007010541739873588
539.0,5.608463197859237e-06,0.0007009374094195664
540.0,5.550039986701449e-06,0.0007009703549556434
541.0,5.492229320225306e-06,0.0007008994580246508
542.0,5.435016646515578e-06,0.0007007881649769843
543.0,5.3784037845616695e-06,0.0007006743107922375
544.0,5.322380729921861e-06,0.0007005606312304735
545.0,5.266937478154432e-06,0.0007005981751717627
546.0,5.212075393501436e-06,0.0007005353108979762
547.0,5.157781288289698e-06,0.0007004273938946426
548.0,5.104056072013918e-06,0.0007003195933066308
549.0,5.050887466495624e-06,0.000700209173373878
550.0,4.998275926482165e-06,0.0007002532365731895
551.0,4.946211902279174e-06,0.000700195727404207
552.0,4.894687663181685e-06,0.0007000993937253952
553.0,4.843703209189698e-06,0.0006999957840889692
554.0,4.79324626212474e-06,0.0006998947355896235
555.0,4.743318186228862e-06,0.0006999471224844456
556.0,4.693907158070942e-06,0.0006998984608799219
557.0,4.6450136323983315e-06,0.0006998091703280807
558.0,4.596629878506064e-06,0.0006997152231633663
559.0,4.548746801447123e-06,0.0006996199954301119
560.0,4.501365765463561e-06,0.0006996840238571167
561.0,4.454474947124254e-06,0.0006996435113251209
562.0,4.408075710671255e-06,0.000699565396644175
563.0,4.362157142168144e-06,0.0006994747673161328
564.0,4.316719241614919e-06,0.0006993855349719524
565.0,4.271755187801318e-06,0.000699466560035944
566.0,4.227256340527674e-06,0.0006994332070462406
567.0,4.183223609288689e-06,0.0006993620190769434
568.0,4.1396469896426424e-06,0.0006992809940129519
569.0,4.096527391084237e-06,0.0006991948466747999
570.0,4.053853899677051e-06,0.0006992990965954959
571.0,4.011627879663138e-06,0.0006992700509727001
572.0,3.9698411455901805e-06,0.000699203519616276
573.0,3.928487330995267e-06,0.000699124182574451
574.0,3.887566890625749e-06,0.0006990432157181203
575.0,3.847070729534607e-06,0.0006991802365519106
576.0,3.8069981656008167e-06,0.0006991554982960224
577.0,3.7673407859983854e-06,0.0006990907131694257
578.0,3.7280990454746643e-06,0.0006990162073634565
579.0,3.6892656680720393e-06,0.0006989340181462467
580.0,3.6508347420749487e-06,0.0006990605616010725
581.0,3.612806494857068e-06,0.0006990387919358909
582.0,3.5751720588450553e-06,0.0006989777903072536
583.0,3.537931888786261e-06,0.0006989049725234509
584.0,3.501077571854694e-06,0.0006988272652961314
585.0,3.4646088806766784e-06,0.0006989170797169209
586.0,3.4285205856576795e-06,0.0006988977547734976
587.0,3.392805865587434e-06,0.000698840303812176
588.0,3.3574651752132922e-06,0.0006987706292420626
589.0,3.3224905564566143e-06,0.0006986957159824669
590.0,3.287882464064751e-06,0.0006987735978327692
591.0,3.253632712585386e-06,0.0006987592205405235
592.0,3.219741529392195e-06,0.0006987075903452933
593.0,3.186203912264318e-06,0.0006986413500271738
594.0,3.1530130399914924e-06,0.0006985680083744228
595.0,3.12017027681577e-06,0.0006986444932408631
596.0,3.087667664658511e-06,0.0006986338994465768
597.0,3.0555054308933904e-06,0.0006985855870880187
598.0,3.023676299562794e-06,0.000698523479513824
599.0,2.9921809527877485e-06,0.0006984504871070385
600.0,2.9610132514790166e-06,0.0006985244108363986
601.0,2.930168420789414e-06,0.0006985188229009509
602.0,2.899646915466292e-06,0.000698475050739944
603.0,2.8694414595520357e-06,0.000698417890816927
604.0,2.839552280420321e-06,0.0006983480998314917
605.0,2.80997278423456e-06,0.0006984220235608518
606.0,2.7807031983684283e-06,0.000698420568369329
607.0,2.751738520601066e-06,0.0006983807543292642
608.0,2.723073748711613e-06,0.0006983222556300461
609.0,2.6947093374474207e-06,0.0006982570048421621
610.0,2.6666384655982256e-06,0.0006983307539485395
611.0,2.6388620426587295e-06,0.0006983311614021659
612.0,2.611373247418669e-06,0.0006982943741604686
613.0,2.5841720798780443e-06,0.0006982405320741236
614.0,2.5572546746843727e-06,0.0006981751648709178
615.0,2.5306155748694437e-06,0.0006982474005781114
616.0,2.5042561446753098e-06,0.0006982517661526799
617.0,2.4781693355180323e-06,0.0006982181221246719
618.0,2.4523558295186376e-06,0.0006981660844758153
619.0,2.426809714961564e-06,0.0006981029291637242
620.0,2.4015312192204874e-06,0.0006981748738326132
621.0,2.3765162495692493e-06,0.0006981807528063655
622.0,2.3517600311606657e-06,0.0006981488550081849
623.0,2.3272632461157627e-06,0.000698098330758512
624.0,2.3030202100926545e-06,0.0006980376783758402
625.0,2.2790311504650163e-06,0.0006981086917221546
626.0,2.2552906102646375e-06,0.0006981161423027515
627.0,2.2317988168651937e-06,0.0006980845355428755
628.0,2.2085516775405267e-06,0.0006980345351621509
629.0,2.185545326938154e-06,0.0006979762692935765
630.0,2.1627799924317515e-06,0.0006980448379181325
631.0,2.1402504444267834e-06,0.000698053278028965
632.0,2.11795668292325e-06,0.0006980228936299682
633.0,2.095894160447642e-06,0.0006979753961786628
634.0,2.074062649626285e-06,0.0006979190511628985
635.0,2.0524585124803707e-06,0.0006979862810112536
636.0,2.0310781110310927e-06,0.0006979932659305632
637.0,2.0099216726521263e-06,0.0006979641038924456
638.0,1.988984422496287e-06,0.0006979196332395077
639.0,1.9682665879372507e-06,0.0006978633464314044
640.0,1.9477631667541573e-06,0.0006979306926950812
641.0,1.9274746136943577e-06,0.00069793889997527
642.0,1.907397290779045e-06,0.0006979097961448133
643.0,1.8875281284636003e-06,0.0006978638120926917
644.0,1.8678670130611863e-06,0.0006978093879297376
645.0,1.8484095107851317e-06,0.0006978729506954551
646.0,1.8291557353222743e-06,0.000697882438544184
647.0,1.8101014802596183e-06,0.0006978536257520318
648.0,1.7912469729708391e-06,0.0006978091550990939
649.0,1.7725886891639675e-06,0.0006977551383897662
650.0,1.7541236729812226e-06,0.0006978189339861274
651.0,1.7358522654831177e-06,0.0006978267920203507
652.0,1.7177699191961437e-06,0.0006977997836656868
653.0,1.699876975180814e-06,0.0006977540324442089
654.0,1.6821693407109706e-06,0.0006977011798880994
655.0,1.6646474705339642e-06,0.0006977639277465641
656.0,1.6473079540446633e-06,0.0006977733573876321
657.0,1.630147949072125e-06,0.0006977453012950718
658.0,1.6131679103636998e-06,0.000697700132150203
659.0,1.5963634041327168e-06,0.0006976482109166682
660.0,1.57973522618704e-06,0.0006977078155614436
661.0,1.563279170113674e-06,0.0006977173616178334
662.0,1.5469955769731314e-06,0.0006976901786401868
663.0,1.5308814909076318e-06,0.0006976451259106398
664.0,1.5149344108067453e-06,0.0006975948926992714
665.0,1.4991543366704718e-06,0.0006976551376283169
666.0,1.4835376305200043e-06,0.0006976652075536549
667.0,1.468084633415856e-06,0.0006976379663683474
668.0,1.4527917073792196e-06,0.0006975941359996796
669.0,1.4376588524100953e-06,0.0006975430878810585
670.0,1.4226839084585663e-06,0.0006976029253564775
671.0,1.4078638059800141e-06,0.0006976128206588328
672.0,1.3931989997217897e-06,0.000697587092872709
673.0,1.3786860790787614e-06,0.0006975452997721732
674.0,1.3643251577377669e-06,0.0006974971620365977
675.0,1.35011305246735e-06,0.0006975560681894422
676.0,1.3360498769543483e-06,0.000697564915753901
677.0,1.3221331300883321e-06,0.0006975383730605245
678.0,1.308360538132547e-06,0.0006974986754357815
679.0,1.2947322147738305e-06,0.0006974511197768152
680.0,1.2812450904675643e-06,0.0006975094438530505
681.0,1.2678991652137483e-06,0.0006975184660404921
682.0,1.2546915968414396e-06,0.0006974941352382302
683.0,1.2416222716638003e-06,0.0006974544958211482
684.0,1.2286890296309139e-06,0.0006974071147851646
685.0,1.2158898243797012e-06,0.0006974628195166588
686.0,1.203224769597e-06,0.0006974717252887785
687.0,1.1906907957381918e-06,0.0006974465795792639
688.0,1.1782881301769521e-06,0.0006974086863920093
689.0,1.1660139307423378e-06,0.0006973617128096521
690.0,1.1538684248080244e-06,0.0006974180578254163
691.0,1.1418493386372575e-06,0.0006974280695430934
692.0,1.1299547395537957e-06,0.0006974037387408316
693.0,1.1181847412444768e-06,0.0006973668350838125
694.0,1.1065367289120331e-06,0.000697320094332099
695.0,1.095010588869627e-06,0.0006973742274567485
696.0,1.0836039336936665e-06,0.0006973840645514429
697.0,1.0723167633841513e-06,0.0006973589188419282
698.0,1.0611471452648402e-06,0.0006973234703764319
699.0,1.050093146659492e-06,0.0006972785922698677
700.0,1.0391549949417822e-06,0.000697331503033638
701.0,1.0283303026881185e-06,0.0006973406998440623
702.0,1.0176187288379879e-06,0.0006973160780034959
703.0,1.0070182270283112e-06,0.0006972796400077641
704.0,9.965287972590886e-07,0.0006972363335080445
705.0,9.861487342277542e-07,0.0006972898845560849
706.0,9.75875991571229e-07,0.0006972979172132909
707.0,9.657110240368638e-07,0.0006972739356569946
708.0,9.556512168273912e-07,0.0006972365081310272
709.0,9.456968541599053e-07,0.0006971907569095492
710.0,9.358454917673953e-07,0.0006972423871047795
711.0,9.260974138669553e-07,0.000697253446560353
712.0,9.164509151560196e-07,0.0006972277187742293
713.0,9.069042903320224e-07,0.0006971898837946355
714.0,8.974577099252201e-07,0.0006971447146497667
715.0,8.881088433554396e-07,0.0006971963448449969
716.0,8.78858031683194e-07,0.0006972049595788121
717.0,8.697030011717288e-07,0.0006971802213229239
718.0,8.606438655078819e-07,0.0006971434340812266
719.0,8.516790899193438e-07,0.000697097391821444
720.0,8.428072533206432e-07,0.0006971467519178987
721.0,8.340282420249423e-07,0.0006971561233513057
722.0,8.253402370428375e-07,0.0006971320835873485
723.0,8.167431815309101e-07,0.0006970961112529039
724.0,8.082352564997564e-07,0.0006970539689064026
725.0,7.998163482625387e-07,0.0006971042603254318
726.0,7.914852631074609e-07,0.0006971142720431089
727.0,7.832403525753762e-07,0.0006970907561480999
728.0,7.750819008833787e-07,0.0006970549002289772
729.0,7.670079185118084e-07,0.0006970135145820677
730.0,7.590184623040841e-07,0.000697059731464833
731.0,7.511117701142211e-07,0.0006970702670514584
732.0,7.432879556290573e-07,0.0006970473914407194
733.0,7.355456546065398e-07,0.0006970103713683784
734.0,7.27883502804616e-07,0.0006969692767597735
735.0,7.203016139101237e-07,0.0006970144459046423
736.0,7.127982257770782e-07,0.0006970244576223195
737.0,7.05373508935736e-07,0.0006970030954107642
738.0,6.980257012401125e-07,0.0006969677051529288
739.0,6.907548026902077e-07,0.0006969294627197087
740.0,6.835596764176444e-07,0.0006969742244109511
741.0,6.764390718672075e-07,0.0006969841779209673
742.0,6.693930458823161e-07,0.0006969621172174811
743.0,6.62419950003823e-07,0.0006969269015826285
744.0,6.555200116054039e-07,0.0006968911038711667
745.0,6.486914685410738e-07,0.0006969333626329899
746.0,6.419344913410896e-07,0.0006969437235966325
747.0,6.35247886293655e-07,0.0006969227688387036
748.0,6.286305165303929e-07,0.0006968889501877129
749.0,6.22082495738141e-07,0.0006968543748371303
750.0,6.1560228914459e-07,0.0006968944217078388
751.0,6.091900104365777e-07,0.0006969047244638205
752.0,6.02844067998376e-07,0.00069688685471192
753.0,5.965646892036602e-07,0.0006968536763451993
754.0,5.903506234972156e-07,0.0006968193920329213
755.0,5.842009613843402e-07,0.0006968589150346816
756.0,5.78115759708453e-07,0.000696869392413646
757.0,5.720935405406635e-07,0.0006968507077544928
758.0,5.661344175678096e-07,0.000696820963639766
759.0,5.602370265478385e-07,0.0006967909866943955
760.0,5.544013674807502e-07,0.0006968287052586675
761.0,5.486265877152618e-07,0.0006968390080146492
762.0,5.429115503829962e-07,0.0006968202069401741
763.0,5.372564260142099e-07,0.0006967888912186027
764.0,5.316598503668502e-07,0.000696759030688554
765.0,5.261218802843359e-07,0.0006967934896238148
766.0,5.206412652114523e-07,0.0006968031520955265
767.0,5.152181188350369e-07,0.0006967864464968443
768.0,5.098514179735503e-07,0.0006967567605897784
769.0,5.045403668191284e-07,0.000696727423928678
770.0,4.992848516849335e-07,0.0006967614754103124
771.0,4.940838493894262e-07,0.0006967722438275814
772.0,4.889373030891875e-07,0.0006967575172893703
773.0,4.838440190724214e-07,0.0006967277149669826
774.0,4.788041678693844e-07,0.0006967002991586924
775.0,4.7381678314195597e-07,0.0006967313820496202
776.0,4.68881069082272e-07,0.0006967418012209237
777.0,4.639970256903325e-07,0.000696726783644408
778.0,4.59163629784598e-07,0.0006966995424591005
779.0,4.5438082452164963e-07,0.0006966725341044366
780.0,4.4964755829823844e-07,0.0006967040244489908
781.0,4.4496385953607387e-07,0.0006967142689973116
782.0,4.403289324272919e-07,0.0006966995424591005
783.0,4.357420664291567e-07,0.0006966749206185341
784.0,4.312032331199589e-07,0.0006966489017941058
785.0,4.2671138089644955e-07,0.0006966780056245625
786.0,4.222666518671758e-07,0.0006966887740418315
787.0,4.1786788074205106e-07,0.0006966762011870742
788.0,4.1351526647304127e-07,0.0006966512883082032
789.0,4.0920770061347866e-07,0.0006966261425986886
790.0,4.049452400067821e-07,0.0006966551300138235
791.0,4.007272025319253e-07,0.0006966639193706214
792.0,3.96552849224463e-07,0.0006966517539694905
793.0,3.924222369278141e-07,0.0006966273067519069
794.0,3.883343708821485e-07,0.0006966019282117486
795.0,3.8428933635259455e-07,0.0006966303917579353
796.0,3.8028622384445043e-07,0.0006966412183828652
797.0,3.7632503335771617e-07,0.0006966299843043089
798.0,3.724050827713654e-07,0.0006966073997318745
799.0,3.6852577522950014e-07,0.0006965849897824228
800.0,3.646870823104109e-07,0.000696612405590713
801.0,3.608881513628148e-07,0.0006966236978769302
802.0,3.571290108084213e-07,0.0006966127548366785
803.0,3.5340883641765686e-07,0.0006965915090404451
804.0,3.4972759976881207e-07,0.0006965702632442117
805.0,3.460847040059889e-07,0.000696596980560571
806.0,3.424795522732893e-07,0.000696607690770179
807.0,3.389121729924227e-07,0.0006965980282984674
808.0,3.3538174193381565e-07,0.0006965763750486076
809.0,3.3188828751917754e-07,0.000696555245667696
810.0,3.2843101394064433e-07,0.0006965813809074461
811.0,3.250099780416349e-07,0.000696592207532376
812.0,3.216245829662512e-07,0.0006965836510062218
813.0,3.1827423185859516e-07,0.0006965628126636147
814.0,3.1495895314037625e-07,0.0006965433130972087
815.0,3.1167806469056814e-07,0.0006965682259760797
816.0,3.0843150966575195e-07,0.0006965777138248086
817.0,3.0521860594490136e-07,0.0006965695065446198
818.0,3.0203932510630693e-07,0.0006965491338633001
819.0,2.9889318398090836e-07,0.0006965287029743195
820.0,2.9577961413451703e-07,0.0006965532666072249
821.0,2.9269870083226124e-07,0.0006965644424781203
822.0,2.8964967668798636e-07,0.0006965567590668797
823.0,2.8663259854511125e-07,0.0006965380162000656
824.0,2.8364672743919073e-07,0.0006965204956941307
825.0,2.806921770570625e-07,0.0006965440115891397
826.0,2.777684073862474e-07,0.0006965553038753569
827.0,2.748749068359757e-07,0.0006965490174479783
828.0,2.720117038279568e-07,0.0006965305074118078
829.0,2.6917817308458325e-07,0.0006965122884139419
830.0,2.6637431460585503e-07,0.0006965344655327499
831.0,2.635995031141647e-07,0.0006965454085730016
832.0,2.6085376703122165e-07,0.0006965399952605367
833.0,2.581366231879656e-07,0.0006965225329622626
834.0,2.554476452587551e-07,0.0006965062348172069
835.0,2.5278680482188065e-07,0.000696527655236423
836.0,2.501535334431537e-07,0.0006965390057303011
837.0,2.475478595442837e-07,0.0006965320208109915
838.0,2.4496915784766315e-07,0.000696515548042953
839.0,2.424174567750015e-07,0.000696498726028949
840.0,2.3989235842236667e-07,0.0006965207285247743
841.0,2.3739342225326254e-07,0.0006965305074118078
842.0,2.349206482676891e-07,0.00069652427919209
843.0,2.3247349645316717e-07,0.0006965085631236434
844.0,2.3005198102055147e-07,0.0006964910426177084
845.0,2.2765551932479866e-07,0.0006965124630369246
846.0,2.2528418242018233e-07,0.0006965230568312109
847.0,2.2293757240277046e-07,0.0006965170614421368
848.0,2.2061522031435743e-07,0.000696502742357552
849.0,2.1831722563092626e-07,0.0006964880158193409
850.0,2.1604301991828834e-07,0.0006965090287849307
851.0,2.137926458090078e-07,0.000696518283803016
852.0,2.115655775014602e-07,0.0006965139182284474
853.0,2.0936182920650026e-07,0.0006964982021600008
854.0,2.071810740744695e-07,0.0006964834756217897
855.0,2.0502285735801706e-07,0.0006965026841498911
856.0,2.0288727853312594e-07,0.00069651217199862
857.0,2.0077379758731695e-07,0.000696507457178086
858.0,1.9868247136400896e-07,0.0006964934873394668
859.0,1.9661280248328694e-07,0.0006964777130633593
860.0,1.9456483357771504e-07,0.0006964971544221044
861.0,1.9253818095421593e-07,0.0006965067586861551
862.0,1.9053251776313118e-07,0.0006965016364119947
863.0,1.885478582153155e-07,0.0006964875501580536
864.0,1.8658377598512743e-07,0.0006964727072045207
865.0,1.8464024265085754e-07,0.0006964922067709267
866.0,1.8271686030857381e-07,0.0006965018110349774
867.0,1.8081361474742152e-07,0.0006964975618757308
868.0,1.7893020753945166e-07,0.0006964846979826689
869.0,1.7706628341329633e-07,0.0006964709609746933
870.0,1.7522191342322913e-07,0.0006964902277104557
871.0,1.7339662861104443e-07,0.0006965001812204719
872.0,1.715904716093064e-07,0.0006964958156459033
873.0,1.6980301609237358e-07,0.0006964834174141288
874.0,1.680343046928101e-07,0.0006964687490835786
875.0,1.6628399635010283e-07,0.0006964871427044272
876.0,1.6455182105801214e-07,0.000696495408192277
877.0,1.6283779302739276e-07,0.0006964909844100475
878.0,1.6114151435431268e-07,0.0006964786443859339
879.0,1.5946302767133602e-07,0.0006964632775634527
880.0,1.5780189244196663e-07,0.0006964815547689795
881.0,1.5615817972047807e-07,0.0006964894128032029
882.0,1.5453159107892134e-07,0.0006964867934584618
883.0,1.5292184230020212e-07,0.0006964752683416009
884.0,1.5132896180602984e-07,0.0006964606582187116
885.0,1.497525659033272e-07,0.0006964775384403765
886.0,1.4819269722465833e-07,0.0006964855710975826
887.0,1.4664897207694594e-07,0.0006964821950532496
888.0,1.4512143309275416e-07,0.0006964702624827623
889.0,1.436097960549887e-07,0.0006964568165130913
890.0,1.4211381937911938e-07,0.0006964744534343481
891.0,1.4063350306514621e-07,0.0006964828935451806
892.0,1.3916854868512019e-07,0.0006964782369323075
893.0,1.3771891360647714e-07,0.0006964667118154466
894.0,1.3628429940126807e-07,0.0006964549538679421
895.0,1.3486472028034768e-07,0.0006964707863517106
896.0,1.334599204483311e-07,0.0006964788190089166
897.0,1.320696725315429e-07,0.0006964740459807217
898.0,1.3069399074083776e-07,0.0006964629865251482
899.0,1.2933256243741198e-07,0.0006964507047086954
900.0,1.2798538762126555e-07,0.0006964674103073776
901.0,1.2665216786444944e-07,0.0006964749773032963
902.0,1.2533291737781838e-07,0.0006964720669202507
903.0,1.2402740878769691e-07,0.0006964622880332172
904.0,1.227354147204096e-07,0.0006964500644244254
905.0,1.214569635976659e-07,0.0006964668864384294
906.0,1.2019175699151674e-07,0.0006964750355109572
907.0,1.1893979490196216e-07,0.0006964709609746933
908.0,1.1770080732276256e-07,0.0006964610074646771
909.0,1.1647479425391793e-07,0.0006964492495171726
910.0,1.1526155674346228e-07,0.0006964660133235157
911.0,1.1406088162857486e-07,0.0006964734639041126
912.0,1.128727831201104e-07,0.0006964707281440496
913.0,1.1169699831725666e-07,0.0006964614731259644
914.0,1.1053352722001364e-07,0.0006964511703699827
915.0,1.093820927167144e-07,0.0006964672356843948
916.0,1.0824273743992308e-07,0.0006964747444726527
917.0,1.0711524112139159e-07,0.0006964707281440496
918.0,1.0599943323086336e-07,0.0006964611820876598
919.0,1.0489529955748367e-07,0.0006964508211240172
920.0,1.0380261272757707e-07,0.0006964680505916476
921.0,1.0272137274114357e-07,0.0006964748026803136
922.0,1.0165131669737093e-07,0.0006964714848436415
923.0,1.005924872288233e-07,0.0006964625208638608
924.0,9.954469248896203e-08,0.000696454313583672
925.0,9.85077335258211e-08,0.0006964712520129979
926.0,9.748164586653729e-08,0.0006964796921238303
927.0,9.64661808211531e-08,0.0006964766653254628
928.0,9.54613597059506e-08,0.0006964685162529349
929.0,9.446694093639962e-08,0.000696459028404206
930.0,9.348293872335489e-08,0.0006964763160794973
931.0,9.250919674741453e-08,0.0006964847561903298
932.0,9.15455231620399e-08,0.0006964830681681633
933.0,9.059196059979513e-08,0.0006964749773032963
934.0,8.964826037072271e-08,0.0006964666536077857
935.0,8.871446510738679e-08,0.0006964831845834851
936.0,8.779032611982984e-08,0.0006964910426177084
937.0,8.687587182976131e-08,0.0006964887143112719
938.0,8.597093881235196e-08,0.0006964824860915542
939.0,8.5075392064482e-08,0.000696474511642009
940.0,8.418921026986936e-08,0.0006964922067709267
941.0,8.33122157928301e-08,0.0006965004722587764
942.0,8.244440863336422e-08,0.0006964999483898282
943.0,8.15855898395057e-08,0.0006964927306398749
944.0,8.07357665166819e-08,0.000696485280059278
945.0,7.989479655634568e-08,0.0006965020438656211
946.0,7.906253074452252e-08,0.000696508795954287
947.0,7.823899039749449e-08,0.0006965069333091378
948.0,7.742398366872294e-08,0.0006964999483898282
949.0,7.661751055820787e-08,0.0006964931963011622
950.0,7.581938632483798e-08,0.0006965090287849307
951.0,7.502962517946798e-08,0.0006965167704038322
952.0,7.424809211897809e-08,0.0006965156644582748
953.0,7.347465214024851e-08,0.0006965106585994363
954.0,7.270931945413395e-08,0.000696502800565213
955.0,7.195190221409575e-08,0.0006965197972021997
956.0,7.120242884184336e-08,0.0006965271895751357
957.0,7.046071459626546e-08,0.0006965249194763601
958.0,6.972677368821678e-08,0.000696518225595355
959.0,6.900047822000488e-08,0.00069651153171435
960.0,6.828170029393732e-08,0.0006965267821215093
961.0,6.757046122629617e-08,0.000696534407325089
962.0,6.68665833813975e-08,0.0006965323118492961
963.0,6.617007386466867e-08,0.0006965275388211012
964.0,6.548078346213515e-08,0.0006965205539017916
965.0,6.479871217379696e-08,0.0006965359789319336
966.0,6.412374631281637e-08,0.0006965430220589042
967.0,6.345577219235565e-08,0.0006965409847907722
968.0,6.279479691784218e-08,0.0006965349311940372
969.0,6.214066416987407e-08,0.0006965280044823885
970.0,6.149338815930605e-08,0.0006965412758290768
971.0,6.085281256673625e-08,0.0006965484353713691
972.0,6.021895160301938e-08,0.0006965462234802544
973.0,5.959168802860404e-08,0.0006965404027141631
974.0,5.897092592022091e-08,0.0006965326610952616
975.0,5.835666527786998e-08,0.0006965460488572717
976.0,5.7748763993004104e-08,0.0006965529755689204
977.0,5.714723272376432e-08,0.0006965500069782138
978.0,5.655193646703083e-08,0.0006965440115891397
979.0,5.596287522280363e-08,0.0006965370266698301
980.0,5.5379945962386046e-08,0.0006965490174479783
981.0,5.480305276250874e-08,0.000696555245667696
982.0,5.4232209834026435e-08,0.0006965520442463458
983.0,5.3667267962964615e-08,0.0006965463981032372
984.0,5.3108255571032714e-08,0.0006965387728996575
985.0,5.25550269969699e-08,0.0006965509965084493
986.0,5.200760000434457e-08,0.0006965566426515579
987.0,5.146587156446003e-08,0.0006965529755689204
988.0,5.092974930676064e-08,0.0006965477368794382
989.0,5.039925099481479e-08,0.0006965399370528758
990.0,4.987424517821637e-08,0.0006965526845306158
991.0,4.935473896239273e-08,0.0006965592037886381
992.0,4.8840608002365116e-08,0.0006965567590668797
993.0,4.833187006170192e-08,0.0006965504144318402
994.0,4.7828429217133817e-08,0.0006965433130972087
995.0,4.733020375624619e-08,0.0006965543143451214
996.0,4.6837193679039046e-08,0.000696559261996299
997.0,4.6349295956815695e-08,0.0006965561769902706
998.0,4.586650348414878e-08,0.0006965509965084493
999.0,4.5388713232341615e-08,0.0006965441862121224
